Datetime,btc,eth,ada,usdt,bnb,xrp,sol,doge,usdc,dot,luna,AVAX,busd,uni,link,algo,ltc,bch,wbtc,atom,shib,icp,matic,axs,fil,xlm,vet,etc,xtz,ftt,trx,theta,dai,ceth,egld,xmr,steth,okb,cro,eos,cake,xec,hbar,qnt,aave,bcha,grt,near,ftm,klay,miota,neo,ksm,cusdc,leo,bsv,waves,ust,cdai,amp,cel,ar,btt,rune,mkr,hnt,omg,ohm,sushi,hbtc,celo,comp,one,dash,snx,deso,dcr,hot,tfuel,xdc,chz,xem,icx,enj,omi,stx,zec,flow,tusd,qtum,ht,zil,iost,mina,dydx,crv,yfi,tel,srm,ren
2021-07-09,33016.118761,2125.721668,1.337578,1.001630,310.930415,0.621444,33.133622,0.216397,1.002320,15.414045,7.302049,12.268281,1.001774,20.712028,18.305624,0.882073,131.379021,489.652459,33019.302611,12.728774,0.000008,39.754324,1.039877,12.414212,54.271584,0.241304,0.076000,49.565558,2.681253,29.254220,0.061127,5.999256,1.003364,42.607621,89.759822,205.916919,2126.706281,9.958141,0.116337,3.586512,14.137067,0.000026,0.173712,75.689464,294.416027,26.806075,0.673325,2.082104,0.234340,0.967977,0.808554,33.928709,208.556976,0.022125,2.886440,137.993180,14.771310,1.002430,0.021572,0.054519,6.407253,10.859554,0.002487,6.187078,2648.785230,12.287565,4.044191,379.400758,8.053040,32779.340739,2.913523,408.758554,0.085457,126.390239,10.630247,103.702884,122.972687,0.005747,0.359996,0.089338,0.243266,0.121258,0.952220,1.195752,0.003368,1.064766,109.474829,12.915246,1.002838,6.413248,9.854908,0.074003,0.020751,1.268259,,1.747425,32959.461529,0.018294,3.160455,0.358531
2021-07-10,33882.454954,2127.528869,1.342441,1.002256,315.055414,0.628472,33.264049,0.217594,1.002247,15.436715,8.039405,12.369315,1.002074,20.696188,18.259884,0.890120,133.474121,496.195499,33859.818916,13.435238,0.000008,39.606838,1.044518,18.169087,54.988326,0.244419,0.077046,49.626225,2.762122,30.016765,0.062102,5.984619,1.002517,42.543347,89.837706,213.837167,2127.447139,9.876607,0.119085,4.056093,14.617091,0.000026,0.172373,79.112970,299.964517,27.271135,0.679367,2.090578,0.232133,0.972791,0.804838,34.458048,210.037234,0.022126,2.896336,138.380447,14.708765,1.003273,0.021571,0.055070,6.304439,10.764380,0.002553,6.165905,2686.133920,12.661055,4.112206,406.073475,8.221468,33801.627066,2.924723,437.012549,0.085297,127.080718,11.107138,100.568610,131.996035,0.005830,0.355381,0.094439,0.255999,0.122319,0.937764,1.305536,0.003254,1.231892,110.931831,17.238592,1.002552,6.606793,9.582573,0.073835,0.021123,1.274950,,1.741348,33177.228628,0.018192,3.137023,0.360673
2021-07-11,33819.421442,2125.198855,1.341295,1.002584,318.675341,0.628116,32.025403,0.210373,1.002852,15.444882,8.370462,12.224971,1.002846,20.378664,18.240863,0.902598,134.560741,495.929352,33815.201429,14.404664,0.000008,39.743034,1.036886,17.591984,54.572226,0.245379,0.076891,49.263133,2.808999,30.360892,0.061626,5.903529,1.003425,42.574206,89.627596,211.426410,2122.379886,9.764887,0.122802,3.964856,15.073538,0.000026,0.172299,79.884093,295.726448,26.906375,0.720191,2.183370,0.228970,0.965754,0.799698,34.080638,209.800408,0.022126,2.901186,138.750556,14.256504,1.003341,0.021575,0.054393,6.172022,10.977395,0.002521,6.179691,2678.197898,12.707387,4.172049,422.260916,8.080404,32578.287259,2.905780,434.851707,0.082744,127.836570,11.212688,100.222853,132.750380,0.005777,0.347696,0.092175,0.259588,0.122087,0.920008,1.344432,0.003313,1.365568,109.172620,18.622028,1.002860,6.618877,9.253141,0.073429,0.021001,1.224687,,1.754314,33580.505925,0.016522,3.157714,0.367804
2021-07-12,34158.689387,2137.115755,1.348042,1.001030,324.313999,0.639894,32.048901,0.213657,1.001403,15.472113,8.181922,12.411134,1.001937,20.659022,18.316990,0.886056,136.185573,498.657472,34219.919393,13.848387,0.000008,39.756454,1.039057,17.871380,55.007121,0.247775,0.077822,49.436324,2.884541,31.347189,0.062031,5.911856,1.001661,42.894883,89.041982,212.125255,2136.793547,10.264455,0.128176,4.229444,15.239701,0.000026,0.171755,78.445937,308.463249,26.888553,0.711259,2.173169,0.232380,0.979672,0.819445,34.227649,209.605277,0.022112,2.902617,139.746428,14.258208,1.002288,0.021577,0.053939,6.171679,11.215922,0.002525,6.266897,2665.425981,12.754003,4.180673,419.293574,8.103469,33631.212022,2.917169,433.100892,0.080853,131.008090,12.954637,100.838856,132.955305,0.005793,0.343838,0.091898,0.255441,0.122725,0.925949,1.338295,0.003614,1.274688,111.071528,17.881435,1.002572,6.736877,9.558145,0.074132,0.021281,1.242588,,1.757655,33765.904290,0.017743,3.250104,0.365794
2021-07-13,33118.517258,2023.143459,1.302442,1.002233,313.220496,0.631332,30.438844,0.202393,1.001989,14.691217,7.814959,12.224729,1.000875,19.386460,17.558910,0.870595,133.441719,479.586814,33121.217697,13.181652,0.000007,37.003539,0.983391,20.801924,52.268398,0.239716,0.074673,47.286742,2.839288,30.518153,0.060294,5.413295,1.003045,40.527089,87.403679,207.116819,2020.760336,10.744490,0.124250,4.031998,14.735437,0.000025,0.178887,74.247888,291.893356,26.218184,0.672487,2.056464,0.224440,0.942427,0.783629,33.405965,199.599444,0.022126,2.924402,138.131698,13.877767,1.003017,0.021579,0.050349,5.964174,10.522999,0.002461,5.978090,2598.875659,12.233925,4.036960,435.489788,7.486291,33060.850940,2.888229,410.439742,0.082187,125.866560,11.920641,105.102357,126.273538,0.005624,0.328891,0.087629,0.248072,0.120264,0.890839,1.292726,0.003310,1.195522,107.059561,17.385938,1.002697,6.404758,9.326020,0.071657,0.020650,1.172390,,1.661564,32867.032453,0.016798,3.152384,0.352641
2021-07-14,32559.765172,1946.873932,1.250439,1.003066,303.684459,0.611591,29.068063,0.195826,1.002930,13.774728,7.024633,11.725046,1.003080,17.928703,16.684885,0.854095,128.762144,464.143532,32592.032155,11.757200,0.000007,37.778573,0.922333,21.973115,49.899564,0.231136,0.072107,44.810154,2.677147,28.962118,0.059054,5.069895,1.003549,38.991779,83.982604,200.612822,1943.463255,10.821669,0.123657,3.786703,13.968582,0.000026,0.171140,71.667216,267.737951,28.077040,0.623777,1.953244,0.217982,0.928520,0.729086,32.547071,186.751289,0.022135,2.916213,132.915954,13.338744,1.003418,0.021596,0.049142,5.647364,10.064512,0.002364,5.638378,2495.240448,11.732723,3.815391,476.940526,7.054619,32576.713650,2.729267,387.452912,0.079645,121.499553,10.509046,109.675648,117.310726,0.005414,0.298678,0.085726,0.240477,0.114362,0.818777,1.215969,0.003117,1.210328,102.930765,17.154157,1.003024,6.091294,9.200643,0.068578,0.019822,1.143414,,1.572641,31576.499312,0.015418,2.974498,0.335308
2021-07-15,32512.844686,1962.175296,1.239460,1.003137,311.804058,0.611755,30.251137,0.193617,1.003352,13.480841,6.897507,11.731145,1.002994,17.626498,16.462155,0.847862,128.570281,456.491063,32506.658362,11.446505,0.000007,36.879934,0.904851,26.581306,48.855515,0.236282,0.071033,44.530180,2.618859,27.350983,0.059173,4.948912,1.003987,39.299166,81.434404,198.140035,1955.880145,10.997164,0.120114,3.735968,13.899634,0.000025,0.171809,75.032904,276.133408,26.247292,0.625861,1.948223,0.212952,0.926539,0.715163,31.969989,187.228406,0.022160,2.904892,129.811851,13.670699,1.003320,0.021616,0.049176,5.541722,9.877695,0.002332,5.631839,2511.126661,11.687536,3.809389,484.735203,7.063556,32292.413930,2.664031,415.291322,0.078062,120.464629,9.986230,114.742132,112.943555,0.005373,0.291082,0.085382,0.262831,0.118728,0.799832,1.341933,0.003050,1.283647,102.234096,18.471360,1.003301,6.043332,9.181307,0.068614,0.019720,1.145552,,1.563966,30945.170638,0.015412,2.937111,0.332464
2021-07-16,31885.102175,1912.182612,1.216957,1.001980,311.382054,0.601781,28.223809,0.182905,1.001623,12.749575,6.680910,11.393820,1.001290,16.887438,15.711464,0.802994,124.825045,448.818208,31871.461644,11.696501,0.000007,34.728789,0.853122,22.945562,46.962974,0.242230,0.068202,42.471406,2.565778,25.338847,0.057473,4.714991,1.002866,38.362227,78.110195,195.391309,1913.885179,10.957148,0.111715,3.681524,13.410598,0.000024,0.183394,72.069802,268.298123,24.814230,0.597074,1.908456,0.204598,0.917467,0.684999,30.958870,188.860646,0.022123,2.920847,127.049284,13.094439,1.002742,0.021582,0.045276,5.388393,9.060594,0.002254,4.835364,2494.956390,10.812187,3.763122,489.059242,6.634269,31892.123393,2.498977,391.534135,0.071347,119.012928,9.507770,100.837326,114.018867,0.005202,0.283140,0.081294,0.248556,0.142715,0.767953,1.249339,0.003005,1.171310,96.449618,17.779334,1.001413,5.837015,8.969831,0.065000,0.019055,1.108544,,1.486085,29364.876768,0.012738,2.782969,0.319772
2021-07-17,31606.656248,1888.732494,1.173732,1.002031,301.869071,0.585745,26.601381,0.177018,1.002010,12.162105,6.474861,10.940774,1.001633,16.354163,15.347202,0.790775,120.746977,438.787949,31596.684585,11.135479,0.000007,32.595028,0.802490,19.168327,45.809341,0.233708,0.064937,41.083402,2.429601,26.572507,0.055967,4.423858,1.002315,37.805358,74.317352,194.192551,1880.046011,10.916144,0.113103,3.661048,12.719540,0.000022,0.187621,70.220007,252.895362,23.477272,0.570145,1.902913,0.192606,0.886588,0.672549,29.728039,180.337168,0.022112,2.929723,123.233042,13.107427,1.002623,0.021563,0.041972,5.322224,8.591040,0.002197,4.270403,2423.582930,10.582722,3.661318,537.902249,7.105487,31619.943806,2.324750,376.648826,0.067030,116.682781,8.997546,100.367247,113.037492,0.005094,0.273545,0.077970,0.238609,0.159862,0.769145,1.191329,0.003014,1.022491,94.334509,15.530977,1.001205,5.565893,8.670824,0.062160,0.018393,1.053535,,1.428206,27644.175401,0.011973,2.686410,0.308342
2021-07-18,31812.194543,1957.806179,1.195848,1.001867,305.613411,0.590259,27.044678,0.187642,1.001938,12.634377,6.677639,11.001848,1.003041,16.650699,15.772886,0.796486,121.440419,444.694780,31803.925227,11.181251,0.000007,33.273103,0.828939,19.268949,46.835331,0.236184,0.067291,42.342097,2.451319,26.609719,0.056520,4.518940,1.002548,39.224571,76.916014,201.712208,1952.313047,10.948510,0.113978,3.699583,13.076571,0.000025,0.186226,71.082309,260.386771,26.248364,0.568942,1.933621,0.197288,0.916031,0.689086,30.063374,183.145861,0.022131,2.952119,124.816694,13.277669,1.002472,0.021591,0.043849,5.507533,9.056024,0.002256,4.375192,2489.206421,11.136664,3.765341,573.008157,7.507157,31800.411424,2.381773,388.468611,0.067258,119.383863,9.271686,100.117481,116.429247,0.005211,0.286211,0.081331,0.241522,0.147052,0.783516,1.199143,0.003127,1.059018,95.870010,15.196437,1.001814,5.711042,8.656562,0.063494,0.018719,1.117179,,1.467661,28443.016798,0.012867,2.903366,0.314650
2021-07-19,31490.313290,1879.632085,1.170438,1.001480,298.486071,0.578457,25.547960,0.179677,1.001599,12.278013,6.328714,10.503103,1.000702,16.195401,15.254868,0.788715,117.903529,436.016574,31451.932028,10.633472,0.000006,31.739597,0.783412,16.639284,46.358204,0.227184,0.065782,41.797655,2.394018,25.624977,0.055570,4.281000,1.002907,37.763208,73.994344,197.731654,1875.156841,10.666322,0.109687,3.605808,12.731186,0.000025,0.176797,69.460925,247.484412,26.666786,0.545560,1.855682,0.185210,0.921221,0.664620,29.284179,176.201882,0.022138,2.964557,121.876042,13.006735,1.002619,0.021592,0.042859,5.197941,8.593764,0.002184,3.903489,2424.515386,10.477604,3.577608,587.861659,6.757398,31551.774190,2.303015,368.165590,0.063254,116.025231,8.589552,100.048413,112.971615,0.005055,0.280312,0.078581,0.233537,0.142780,0.750916,1.143939,0.003117,0.948808,92.909349,13.758672,1.001592,5.573123,8.329452,0.061683,0.018664,1.064965,,1.382044,27736.988925,0.012266,2.794192,0.304127
2021-07-20,29818.344313,1769.121499,1.064171,1.002436,266.775213,0.533236,23.365059,0.166163,1.001800,10.895599,5.868525,9.669141,1.002159,14.878847,13.843834,0.709250,107.766908,397.706383,29814.736076,9.458299,0.000006,28.814602,0.692819,15.321398,42.638604,0.206088,0.058527,39.117183,2.175682,24.242393,0.050674,3.735383,1.002944,35.366132,68.363896,184.671326,1760.855414,9.905810,0.101498,3.260852,11.376003,0.000021,0.161339,66.091242,223.037967,23.751037,0.493024,1.649068,0.162403,0.906245,0.592676,25.821546,150.626088,0.022139,3.112955,114.081955,12.048575,1.002852,0.021595,0.039896,4.797727,7.735881,0.001981,3.426491,2192.472135,9.668055,3.188479,506.942784,6.297255,29856.917048,2.172272,326.977477,0.056580,123.256950,7.624051,100.194925,95.346257,0.004587,0.238552,0.070236,0.209590,0.120482,0.683308,0.993266,0.003145,0.818874,86.501561,11.961186,1.001962,5.013552,7.574426,0.053736,0.017711,0.961574,,1.283623,25796.900759,0.010492,2.474784,0.279872
2021-07-21,31091.536894,1887.156064,1.142884,1.003000,282.665734,0.551362,25.647386,0.182575,1.002873,11.775671,6.312729,10.258754,1.005242,15.805677,14.667974,0.743416,112.851706,416.840734,30982.271328,10.169174,0.000006,31.611147,0.810510,18.291121,43.559367,0.219259,0.062526,41.717658,2.284547,27.277432,0.053115,4.049485,1.003735,37.579908,72.584188,190.875921,1872.483514,10.426125,0.106989,3.413857,12.255542,0.000021,0.166130,72.149499,244.804582,24.101481,0.519108,1.741421,0.173534,0.934749,0.624161,27.521271,163.258047,0.022120,3.034113,118.569262,12.507874,1.003210,0.021590,0.041912,4.996566,7.953108,0.002063,4.063907,2340.694199,10.202295,3.359098,579.991508,6.749863,31193.260595,2.308990,372.339694,0.061353,139.097814,7.963264,100.304496,105.625694,0.004716,0.257004,0.072482,0.220190,0.134464,0.713971,1.091364,0.003205,0.886122,91.150668,13.310841,1.002608,5.220641,8.181361,0.056984,0.018787,1.037025,,1.364834,27656.997012,0.011395,2.609992,0.297760
2021-07-22,32157.484407,1994.106232,1.173560,1.002006,293.983749,0.577547,26.954436,0.192034,1.001920,12.425827,7.005266,10.585837,1.002264,16.587910,15.322910,0.780929,118.035061,433.659377,32174.473508,10.794386,0.000007,33.832722,0.892417,23.774296,45.723729,0.248683,0.066818,43.052043,2.403938,28.041871,0.054183,4.412056,1.002740,39.948197,78.810805,195.452921,1986.471163,11.857753,0.110328,3.511874,12.978557,0.000020,0.168734,73.684826,266.329418,25.302931,0.549683,1.827867,0.179148,0.954802,0.635533,28.245847,169.602183,0.022136,2.641657,122.233822,13.118896,1.002682,0.021593,0.042313,5.233711,8.186162,0.002122,4.543641,2426.958662,10.981498,3.506563,620.185113,7.549959,32121.536193,2.351113,380.963829,0.065449,142.276757,8.609443,100.412679,113.191768,0.004836,0.277990,0.071817,0.228211,0.144991,0.756871,1.114137,0.003260,1.041942,94.004162,16.395760,1.001970,5.521203,8.458940,0.060657,0.019778,1.065349,,1.451131,28174.798550,0.013969,2.747874,0.311386
2021-07-23,32412.898155,2058.566397,1.181123,1.001678,293.531366,0.594920,27.673937,0.191907,1.001568,13.082294,7.277439,10.815422,1.001652,17.529932,15.932043,0.795960,120.029508,441.842136,32432.790615,11.193659,0.000006,33.823913,0.907969,30.460452,46.258626,0.261365,0.067576,44.479052,2.583172,28.891160,0.055140,4.721135,1.002078,41.297602,78.808819,198.090111,2054.902577,12.840719,0.111775,3.551327,13.090397,0.000020,0.170242,74.231198,281.279488,25.199936,0.546274,1.898310,0.186249,0.963071,0.655818,28.851942,172.272371,0.022120,2.742804,123.798767,14.242119,1.002075,0.021583,0.046167,5.322844,8.572290,0.002153,3.834337,2492.126915,11.333414,3.585980,632.249337,8.099803,32448.352000,2.404681,408.713900,0.065368,141.319530,8.505963,100.021804,116.674395,0.004938,0.281459,0.073207,0.232814,0.143489,0.774050,1.141307,0.002902,1.090353,96.479592,17.978263,1.001694,5.653726,8.759940,0.061925,0.020547,1.165991,,1.547396,28871.190112,0.015479,2.738293,0.331220
2021-07-24,33833.995468,2142.269184,1.213295,1.001873,302.806111,0.608952,28.757523,0.193662,1.001637,13.551097,7.873015,11.198922,1.002032,18.609296,16.796148,0.824904,125.922787,457.287666,33842.127769,11.389760,0.000006,35.334931,0.929494,43.317033,47.266629,0.266317,0.071593,45.683989,2.712284,29.790128,0.056558,5.461515,1.002418,42.885399,81.969568,204.669186,2134.160938,13.926485,0.113785,3.666616,13.886479,0.000021,0.179203,78.151442,291.839894,26.343119,0.554059,2.063455,0.193712,0.978188,0.686270,30.222835,179.129615,0.022107,2.905879,126.969960,15.280866,1.002520,0.021572,0.051366,5.962213,8.906612,0.002231,3.721618,2538.102779,11.205655,3.710478,605.971321,8.362592,33797.144498,2.420416,411.505751,0.071533,145.000502,8.584873,100.074896,123.503311,0.005143,0.324662,0.076268,0.250626,0.146142,0.797055,1.303555,0.002904,1.232530,99.156083,20.586322,1.001989,6.022850,9.073979,0.064354,0.023150,1.341325,,1.571256,29390.108324,0.017828,2.881956,0.341174
2021-07-25,34331.184087,2161.638553,1.220132,1.001263,299.421771,0.602685,28.051433,0.197184,1.000562,13.441675,8.179679,11.058276,1.001218,17.994309,16.587099,0.818161,125.224099,450.662523,34302.922845,11.305317,0.000006,42.473019,0.935936,40.931972,48.855779,0.260363,0.071478,48.048645,2.793999,29.942988,0.057129,6.151117,1.001368,43.332557,83.667455,207.915996,2150.729287,14.022477,0.114839,3.628232,13.780637,0.000021,0.175514,84.478537,284.356392,27.143350,0.542622,2.126329,0.191658,0.987766,0.718933,30.362670,180.928212,0.022103,2.897534,127.143016,15.374974,1.001981,0.021564,0.050260,5.890685,8.976128,0.002251,3.485877,2519.810612,11.783366,3.687857,578.566358,8.009438,34347.161006,2.467368,398.537470,0.071119,139.693417,8.351863,100.038165,127.273014,0.005196,0.358070,0.079236,0.246443,0.145188,0.799681,1.299544,0.002782,1.175329,98.071812,19.498284,1.000439,6.038691,9.242262,0.067102,0.022923,1.309167,,1.510312,29281.300557,0.019649,2.900267,0.329545
2021-07-26,38368.943253,2335.909628,1.338375,1.000078,318.963900,0.655771,30.108710,0.221396,1.001107,14.761655,9.052266,12.179502,1.002188,19.672507,18.951796,0.893730,137.288909,500.852250,38358.846734,12.054120,0.000007,44.587786,1.071787,40.158718,51.317524,0.275677,0.084882,52.457602,2.988373,32.286239,0.061506,6.190513,1.002673,46.835111,88.103595,225.908922,2315.062302,15.679176,0.121335,3.878225,14.807923,0.000023,0.195370,94.638659,323.482173,28.903029,0.587916,2.305078,0.222856,1.044568,0.793179,33.919843,197.561264,0.022111,2.880961,135.185136,15.887741,1.001991,0.021574,0.070089,6.243107,9.933619,0.002753,4.143577,2733.580943,12.315912,4.053227,534.842842,9.169169,38225.979840,2.646554,418.302849,0.079054,151.782678,9.220397,100.178004,138.374845,0.006017,0.353613,0.082782,0.258146,0.159128,0.861619,1.376156,0.002809,1.157585,106.179441,18.047099,1.001695,6.822885,10.080481,0.079501,0.024539,1.457957,,1.649203,31850.003434,0.021245,3.247542,0.367458
2021-07-27,37460.751417,2238.058459,1.255249,1.001108,306.499593,0.629468,27.781041,0.201972,1.000654,13.897763,8.655302,11.559304,1.000588,18.411140,18.551666,0.846576,131.701059,485.774098,37413.107708,11.419073,0.000006,39.814172,1.006768,44.942960,48.602242,0.260470,0.079783,48.393797,2.825042,29.878096,0.058852,5.609022,1.001365,44.804305,84.829585,219.574632,2216.244184,16.203053,0.117679,3.692084,14.355622,0.000023,0.187177,90.060082,298.600881,27.122500,0.558370,2.151494,0.215097,0.988177,0.777631,32.919871,182.213614,0.022102,2.797978,130.687187,14.769841,1.001587,0.021573,0.067550,5.824591,9.444960,0.002643,3.860375,2613.091136,11.430294,3.794538,554.350168,8.185173,37552.441504,2.512964,386.984847,0.073105,142.828839,9.137816,100.583275,129.345585,0.005975,0.325792,0.079565,0.247451,0.156891,0.840559,1.312136,0.002622,1.127666,100.492488,18.149881,1.000552,6.323017,9.878678,0.073329,0.022900,1.386625,,1.530808,30035.663572,0.018857,3.086251,0.344341
2021-07-28,39765.001472,2298.768922,1.282245,1.001485,313.160135,0.704350,28.063400,0.206290,1.001090,14.375604,9.449704,12.117773,1.000575,18.916988,19.329953,0.849516,136.415995,503.336804,39631.971883,11.611706,0.000006,41.357358,1.026621,47.095957,49.595263,0.268774,0.082944,49.191244,2.842341,31.445765,0.060747,5.952782,1.001848,45.960270,85.334570,226.664664,2284.861125,18.030596,0.121892,3.831843,14.800727,0.000023,0.199089,93.938716,299.793370,28.121668,0.562377,2.212075,0.223413,1.014569,0.844805,33.982688,186.349590,0.022113,2.830173,133.728269,15.107905,1.001666,0.021582,0.069239,5.940140,10.237107,0.002814,4.055685,2676.189120,11.479281,3.906670,585.351192,8.255252,39760.510576,2.631952,390.176978,0.073320,151.728593,9.219899,101.855803,137.011296,0.006227,0.331328,0.079660,0.250614,0.159465,0.856028,1.334662,0.002403,1.122964,103.124504,18.386498,1.001056,6.529575,11.032866,0.074991,0.023139,1.435329,,1.549557,29990.957379,0.019542,3.175451,0.351167
2021-07-29,39888.967577,2304.359016,1.279446,1.001096,314.113850,0.708264,28.293030,0.208261,1.000753,14.833140,11.069928,12.288610,1.000436,19.213153,18.958600,0.837996,139.906623,508.567809,39913.147616,11.563294,0.000006,40.187164,1.011398,44.022375,49.173206,0.268659,0.082255,48.852677,2.810516,31.935201,0.060979,5.811921,1.001655,46.178998,85.033465,239.037783,2293.806660,17.910982,0.121540,3.880919,14.848595,0.000023,0.199103,118.502843,304.079288,27.997773,0.579068,2.237058,0.237985,1.016527,0.834947,34.320706,185.869452,0.022098,2.911674,137.708285,15.591137,1.001277,0.021563,0.077259,6.015880,10.888306,0.002793,5.392445,2777.488826,12.435718,3.930130,523.578768,8.157805,39851.160274,2.693039,390.653360,0.072463,151.601232,9.385734,103.627888,140.694444,0.006209,0.330097,0.079120,0.252112,0.162553,0.911058,1.393446,0.002456,1.121013,106.231486,18.062349,1.000539,6.575160,10.759141,0.076754,0.023357,1.361057,,1.537041,30019.935621,0.019017,3.372913,0.367933
2021-07-30,39564.338326,2355.713012,1.281461,1.001056,313.333490,0.738130,31.284348,0.204471,1.000316,15.165647,10.487935,12.323278,1.000475,19.813761,19.917253,0.832368,140.218078,533.137676,39479.578947,11.712378,0.000006,40.317558,1.016664,42.433636,49.249887,0.270566,0.082528,48.980242,2.850203,32.815052,0.061577,5.852652,1.001919,47.300407,84.620776,238.394837,2344.830428,18.267161,0.122068,3.889229,14.709140,0.000028,0.206101,129.924772,307.911485,38.523351,0.579393,2.224003,0.241038,1.022713,0.808358,35.295701,188.847269,0.022106,2.849268,136.964725,15.987369,1.001144,0.021558,0.072229,5.917946,10.982723,0.002770,5.388193,2812.779372,12.396929,4.074777,533.372096,8.088616,39439.099990,2.687281,391.506910,0.073514,159.189176,9.455177,105.987235,141.789112,0.006155,0.328467,0.079970,0.254978,0.165597,0.932737,1.384385,0.002405,1.152969,106.158047,21.550735,1.000181,6.759344,10.661812,0.076788,0.025186,1.387856,,1.596138,30344.456973,0.018657,3.559427,0.385582
2021-07-31,41610.419075,2458.531491,1.307544,1.000394,322.774107,0.749446,33.098587,0.209900,0.999860,16.153104,10.882911,12.870987,1.000317,21.166305,21.987815,0.844023,143.693012,544.619460,41426.793004,12.237416,0.000006,41.685161,1.046786,43.237904,51.157346,0.279748,0.087377,50.723554,3.026444,34.569252,0.063656,6.032169,1.001115,49.236566,86.179559,241.134278,2444.860885,18.379536,0.127760,4.055074,15.249078,0.000035,0.212433,128.698061,318.508964,48.242847,0.613278,2.416311,0.252311,1.041553,0.838140,45.829178,195.152785,0.022096,3.031371,140.257965,16.347309,1.001480,0.021560,0.073332,6.180952,11.227180,0.002833,6.381301,2899.834246,14.269964,4.368329,460.035217,8.452443,41642.576231,2.728685,400.102957,0.076776,163.333504,9.821986,108.155176,152.744749,0.006333,0.328048,0.080114,0.261644,0.172793,0.991688,1.426382,0.002450,1.290138,110.780849,24.142084,0.999801,7.576372,10.679611,0.080233,0.027040,1.624171,,1.697452,31649.580300,0.019096,3.902566,0.432779
2021-08-01,41719.247227,2589.538881,1.356967,1.000232,339.917509,0.758334,35.532058,0.214119,1.000263,18.526326,11.002091,13.613284,0.999601,22.290613,23.110288,0.852264,146.837097,549.924183,41742.799890,12.963580,0.000006,42.632328,1.088601,40.955427,55.995479,0.291065,0.090143,52.444908,3.117759,35.452075,0.065552,6.131746,1.000809,51.935583,88.034593,243.678027,2589.252580,19.796648,0.129635,4.128045,16.453794,0.000033,0.215268,157.930921,331.161566,45.788225,0.672380,2.464086,0.259147,1.058524,0.910530,44.538666,213.034755,0.022104,3.061350,144.759107,16.634351,1.001381,0.021568,0.071757,6.173327,12.671941,0.002975,6.436737,3006.134928,13.939224,4.547883,404.971399,8.906723,41743.951733,2.763686,406.690953,0.081363,167.918496,10.079515,106.344031,156.924921,0.006440,0.330903,0.081587,0.267528,0.179493,1.039927,1.450115,0.002722,1.241741,117.732089,22.488499,1.000104,7.861971,10.994570,0.085229,0.027293,1.608813,,1.732494,33225.484042,0.019041,4.057616,0.445930
2021-08-02,39743.306917,2600.086292,1.325085,1.000763,333.176133,0.748187,34.358055,0.205737,0.999934,18.248976,11.730463,13.080623,1.000099,22.325001,22.691937,0.818862,143.270138,546.508293,39747.709147,12.457245,0.000006,40.707937,1.058382,40.860591,54.916463,0.280185,0.086782,51.577810,3.098666,36.189656,0.064693,5.855286,1.002115,52.071833,88.955112,237.120671,2596.317764,18.838611,0.125301,4.076490,16.066115,0.000042,0.209482,158.969036,320.186546,56.007683,0.655101,2.401876,0.246569,1.037759,0.892475,43.752903,207.896814,0.022128,3.072375,145.517476,15.937569,1.001781,0.021608,0.067114,6.044984,11.667515,0.002908,6.236689,2947.072061,13.200087,4.346823,418.173547,8.530754,39775.419631,2.639484,407.012571,0.077199,160.994923,9.566636,104.731923,142.661296,0.006297,0.316605,0.080542,0.265014,0.170347,0.981452,1.392096,0.003134,1.245243,117.351854,21.720506,1.000329,7.614193,10.596899,0.081451,0.025675,1.560637,,1.651563,32380.800520,0.018107,3.897737,0.436146
2021-08-03,38560.871523,2508.680515,1.311071,1.001279,323.104674,0.718480,33.607701,0.198827,1.001777,17.432168,12.585948,12.735882,1.001419,21.343235,23.409663,0.817074,138.905339,535.742340,38577.007529,12.133672,0.000006,38.632484,1.026783,38.688602,54.054110,0.273508,0.084440,49.638008,3.069201,36.368153,0.064165,5.731496,1.002374,50.235659,99.295604,231.776475,2499.643890,17.806338,0.120979,3.996119,15.989563,0.000045,0.210987,151.982551,309.967150,55.335071,0.657343,2.329752,0.244247,1.026751,0.875266,42.077879,198.590463,0.022139,3.035566,141.339385,15.962500,1.003009,0.021591,0.062805,5.873911,10.949504,0.002893,7.048808,2808.542055,13.240028,4.192035,428.073424,8.059169,38451.857176,2.632659,395.139157,0.073947,157.255611,9.133482,102.359114,131.258169,0.006144,0.297912,0.076804,0.259567,0.162964,0.990164,1.371941,0.003113,1.430006,113.210937,20.963707,1.001746,7.780407,10.076135,0.078957,0.024423,1.808053,,1.579865,31565.616425,0.016847,3.938346,0.416339
2021-08-04,38413.105569,2515.900502,1.361285,1.001543,323.820998,0.716945,34.300382,0.197684,1.001763,17.600328,14.462245,12.682582,1.002497,21.467222,23.943023,0.819209,139.071368,539.493337,38410.849967,12.219825,0.000006,39.008902,1.026310,41.717239,55.366840,0.274674,0.086066,49.604784,3.060427,35.936311,0.064863,5.917854,1.001756,50.492158,100.381411,227.512118,2508.941202,17.508865,0.121019,4.038169,16.205206,0.000045,0.214847,168.110683,309.249716,54.598420,0.649156,2.353316,0.238102,1.045382,0.850585,41.757091,204.418559,0.022127,3.021218,138.385473,16.026388,1.003617,0.021583,0.061095,5.761112,11.226362,0.003039,7.329408,2803.407939,13.182151,4.189179,448.813629,8.117647,38420.996424,2.844395,406.254185,0.074654,156.392412,9.129114,100.087098,129.757555,0.006183,0.298132,0.075121,0.258920,0.164197,1.001548,1.362735,0.002872,1.321747,115.663381,21.054129,1.002158,7.769321,10.199448,0.079204,0.024617,2.074842,,1.576701,31924.958956,0.016300,4.350730,0.421674
2021-08-05,39368.577992,2709.249264,1.376390,1.000914,333.363837,0.724497,36.631673,0.200093,1.000314,19.066291,14.558792,13.549687,0.999968,23.385567,23.801838,0.833612,140.998050,538.684465,39367.875619,12.813809,0.000006,39.386372,1.049002,42.627213,56.304665,0.276127,0.088704,51.330686,3.185917,37.560782,0.069293,6.195103,1.000590,54.326976,105.654887,244.165759,2696.677095,18.780310,0.124259,4.103240,17.312307,0.000054,0.214699,173.251995,355.905994,55.847907,0.664563,2.444636,0.243517,1.070846,0.858818,43.368124,213.751779,0.022120,3.007945,138.450755,16.047802,1.001769,0.021570,0.060870,5.901889,11.215144,0.003387,7.941191,2942.937096,13.265654,4.335131,433.822443,8.668806,39301.636930,2.795442,459.782282,0.077102,161.292037,9.694986,100.584977,135.472250,0.006400,0.305865,0.076124,0.262843,0.165632,1.057087,1.393545,0.002837,1.324056,117.485838,21.798580,1.000744,7.900645,10.451375,0.081044,0.025219,2.407468,,1.636896,32441.996716,0.017231,4.403666,0.427927
2021-08-06,40845.908383,2786.142834,1.382823,1.000218,337.470875,0.734952,37.186807,0.200703,1.000672,19.142001,14.650938,13.711928,1.001327,25.150548,23.494398,0.844030,145.610989,546.788810,40901.698208,13.004875,0.000006,44.461730,1.057174,42.950513,59.730878,0.278516,0.091412,52.287036,3.227119,39.995961,0.070610,6.991332,1.000873,55.818956,114.388857,257.627721,2774.109719,20.557228,0.128771,4.184482,17.479648,0.000059,0.216202,171.076862,367.241936,63.922576,0.689207,2.480820,0.266347,1.091290,0.884762,43.804943,227.287853,0.022122,3.017320,140.972477,16.346226,1.002116,0.021585,0.059733,6.062479,11.626851,0.003553,7.908289,3204.400611,13.535015,4.440839,467.420553,9.277318,40890.286500,2.846680,465.289682,0.077702,163.598705,10.282546,101.348430,137.092765,0.006697,0.323539,0.076629,0.264768,0.168201,1.066215,1.411043,0.003097,1.338319,119.937586,22.188727,1.000543,8.107862,10.940893,0.086434,0.027441,2.326434,,1.744644,32780.094768,0.017245,4.410533,0.433642
2021-08-07,43462.783365,3007.578623,1.440062,1.000594,350.845643,0.771044,39.490460,0.218503,0.999834,20.820910,14.723862,15.200474,1.000131,27.273082,24.249520,0.864553,152.664319,574.192930,43497.334693,13.881536,0.000007,56.441084,1.138753,42.447931,67.914968,0.294313,0.102745,55.670654,3.452293,43.079060,0.074613,6.963784,0.999934,60.337700,117.887427,266.077392,2990.300293,22.386307,0.134878,4.508833,18.293349,0.000057,0.221709,162.059403,377.389815,62.483099,0.721548,2.663362,0.282549,1.250383,0.921896,46.363333,232.839121,0.022103,3.018335,147.970601,16.971940,1.003331,0.021573,0.063150,6.367331,13.513140,0.003941,7.712769,3333.110404,13.839956,5.003279,467.298732,10.142750,43451.703531,2.925882,481.909638,0.082378,167.613773,10.474359,100.430726,142.014255,0.007847,0.323561,0.078159,0.289281,0.180649,1.115473,1.477948,0.003155,1.386169,129.394112,22.352773,1.000060,10.713639,12.076957,0.092885,0.027980,2.468429,,1.918982,33935.579068,0.017937,4.587484,0.458537
2021-08-08,44332.893501,3104.510065,1.457039,0.999523,352.651733,0.806833,38.477164,0.258320,0.998733,20.534871,14.298928,15.516705,0.999081,27.825085,24.320952,0.865104,153.991720,573.352893,44241.290089,13.815723,0.000008,59.003099,1.147789,43.890383,67.094262,0.302279,0.104893,60.283235,3.402090,44.362285,0.074591,6.865585,0.999753,62.331775,118.202848,268.327920,3102.572897,23.584171,0.138624,4.490538,17.952576,0.000054,0.222162,155.076879,376.528625,58.484470,0.712647,2.683598,0.284393,1.235099,0.912911,46.330774,227.347774,0.022087,2.976658,151.723284,17.018084,1.000953,0.021559,0.061496,6.515800,15.026020,0.003830,7.183671,3357.029325,13.918689,4.959927,461.441724,10.072364,44327.976218,2.976316,492.191428,0.083750,167.946450,10.345599,99.978771,144.746259,0.008168,0.314827,0.078953,0.285306,0.181898,1.107727,1.484323,0.003065,1.364512,130.708517,22.391788,0.998603,10.538889,12.318005,0.091432,0.028087,2.438578,,1.863968,33781.505612,0.017921,4.453599,0.456460
2021-08-09,44685.234854,3052.844010,1.452417,1.001305,348.034375,0.803674,38.708799,0.248990,1.000725,20.329940,13.678256,15.132556,1.000529,27.209846,23.535317,0.841618,152.462049,568.646410,44610.017862,13.546259,0.000008,62.911952,1.111244,43.418251,66.049005,0.295332,0.104014,58.440328,3.241841,45.020008,0.072700,6.612882,1.001565,60.967704,129.207384,263.683742,3031.717941,23.422476,0.138225,4.382129,18.171061,0.000054,0.217606,153.123935,368.804262,58.885350,0.693995,2.633612,0.274246,1.211428,0.890224,45.809404,220.301282,0.022099,2.883539,148.234314,16.598682,1.003908,0.021555,0.060175,6.387020,14.823550,0.003811,7.077255,3268.128127,14.656394,4.973546,445.618000,9.611214,44470.875098,2.918697,475.654527,0.082864,165.028700,9.968340,99.986184,154.024955,0.008395,0.303635,0.097452,0.309787,0.179317,1.074272,1.500175,0.002952,1.320691,126.306699,21.875092,1.000247,10.726017,12.426052,0.090442,0.027394,2.363169,,1.831662,33416.575808,0.017275,4.414868,0.434216
2021-08-10,45655.795711,3131.211562,1.485112,1.000239,355.912646,0.816978,39.961914,0.253675,1.000081,20.586984,14.604266,16.363308,1.000387,29.026877,24.218977,0.871553,163.724816,587.123644,45684.049503,13.803864,0.000008,71.871718,1.131691,46.163391,67.233535,0.302188,0.105233,58.531486,3.271721,48.384766,0.073995,6.808140,1.000294,62.716764,137.886830,265.669388,3110.786415,23.834401,0.142162,4.518741,18.363719,0.000054,0.222486,152.164964,378.211206,57.983976,0.734774,2.736844,0.286073,1.237413,0.915634,46.231310,229.689009,0.022113,2.961814,152.210618,17.377975,1.003581,0.021557,0.061084,6.432082,14.798728,0.003834,6.965995,3362.330776,14.423710,5.029327,412.430711,10.168471,45614.335367,3.009145,472.149360,0.092238,175.402688,10.202231,99.921753,157.623712,0.008741,0.311293,0.096306,0.324802,0.181480,1.099108,1.574234,0.002987,1.365281,130.291220,22.064534,1.000529,10.565398,13.106026,0.093984,0.028200,3.017901,,1.880689,34125.162619,0.018115,4.697470,0.456382
2021-08-11,46073.122789,3218.342752,1.770110,1.000191,386.657822,0.890603,42.377204,0.267541,0.999490,21.473722,16.984466,17.148468,1.000334,29.787444,25.873674,0.911788,170.529012,607.122757,46058.315930,14.988627,0.000008,70.498364,1.305997,68.397819,68.990773,0.324005,0.111585,60.111759,3.432036,51.406488,0.081507,7.131156,1.000676,64.506150,140.799364,273.478548,3216.995901,24.020697,0.146155,4.735465,19.575641,0.000053,0.229424,158.773957,406.263972,58.119269,0.787760,2.908807,0.317436,1.354025,1.030655,48.728364,265.355363,0.022104,2.983941,156.764372,18.397134,1.001449,0.021563,0.061532,6.469947,15.507948,0.004290,7.331694,3463.684859,17.425214,5.251504,380.947066,11.285601,46089.191523,3.065121,485.153593,0.094640,182.194941,10.712320,99.845094,159.041894,0.011164,0.334329,0.097713,0.332263,0.193018,1.160959,1.632041,0.003032,1.438217,136.709244,24.278597,0.999727,10.863951,13.702329,0.100760,0.030626,3.099936,,2.076677,35729.472037,0.018379,4.973403,0.492646
2021-08-12,45226.740324,3132.418432,1.783573,1.000148,385.657419,0.994621,41.166488,0.268675,1.000158,21.117091,16.642910,16.470834,1.000034,28.561172,25.396562,0.909249,169.757278,616.099484,45212.864744,14.418909,0.000008,64.833370,1.359422,67.639085,71.007517,0.332386,0.110512,61.087875,3.393863,49.807293,0.084506,6.943143,1.000643,62.869264,134.867874,263.117191,3127.871222,22.886582,0.143397,4.757523,19.367946,0.000050,0.224770,152.502083,399.695080,55.879116,0.809879,3.180510,0.312929,1.481148,1.026092,49.117815,262.427921,0.022118,2.905129,157.489465,18.506718,1.002670,0.021578,0.061208,6.364925,14.909686,0.004578,6.881303,3317.868603,16.221440,5.131250,371.127096,11.202796,45371.360026,2.995146,461.182546,0.094309,179.820793,10.476911,99.793716,156.338022,0.011285,0.333009,0.123141,0.337371,0.191795,1.148682,1.575299,0.002871,1.377578,136.264734,22.982135,1.000030,10.529787,13.289987,0.100879,0.030253,2.851040,,2.035882,37982.542554,0.019825,4.774505,0.499370
2021-08-13,46194.723088,3219.130629,1.987159,1.001037,397.456876,1.022097,43.444930,0.273991,1.000259,21.760084,17.183554,17.658049,1.001129,29.443969,26.297693,0.920238,176.021265,629.811833,46205.025418,14.673967,0.000008,65.031568,1.420186,69.196261,70.643141,0.348875,0.113728,61.852791,3.503702,51.891471,0.086762,6.975152,1.001590,64.497064,135.647201,265.494978,3208.343566,23.240586,0.147103,4.886526,20.261383,0.000050,0.225475,156.119417,415.641693,55.626054,0.910866,3.332240,0.334949,1.563327,1.063339,51.116131,273.036491,0.022114,2.969398,159.663323,20.451478,1.002807,0.021587,0.061290,6.278124,15.626283,0.004672,6.972853,3575.519240,16.734560,5.301317,364.142481,12.215360,46038.216990,3.092569,472.337446,0.095659,186.077003,11.588989,100.277379,165.250905,0.011547,0.338790,0.128016,0.370934,0.196022,1.177824,1.626439,0.002767,1.377415,138.707137,23.123784,1.000459,11.470562,13.447130,0.102458,0.031112,3.000332,,2.157429,39086.111137,0.019786,4.866749,0.496912
2021-08-14,47526.069404,3282.341063,2.160517,1.000376,406.671688,1.153451,43.976553,0.287991,0.999255,22.497908,17.575194,17.977965,1.000138,29.962191,27.290198,0.939341,181.268046,658.097439,47419.482382,15.131955,0.000008,65.296790,1.472734,68.625087,73.244668,0.361008,0.124514,64.110228,3.641181,49.352727,0.089299,7.194377,1.000288,65.829484,138.115988,270.291483,3280.569572,22.890242,0.150192,5.311595,20.774808,0.000051,0.235267,153.504407,420.540895,55.474809,0.910897,3.318741,0.339195,1.745713,1.115276,54.798756,274.301217,0.022098,2.971006,163.703328,21.064537,1.002955,0.021571,0.061631,6.192074,15.863040,0.004793,7.311099,3680.414495,16.643743,5.543618,313.815503,12.260043,47380.102463,3.116620,472.277354,0.097780,197.402627,12.434346,100.069540,171.112771,0.011933,0.344544,0.141339,0.372763,0.202119,1.220610,1.661432,0.002745,1.409023,143.058950,23.177884,0.999457,14.247608,13.691595,0.110218,0.031623,3.024334,,2.256157,39507.178201,0.020584,5.104155,0.512094
2021-08-15,46309.291400,3191.415107,2.130326,1.000320,404.331776,1.281514,45.152079,0.301061,1.000213,22.389602,17.112860,17.703891,1.000154,29.120452,26.760948,0.948830,180.457601,687.137449,46313.897095,15.334027,0.000008,61.626306,1.423893,66.114413,71.827979,0.382995,0.130991,71.721479,3.650692,48.838681,0.091361,7.163635,1.001102,64.109994,134.851403,268.010951,3187.330625,22.202819,0.148755,5.313089,20.397283,0.000051,0.250800,150.523517,402.073690,56.059614,0.876714,3.161372,0.331527,1.766140,1.133476,54.535009,268.795006,0.022125,2.983184,165.510378,24.755885,1.002949,0.021593,0.060438,6.054027,15.612264,0.004708,8.228856,3713.757723,17.527350,5.504932,284.841594,11.817044,46374.916413,3.095138,468.011891,0.097850,198.156939,12.457758,99.980021,170.203503,0.011536,0.339644,0.144600,0.364471,0.210071,1.233874,1.636325,0.002655,1.391276,144.450900,22.725300,1.000443,13.508789,13.291163,0.109419,0.031978,2.908941,,2.154856,38676.783949,0.019518,5.264785,0.505301
2021-08-16,47178.848248,3272.700743,2.151367,0.999816,422.845422,1.281076,62.030328,0.336444,0.999249,24.287613,21.700926,19.318984,0.999981,30.249493,29.259330,0.991672,184.872135,698.754521,47196.830432,16.023397,0.000009,64.527556,1.490029,68.088109,73.759951,0.395104,0.138064,73.290234,3.775234,51.648123,0.093104,7.852116,0.999808,65.690403,137.014790,275.935944,3270.583578,22.533648,0.151678,5.755573,21.818369,0.000055,0.253166,156.636052,426.003088,56.155544,0.906047,3.397111,0.381858,1.884827,1.167795,58.404099,291.426054,0.022093,2.984556,169.890842,24.439092,1.003600,0.021551,0.060535,6.129862,20.955323,0.004788,9.044465,3818.799319,18.597984,5.799500,285.508070,12.461141,47193.988058,3.134962,502.311253,0.111493,210.543615,12.841551,100.028858,173.975120,0.011792,0.362717,0.133916,0.373176,0.219734,1.318496,1.673325,0.002657,1.489441,154.291701,23.071092,0.999235,13.922984,14.032005,0.113071,0.032961,3.358838,,2.223662,40400.897765,0.020252,6.789896,0.520813
2021-08-17,46213.914676,3184.795720,2.076303,0.999102,421.787936,1.188103,69.341834,0.325454,0.999547,25.950019,25.330962,21.824110,0.999958,29.495257,28.430508,0.954900,179.791019,679.284240,46166.884831,16.263778,0.000009,61.808233,1.446972,68.354775,73.303341,0.373540,0.129859,69.388677,3.695708,47.138974,0.090037,7.699084,1.000069,63.712374,149.235379,270.589487,3172.822145,21.968587,0.148414,5.458947,22.372987,0.000056,0.245780,155.630972,422.288613,56.010678,0.901167,3.788156,0.422933,1.812613,1.104006,56.340507,306.094184,0.022114,2.990089,167.557455,23.796945,1.004819,0.021557,0.060247,6.265162,21.288288,0.004592,9.067235,3637.874647,19.013519,5.673371,253.748555,13.393670,46146.525953,3.129685,482.499230,0.105379,203.329983,12.382256,100.281008,174.664975,0.011325,0.351149,0.129024,0.358628,0.211465,1.270606,1.635473,0.002958,1.467109,152.671180,22.884808,0.998797,13.344460,14.914789,0.107532,0.032449,3.412059,,2.125898,40112.979528,0.019671,6.862093,0.526479
2021-08-18,45092.469720,3042.038500,1.995641,1.001387,399.903173,1.110379,70.020804,0.297311,1.001171,23.971465,25.364588,23.391853,1.001121,26.498134,26.097016,0.900803,169.727913,642.850696,45049.671062,15.758362,0.000008,57.549330,1.350533,70.320692,68.361670,0.345630,0.118784,63.235645,3.379988,45.467983,0.085025,6.937451,1.002016,60.902761,143.898752,255.739790,3035.511522,20.559777,0.141913,4.993713,21.488564,0.000053,0.226467,178.159653,382.795747,54.007356,0.866648,4.177465,0.405983,1.713325,1.009120,51.673980,281.691022,0.022159,2.953759,157.524339,22.592571,1.005298,0.021610,0.058466,6.242449,25.560493,0.004201,8.274745,3500.314726,19.469445,5.193418,237.580423,12.709666,45136.266281,2.948824,443.167987,0.097444,196.383325,11.391495,100.136564,162.053561,0.010379,0.326791,0.146646,0.334377,0.192203,1.163332,1.525591,0.002927,1.389288,141.364543,22.546943,1.001112,13.025354,14.287361,0.099143,0.030543,3.190305,,1.941600,37999.620753,0.018322,7.259182,0.578626
2021-08-19,44793.844034,3020.462125,2.124959,1.000965,402.210094,1.134044,71.911498,0.302671,1.001201,24.176931,30.143253,30.899407,1.001822,26.166904,25.441071,0.991557,167.568093,633.239738,44852.885113,18.831528,0.000008,64.097485,1.338170,69.312921,67.537671,0.345379,0.119189,63.304255,3.420279,46.407791,0.084033,6.809394,1.002058,60.466172,143.624520,254.561274,3015.033487,20.696966,0.142553,4.972911,21.398265,0.000055,0.226931,184.353147,379.997383,56.195678,0.882435,4.403125,0.465743,1.752761,0.995096,51.051558,288.816767,0.022144,2.962979,155.619675,23.025600,1.005245,0.021599,0.059095,6.000443,30.046405,0.004151,8.166529,3550.938328,20.274771,5.188644,271.821369,12.721631,44799.073228,2.971798,435.824377,0.096373,205.539967,11.449090,100.377473,158.074195,0.010190,0.320119,0.153223,0.330022,0.190781,1.179008,1.504420,0.002832,1.338937,140.942563,21.924850,1.002351,12.632249,13.898925,0.099135,0.030229,3.104426,,1.971451,37156.746017,0.017593,7.825923,0.552356
2021-08-20,47150.205186,3218.719454,2.487037,0.999804,430.180501,1.236296,73.036743,0.318983,0.999741,26.800010,29.655935,35.447885,0.999671,28.108602,27.219429,1.109035,176.561256,661.113646,46991.093636,19.202186,0.000008,67.289233,1.500896,72.291338,70.878538,0.372329,0.131135,67.639298,3.642124,50.152700,0.087927,7.158923,1.000446,64.567233,149.347421,267.281853,3218.723701,21.908825,0.149240,5.238772,22.343997,0.000059,0.241417,188.952202,409.315439,57.575783,1.039867,4.397624,0.505946,1.896686,1.066520,55.163938,332.484956,0.022106,2.982202,160.488095,24.097268,1.003973,0.021572,0.060425,6.068365,29.869088,0.004367,9.073585,3758.516070,22.615237,6.045778,287.997475,14.000875,47146.446336,3.123381,464.713507,0.102413,225.369857,12.379642,100.772459,165.218929,0.010943,0.331411,0.168681,0.346372,0.199239,1.276386,1.591718,0.002824,1.418008,148.678625,22.572825,0.999771,13.459692,14.520425,0.104938,0.031715,3.224310,,2.209069,39381.088562,0.019544,7.755306,0.595489
2021-08-21,48988.972774,3276.500869,2.455658,1.000227,454.924215,1.248223,77.673619,0.324379,1.000017,28.549836,29.592657,45.779431,0.999628,28.958937,28.651079,1.139099,181.894105,686.785889,48965.390463,19.455735,0.000008,66.867833,1.635536,76.857317,73.155196,0.377637,0.132745,68.972222,3.717151,50.341544,0.089600,7.404584,1.000312,65.639692,153.375926,280.321072,3274.797083,22.095222,0.153256,5.432979,23.932938,0.000085,0.244660,188.873150,408.041471,85.816943,1.029952,4.530822,0.508589,1.888516,1.090727,56.104664,340.389603,0.022121,2.974034,169.002534,24.722246,1.003720,0.021579,0.059870,6.008317,29.131171,0.004442,9.393558,3865.846798,23.403032,6.147390,266.667661,14.114930,49050.103743,3.114136,473.107896,0.109774,232.843164,13.599371,101.042588,173.178228,0.011128,0.338738,0.184398,0.363587,0.206026,1.400534,1.701416,0.002759,1.472019,152.619394,24.057468,0.999721,13.856902,14.796512,0.108819,0.032508,3.163892,,2.227758,39389.583427,0.021507,7.767779,0.629256
2021-08-22,48934.866611,3236.073553,2.564439,1.000345,450.821056,1.228028,74.768455,0.316715,0.999364,27.811451,27.730432,42.809638,0.999400,28.506001,28.043419,1.173714,183.132771,678.896981,49072.057424,22.457677,0.000008,65.162945,1.619647,77.152773,77.399773,0.372962,0.129216,67.831666,3.755026,50.875241,0.088610,7.324425,0.999923,64.914126,148.992405,287.873751,3233.826023,21.484881,0.155402,5.404626,23.521981,0.000080,0.243645,186.765846,401.939665,81.974513,1.007627,5.736197,0.559859,1.857634,1.098371,55.685478,332.371603,0.022114,2.971452,166.350386,25.696332,1.003273,0.021567,0.059632,5.788914,28.494621,0.004381,10.714725,3836.583776,23.178579,6.237450,261.041830,13.693536,48937.870502,3.205381,468.275641,0.115432,238.078568,13.414566,100.034044,177.971040,0.010963,0.338197,0.174680,0.387125,0.205164,1.419223,1.835082,0.002780,1.451484,158.089347,23.035508,0.998916,13.638891,14.554486,0.108393,0.036154,3.114988,,2.258664,39364.867305,0.022472,7.686279,0.613863
2021-08-23,49991.285219,3321.590595,2.818912,0.999149,486.706284,1.240385,73.075791,0.318423,0.999031,27.936712,28.680855,48.279212,0.999305,29.060643,28.678870,1.157264,187.472314,680.521502,49938.616513,21.988232,0.000008,65.283687,1.629806,76.515411,80.020634,0.376965,0.131146,68.149362,3.886222,50.946924,0.089718,7.498488,0.999726,66.631620,148.753469,321.557540,3323.402798,21.714279,0.158423,5.523338,25.024312,0.000079,0.254142,183.644313,409.376220,79.676105,1.035152,5.546856,0.556367,1.832874,1.148881,56.864059,330.678576,0.022096,2.979774,167.565446,25.705105,1.001250,0.021558,0.067089,5.969320,30.146489,0.004433,11.538528,3943.360915,23.783211,6.300014,286.989678,13.823985,49972.705367,3.196380,466.398520,0.118054,274.381065,13.813509,100.086107,178.000375,0.011213,0.344648,0.177384,0.387968,0.209448,1.539050,1.878300,0.002730,1.470632,164.020018,23.687036,0.999140,13.645551,14.592363,0.113687,0.040986,3.178808,,2.390402,40057.215837,0.027620,7.432110,0.636209
2021-08-24,49221.579430,3307.932592,2.869696,0.999870,493.950691,1.233801,75.531337,0.313408,1.000022,27.374629,32.467268,48.925857,1.000113,28.520415,28.395913,1.120222,184.972656,671.920376,49234.347519,21.206202,0.000008,64.106763,1.592600,75.348349,78.612393,0.373939,0.130277,67.229004,4.210857,49.922707,0.089567,7.703305,1.000651,66.422485,147.786633,317.764586,3308.646514,21.600775,0.159585,5.501833,25.012815,0.000076,0.266742,183.158728,403.652054,77.501982,0.999757,5.434228,0.536236,1.790643,1.145648,59.909473,321.158357,0.022128,3.000897,165.939108,25.384145,1.001310,0.021591,0.064001,5.810524,30.034555,0.004431,11.277210,3831.286968,24.747644,6.634312,330.553379,13.395996,49232.495208,3.090080,461.165988,0.114521,268.395502,13.422023,78.264895,173.382643,0.011191,0.351923,0.176074,0.397698,0.212571,1.533764,2.072532,0.002914,1.491528,164.230661,23.380969,0.999869,13.676392,14.477338,0.114877,0.041241,3.119757,,2.299043,39491.411296,0.026501,7.388791,0.634636
2021-08-25,48209.008142,3196.453746,2.747295,1.000865,484.712955,1.161541,71.009315,0.291534,1.001061,25.890512,30.152555,51.380479,1.001064,26.889589,26.318950,1.055367,176.475158,643.965509,48202.800521,19.858096,0.000008,60.182091,1.503955,72.307804,75.329251,0.355557,0.124897,63.599411,4.188416,48.194264,0.085915,7.144070,1.002170,64.045199,138.577984,310.999405,3194.533289,21.098773,0.154104,5.142086,24.561938,0.000078,0.256866,197.210937,380.497125,77.619868,0.949970,5.185671,0.496120,1.718187,1.061973,56.115809,301.415244,0.022147,2.939782,161.554666,24.074828,1.001034,0.021605,0.061441,5.587280,27.818072,0.004250,10.544139,3692.367251,22.946096,6.476475,305.452150,12.389409,48244.359183,3.024871,430.420667,0.108238,252.439821,12.450007,69.133662,168.478957,0.010795,0.336081,0.158648,0.374334,0.202949,1.455235,1.933058,0.002952,1.440230,158.439165,22.221288,1.000301,12.876635,13.951099,0.110032,0.041630,2.938963,,2.176241,37363.363839,0.023791,6.797775,0.597389
2021-08-26,47078.802775,3118.892496,2.598194,1.000728,485.855136,1.123407,71.126948,0.275912,1.000026,24.740601,27.101287,44.420130,1.000099,25.951914,25.155217,0.998937,170.338942,619.437268,47033.299597,18.529783,0.000007,58.551471,1.422741,69.938557,74.153318,0.342276,0.119956,61.215494,4.611405,46.045483,0.084206,6.798245,1.001996,62.555268,137.360836,298.472621,3109.967108,20.479316,0.150242,4.946636,25.218775,0.000076,0.242614,187.430182,360.833527,76.501426,0.879326,5.104904,0.458261,1.660005,1.013524,53.382766,285.205765,0.022161,2.956302,157.104584,23.626801,1.001550,0.021618,0.060876,5.589907,25.057728,0.004091,9.604430,3560.791456,20.868156,6.223586,321.507185,11.678676,47100.184785,3.133499,412.331628,0.102061,243.608527,11.622281,70.301372,169.744058,0.010412,0.326334,0.145124,0.368201,0.195101,1.372913,1.915188,0.002967,1.389831,150.878566,21.466617,1.001031,12.187010,13.482567,0.110381,0.044327,2.740100,,2.095060,36454.970588,0.022531,6.456302,0.561195
2021-08-27,47383.030881,3129.286746,2.610015,1.001294,483.658327,1.105095,82.029038,0.274062,1.001391,24.852942,29.720924,45.223656,1.001226,26.069318,24.841288,1.012139,170.038360,612.908584,47379.191936,18.624206,0.000007,57.441019,1.413065,71.039798,72.768389,0.340529,0.118543,60.528015,4.635447,47.127455,0.084095,6.636916,1.002138,62.893311,136.199633,303.752347,3130.874706,20.387071,0.150450,4.833510,25.120133,0.000077,0.241725,187.155815,356.704190,77.487781,0.884272,4.959143,0.444768,1.656666,0.992331,52.161163,284.953705,0.022148,2.983014,156.281521,23.269776,1.002088,0.021603,0.060105,5.611960,29.859066,0.004013,10.135160,3654.237879,20.935962,6.062697,340.761618,11.767988,47438.934491,3.817184,408.271298,0.100557,234.240197,11.625291,69.938576,175.166070,0.010120,0.327544,0.141220,0.363031,0.191149,1.334309,1.907372,0.002944,1.375295,146.075289,21.408986,1.001656,11.959070,13.498074,0.108459,0.043715,2.803688,,2.088790,36646.722084,0.023375,7.154730,0.553356
2021-08-28,48965.802877,3248.797100,2.848627,1.001014,488.202508,1.164711,88.945295,0.289042,1.000464,26.078610,32.579627,48.219521,1.000399,27.107489,25.808516,1.049046,174.273970,632.762098,48960.467163,20.157896,0.000007,66.100319,1.475398,74.004542,74.271216,0.350563,0.124348,64.959357,5.146473,49.387388,0.087216,6.847324,1.001184,65.154872,140.818260,306.755520,3242.679108,20.635801,0.155582,4.998037,25.803574,0.000116,0.259344,194.565764,368.097196,119.395991,0.921364,5.286866,0.487434,1.691641,1.018767,54.506867,306.940420,0.022148,2.978478,158.958963,25.376010,1.001234,0.021618,0.060106,5.912306,38.292094,0.004193,10.216793,3675.019214,23.477183,6.436802,355.468257,12.040088,49023.335823,4.600700,419.225609,0.103267,238.112243,12.165418,67.474713,175.270321,0.010635,0.331760,0.150086,0.372259,0.197604,1.395490,2.005826,0.002957,1.414610,149.470735,21.868679,1.000292,12.628041,14.306626,0.112410,0.045121,2.935250,,2.145329,37621.356969,0.023862,7.667321,0.607551
2021-08-29,48654.515987,3209.702802,2.863778,1.001817,485.339545,1.144292,93.777255,0.282512,1.001018,25.873653,34.767361,48.848905,1.000889,26.626144,25.694619,1.027286,176.704767,668.929055,48652.085813,21.381301,0.000007,64.969082,1.427062,74.038218,74.017365,0.346730,0.122047,63.885467,5.836728,48.329129,0.088605,6.923425,1.001801,64.311085,139.710479,295.834360,3190.874958,20.356001,0.157649,5.067227,25.333034,0.000173,0.259111,190.978280,362.990581,170.572312,0.904907,5.799043,0.511527,1.651282,1.005959,54.811556,304.071852,0.022166,2.982665,171.900261,24.882161,1.002119,0.021627,0.059448,5.819484,45.454710,0.004248,9.817154,3533.356302,22.974910,6.602672,347.851714,11.613465,48663.038923,4.355987,410.943489,0.100007,237.858865,11.614505,61.837010,172.250359,0.011083,0.328463,0.142344,0.370700,0.194676,1.385088,2.061099,0.002982,1.404997,149.698608,22.253131,1.000905,13.082565,14.314767,0.110279,0.044154,2.857186,,2.123646,37626.400437,0.023109,7.976546,0.652330
2021-08-30,48212.326116,3205.003102,2.832093,1.002094,477.774555,1.135068,100.012374,0.281211,1.001493,25.218349,33.647495,45.562173,1.001599,26.329972,25.171689,1.010534,173.051918,649.204541,48210.555688,20.403204,0.000007,68.910192,1.391233,75.060076,73.369292,0.341730,0.121035,62.827350,5.661132,47.241575,0.087740,6.770476,1.002241,64.191402,149.931565,289.213172,3190.433155,20.271634,0.156418,4.958220,24.512704,0.000169,0.251234,188.598873,357.316649,170.411893,0.892219,5.591641,0.706133,1.618178,0.991658,53.176829,297.926882,0.022189,2.961905,168.315368,26.540386,1.002082,0.021647,0.054905,5.625017,42.079264,0.004133,9.684423,3412.366245,21.702850,6.477411,352.263963,11.324063,48241.395373,4.369754,419.023015,0.100196,225.838626,11.427331,64.925371,172.933832,0.010896,0.329647,0.135827,0.386292,0.193386,1.363606,2.196296,0.003089,1.451911,145.813150,26.396663,1.001551,12.562879,14.241226,0.108818,0.042758,2.844934,,2.080411,36866.548440,0.022534,8.244916,0.666164
2021-08-31,47398.029428,3341.750742,2.784988,1.001534,467.480870,1.133034,114.979724,0.276097,1.001531,27.688482,33.744881,42.262406,1.001465,27.861855,26.124933,1.096584,171.442797,637.896492,47420.979115,23.444394,0.000007,64.807247,1.348253,72.828374,72.640323,0.338267,0.121298,63.174524,5.358004,47.663651,0.087804,6.617396,1.001636,67.219912,160.840626,286.686779,3331.360650,20.265279,0.154027,4.963751,23.263037,0.000178,0.250361,185.319386,370.732184,179.474311,0.874423,5.334660,0.815208,1.581946,0.990847,52.587630,346.464331,0.022183,2.984919,163.206138,27.339431,1.001756,0.021623,0.053526,5.544971,59.635410,0.004207,9.870977,3479.844284,21.808025,6.360965,319.085542,11.816681,47401.828017,6.312966,435.754296,0.122386,223.732333,11.408845,61.600251,168.716650,0.010635,0.329187,0.132386,0.371494,0.191550,1.340728,2.093686,0.003181,1.458481,144.305801,25.981368,1.001520,12.356566,14.708270,0.109464,0.041421,3.373540,,2.210328,37059.811707,0.021766,8.612999,0.714598
2021-09-01,47460.909104,3537.800536,2.807300,1.001744,471.644053,1.195265,112.250436,0.280295,1.000885,30.323665,31.443293,43.313127,1.000907,29.940587,27.491551,1.149273,174.132616,640.232931,47531.591005,23.160895,0.000007,64.175864,1.401496,71.627728,76.747153,0.346715,0.130082,65.094441,5.210897,51.742632,0.090501,6.688550,1.001646,70.955279,177.453899,290.910627,3518.579060,22.242982,0.155342,5.072248,22.755999,0.000175,0.254541,183.264261,401.010283,180.740373,0.878325,5.411996,0.773558,1.580877,1.007825,52.709485,387.417004,0.022162,2.942552,164.160704,29.112385,1.001474,0.021620,0.052747,5.564343,61.748194,0.004306,10.493846,3538.998476,23.154242,6.426118,311.186956,12.640975,47529.751665,5.706104,455.009147,0.121105,228.145635,12.051162,69.605291,176.251630,0.010747,0.332243,0.132125,0.377009,0.193436,1.346454,2.035815,0.003302,1.463048,144.586560,25.206174,1.001235,12.711408,14.892522,0.110303,0.042435,4.047473,,2.239457,39491.243627,0.021777,8.636037,0.745896
2021-09-02,49575.468904,3765.751787,2.990973,0.999651,490.156751,1.251372,115.592913,0.299637,0.999689,32.285984,32.064101,42.849047,0.999302,30.357617,29.573742,1.147888,183.217171,663.375064,49609.929324,24.341800,0.000007,66.215138,1.469617,73.265547,78.356922,0.358300,0.142306,67.825013,5.341119,66.758403,0.098286,7.095224,0.999966,75.422453,176.586371,303.418086,3744.754316,22.221550,0.162268,5.275082,23.941469,0.000199,0.265399,187.813990,407.161234,195.822233,0.924638,5.519906,0.849110,1.637760,1.258336,55.195721,395.783210,0.022140,2.939632,169.121506,29.701516,1.000328,0.021593,0.055601,5.693998,59.056413,0.004501,10.528812,3631.600393,23.242418,6.686268,316.921633,13.319464,49615.327081,5.702476,468.995983,0.121999,240.709830,12.459301,66.394029,181.858612,0.011232,0.342611,0.146317,0.383718,0.199779,1.422586,2.075441,0.003716,1.539499,152.476186,25.299525,0.999766,13.171917,15.528055,0.114074,0.044477,4.084945,,2.258136,39301.854670,0.023777,8.918631,0.851564
2021-09-03,49939.932958,3904.735933,2.978465,1.000331,489.269082,1.277779,140.294959,0.297804,1.000138,32.868617,32.753246,47.978068,0.999826,29.491148,30.729232,1.228998,188.307895,674.001291,49869.737130,24.194651,0.000007,66.006132,1.466110,74.117824,77.762928,0.363981,0.143912,68.821623,5.296476,62.700316,0.102636,7.088840,1.001146,77.606236,174.674432,304.557657,3855.285648,21.948510,0.165882,5.333936,23.522492,0.000268,0.273873,186.287223,398.604492,265.873950,0.919993,6.327166,0.869188,1.606900,1.549224,55.969360,414.477920,0.022143,2.948109,172.683559,30.618543,1.000742,0.021592,0.057195,6.294631,59.613196,0.004931,10.325637,3591.301202,23.091095,6.948849,320.301855,13.176725,49876.149387,5.500099,472.222798,0.123021,242.515070,12.572508,67.552891,178.708062,0.012475,0.350098,0.148751,0.390644,0.203846,1.501439,2.068717,0.003795,1.625011,151.601865,25.411660,1.000186,13.602869,15.257308,0.119180,0.048128,3.890203,,2.226443,38821.616448,0.023891,9.363468,0.834563
2021-09-04,50041.218005,3914.758955,2.934914,1.000128,490.814665,1.278015,144.126168,0.296909,1.000113,33.208562,31.697322,46.495323,0.999996,28.857128,30.518389,1.208716,213.997745,708.107687,50120.839983,24.167459,0.000007,70.529327,1.554780,75.780213,83.646513,0.374472,0.145791,69.602142,5.353813,63.356583,0.101399,7.443236,1.000688,78.490648,174.849934,306.299202,3898.240401,22.371269,0.171379,5.661735,23.475075,0.000333,0.286631,200.354911,397.686151,337.596098,0.935423,6.196376,1.061518,1.597047,1.601007,57.939107,407.254997,0.022150,2.983327,179.529398,30.546972,1.001164,0.021591,0.056005,6.391387,56.308333,0.004817,10.487953,3662.902773,23.224710,7.078655,314.886838,13.066309,50128.027143,5.306478,470.195042,0.124817,251.214470,12.493698,68.821912,175.965673,0.012286,0.375837,0.146724,0.415465,0.214524,1.582861,2.083532,0.003734,1.656251,158.321596,25.613060,1.000172,13.891545,15.353676,0.121764,0.058348,3.841289,,2.253007,40694.443375,0.023660,9.029398,0.827373
2021-09-05,50144.745474,3912.992133,2.866480,1.000071,496.089956,1.260914,139.868492,0.301227,0.999827,32.567643,32.166092,46.839168,0.999355,28.986700,30.310715,1.229855,217.234818,710.295651,50157.805546,24.283493,0.000007,78.422121,1.693644,82.635624,95.075431,0.379256,0.147081,69.448341,5.386396,61.452683,0.102639,7.872346,1.000012,78.379827,172.120106,304.978379,3892.803612,22.866003,0.178049,5.709780,23.892230,0.000320,0.304814,244.510412,416.325020,319.371683,0.989212,6.021212,1.134666,1.586102,1.818114,60.452436,397.308519,0.022143,2.972806,185.318387,29.593208,1.000539,0.021574,0.055961,6.353465,53.448959,0.004769,10.416497,3612.983057,23.310852,7.462443,323.487491,13.834819,50183.859187,5.144497,505.984667,0.129154,253.963282,12.760884,65.851463,172.821146,0.012271,0.378068,0.140799,0.416721,0.229091,1.686411,2.097353,0.004415,1.671327,162.802283,25.924084,0.999628,14.401409,15.333191,0.126884,0.062010,3.930907,,2.441167,42590.749444,0.022718,8.663780,0.846750
2021-09-06,51673.046372,3934.550493,2.887708,0.999609,498.651268,1.331951,143.954932,0.310494,0.999512,34.216438,32.792799,47.821450,0.999374,29.565191,34.462630,1.340795,225.062306,776.545249,51707.095096,25.675323,0.000007,80.275312,1.660932,81.948748,113.670532,0.398302,0.151734,73.237324,5.548927,70.277031,0.103788,8.165158,0.999466,78.831832,179.366768,312.764126,3908.719837,23.159692,0.189192,6.176157,24.547820,0.000305,0.311036,337.031352,414.491773,307.331265,1.022204,6.105200,1.298664,1.623427,1.817654,63.932300,398.379877,0.022132,2.985352,191.918246,29.350136,1.000049,0.021562,0.059373,6.272928,54.877924,0.004875,11.013349,3642.833709,24.177395,9.333182,332.842366,13.978703,51674.485638,5.289511,509.614507,0.131031,258.899743,13.057241,64.490493,174.382484,0.012844,0.383391,0.145935,0.424277,0.235389,1.750372,2.171369,0.004711,1.677360,171.555836,25.920277,0.999229,15.804755,16.805260,0.130887,0.061475,4.271245,,2.521196,42288.013595,0.023777,8.680829,0.841512
2021-09-07,51231.151795,3768.972823,2.659471,1.000949,475.534063,1.301717,174.680253,0.287489,1.000446,33.039069,30.348830,44.003788,1.000212,26.863423,32.907725,1.390212,209.649248,743.845974,51218.082513,25.063027,0.000007,73.225837,1.532653,75.511824,101.617498,0.388632,0.140114,68.409486,5.259069,74.851655,0.098249,8.733404,1.000813,75.591773,173.968893,294.897317,3743.198574,21.516349,0.185514,5.798474,23.564462,0.000265,0.312417,323.103751,382.757960,270.188384,0.962955,6.317111,1.548791,1.563527,1.700879,59.142782,370.309523,0.022170,3.052116,182.690160,28.618226,1.000593,0.021604,0.057109,6.174805,54.368562,0.004579,10.878826,3445.614898,22.828651,8.994241,352.036971,12.693823,51327.342122,4.780739,470.755514,0.130543,237.203897,12.875661,64.019430,164.179853,0.011896,0.401200,0.141473,0.413465,0.219356,1.624079,2.023869,0.004242,1.585405,161.013246,24.488789,1.000165,14.781236,15.879350,0.121390,0.060470,3.973501,,2.327311,39816.095310,0.022663,9.366673,0.777842
2021-09-08,46522.126340,3438.052684,2.423103,1.001531,414.213312,1.105143,169.013043,0.253001,1.001670,27.926245,27.891344,36.782565,1.002706,23.511777,27.397051,1.633166,180.826507,662.864714,46516.620415,20.703906,0.000006,60.334472,1.326311,66.498887,84.235852,0.330738,0.119715,58.354444,4.333453,69.833165,0.090564,6.815447,1.001708,68.925904,155.810360,261.287587,3412.646991,18.923017,0.166849,4.744028,20.239403,0.000260,0.275072,322.525219,336.989154,265.579499,0.815950,8.769252,1.406865,1.412487,1.542376,48.932679,334.563035,0.022201,3.144779,155.626653,27.351283,1.002531,0.021637,0.053413,5.901037,51.468506,0.004073,8.999391,3022.764927,20.040671,7.632973,349.433230,10.936636,46434.789008,4.175722,409.299740,0.136125,202.457823,10.730887,59.437384,149.061864,0.010030,0.329062,0.131597,0.336425,0.186353,1.350321,1.705743,0.003716,1.352679,135.499316,20.514678,1.003190,12.138174,14.246472,0.101676,0.058814,3.738336,10.907850,1.961759,34547.051508,0.018718,7.989946,0.670406
2021-09-09,46422.295775,3500.106851,2.532405,1.002626,417.534520,1.110631,204.782650,0.256086,1.002967,29.004672,29.988540,42.085876,1.002801,23.753427,28.013104,2.049054,182.982131,668.550661,46415.580984,23.376089,0.000007,61.885127,1.380044,69.499794,90.244777,0.335947,0.122685,59.157137,4.683535,79.116954,0.092986,6.952805,1.003318,70.211153,198.478139,262.583208,3452.701565,18.972025,0.174199,4.834344,20.191266,0.000254,0.332190,311.672267,337.775087,264.340463,0.870653,10.597169,1.790102,1.430377,1.555134,50.461945,358.622638,0.022226,3.137266,157.698212,31.377952,1.003132,0.021657,0.054090,5.826968,62.079781,0.004145,9.176132,3033.927982,21.659453,8.837442,376.447504,11.440753,46381.257731,4.667612,414.857906,0.152887,203.395539,11.311318,62.980735,146.715563,0.010378,0.333269,0.134625,0.346594,0.190788,1.543908,1.780961,0.003741,1.418824,139.111824,21.326093,1.001682,13.424604,14.578460,0.107227,0.080567,4.881465,13.011151,2.059725,34836.354469,0.018887,10.581230,0.711284
2021-09-10,46421.540070,3416.549451,2.485266,1.003334,417.132838,1.092019,184.052515,0.250411,1.003210,30.801123,34.724550,45.123328,1.003045,23.335993,27.981422,2.081167,181.500161,657.974172,46392.461678,27.442747,0.000007,59.331727,1.372658,67.898029,87.598132,0.336287,0.121441,58.381440,6.047121,75.827787,0.091187,6.849789,1.002968,68.466439,204.440061,262.907801,3360.457103,18.720958,0.178862,4.809188,20.323572,0.000249,0.321921,328.779694,325.306666,253.663981,0.857775,9.457968,1.610312,1.406158,1.635276,50.584151,399.059257,0.022245,3.151663,156.659556,30.440124,1.005501,0.021671,0.053907,5.838699,65.670093,0.004042,8.971866,2909.747693,20.474994,8.499283,396.390096,10.892529,46503.877549,5.301558,405.956183,0.180555,203.945751,11.237284,85.866153,148.909013,0.010153,0.326149,0.131724,0.347822,0.188943,1.893615,1.746129,0.003559,1.448493,137.112532,20.887884,1.003000,13.365450,14.531960,0.114559,0.078477,5.458607,12.004735,2.285931,34623.380709,0.018642,10.746192,0.777378
2021-09-11,45548.293274,3292.987133,2.454134,1.002903,408.847834,1.082429,183.079787,0.243412,1.002311,29.525361,40.143735,50.576291,1.002491,23.037689,27.152481,2.109228,179.713549,639.040400,45456.672248,28.438495,0.000007,59.169374,1.319762,67.259821,83.131694,0.325286,0.115562,57.358950,6.530244,74.228623,0.095562,6.534864,1.002157,65.790804,230.001751,254.068417,3240.548003,18.302927,0.175600,4.715681,19.677245,0.000231,0.361905,382.937039,322.315756,234.530120,0.842363,9.157258,1.541222,1.380128,1.534902,49.137805,389.899893,0.022213,3.062699,153.077349,31.817349,1.007359,0.021639,0.051306,5.650980,62.919319,0.003954,8.675155,2872.913852,20.597406,8.644111,411.240345,10.472976,45490.512795,5.015662,399.745829,0.190527,199.324387,10.837187,85.116960,144.342225,0.009886,0.314807,0.125348,0.334762,0.183726,1.760823,1.687865,0.003412,1.423458,130.631841,20.220246,1.002916,13.085284,14.200753,0.108692,0.075328,5.398708,11.169159,2.213604,33385.661389,0.017170,12.907972,0.716711
2021-09-12,45716.298537,3375.929990,2.609674,1.002667,412.189860,1.092604,178.697349,0.244600,1.002482,32.039995,40.266420,61.361693,1.002271,23.555117,27.977547,2.125105,182.427177,641.447516,45720.498650,29.360270,0.000007,59.291253,1.334989,68.853587,83.702182,0.327775,0.117439,57.857864,6.239024,74.774258,0.105263,6.581774,1.002023,66.949706,261.840116,253.031777,3310.558245,18.421704,0.183086,4.743348,20.106789,0.000219,0.385154,374.696568,334.800024,223.631340,0.874725,8.993034,1.504022,1.389114,1.515001,49.824925,418.099861,0.022216,3.087161,154.744755,31.361774,1.006066,0.021641,0.051392,5.621095,60.366446,0.004068,8.782980,2893.417833,21.367355,9.459807,435.813068,11.175649,45777.952868,5.040673,406.769029,0.187313,200.326194,11.035321,85.525764,144.980187,0.009973,0.315649,0.126541,0.335041,0.185084,1.687890,1.700591,0.003509,1.424896,131.229910,20.490155,1.002132,13.057874,14.471062,0.108240,0.072362,5.206376,11.326672,2.331097,33686.814034,0.017463,12.395287,0.715970
2021-09-13,44841.074917,3266.808678,2.433431,1.002699,399.128640,1.067380,160.124385,0.237975,1.002713,35.595249,36.732857,53.554201,1.002715,22.457356,27.113393,2.222871,178.646176,616.924986,44809.267853,34.069122,0.000007,55.616183,1.254126,64.930523,79.064299,0.320256,0.113794,55.537089,7.141941,68.482760,0.105946,6.180204,1.002346,65.533900,267.536851,252.672769,3215.763786,18.067362,0.175606,4.687605,19.464020,0.000199,0.407237,343.857066,317.677590,207.928814,0.848113,8.286716,1.321094,1.344318,1.407072,48.210886,409.773790,0.022221,3.061171,149.673112,30.854947,1.005127,0.021658,0.050420,5.378985,54.874757,0.003965,8.418413,2771.821213,19.800299,8.639244,456.594327,10.745102,44807.591886,4.577098,384.445881,0.191291,194.848938,10.730251,87.616293,137.805318,0.009635,0.304386,0.121006,0.323978,0.179002,1.663091,1.613302,0.003709,1.451203,126.619861,19.568654,1.002327,12.483699,14.129430,0.103386,0.067838,5.069389,10.262766,2.179637,32211.079964,0.016847,11.122355,0.672447
2021-09-14,45958.682590,3332.210165,2.397623,1.002251,403.285923,1.075408,165.832646,0.237789,1.002217,36.730087,36.638908,54.154439,1.003066,23.246043,27.294528,2.154798,180.398686,621.074370,45905.900582,35.130459,0.000007,56.135841,1.291944,65.951919,79.332799,0.322032,0.115874,56.201871,7.313597,67.677635,0.115713,6.222095,1.002647,66.829117,274.206834,263.384961,3279.528283,18.243748,0.178949,4.811524,19.749343,0.000227,0.450663,377.968059,336.313594,226.163943,0.855079,8.720486,1.262252,1.362340,1.501755,50.366047,416.057963,0.022217,3.062195,151.348418,29.586632,1.005573,0.021664,0.050409,5.233180,55.698393,0.004052,8.611738,2852.983829,19.918585,8.595268,436.873419,11.332119,45982.752625,5.180374,388.521728,0.179446,200.144908,12.592848,85.839754,140.006700,0.009754,0.306347,0.125962,0.331256,0.181157,1.908101,1.644853,0.003788,1.504216,128.833104,20.265582,1.002372,12.579551,14.348424,0.104247,0.071250,6.027211,10.818206,2.436879,33277.946003,0.018737,10.750384,0.690397
2021-09-15,47294.890119,3420.942924,2.400001,1.002383,423.655669,1.092958,159.278825,0.241958,1.002246,36.756993,36.497595,52.630469,1.002235,25.481887,30.419250,2.037143,182.437036,640.435408,47301.936125,33.563810,0.000007,58.055038,1.352263,67.258864,85.220128,0.335338,0.118050,57.750543,7.189639,69.710207,0.116739,6.847301,1.002911,68.628175,271.887998,269.452096,3375.138605,18.862781,0.185979,4.866042,21.999988,0.000253,0.528793,367.378595,387.574122,265.289760,0.878688,9.054557,1.424692,1.366696,1.597767,51.645375,413.890895,0.022229,3.107784,154.291706,29.627436,1.006186,0.021664,0.051268,5.220053,55.499165,0.004073,9.341306,2902.440011,20.482933,8.784473,466.430396,12.986302,47377.962292,5.033705,431.992597,0.174312,205.919631,13.528746,85.067686,144.951653,0.010000,0.330141,0.128167,0.337735,0.185007,2.067604,1.708747,0.004299,1.544261,133.378028,22.009185,1.001992,12.722361,14.496794,0.109102,0.077974,5.956924,11.672809,2.910061,36150.988457,0.019481,10.631263,0.897233
2021-09-16,48020.958368,3599.066976,2.470756,1.001226,427.803691,1.112078,157.532246,0.244442,1.000862,35.760322,36.788581,60.260255,1.000768,26.942664,30.930919,2.026632,189.911284,642.269583,48017.814364,33.405092,0.000007,60.092934,1.434219,68.599662,86.194846,0.336926,0.120285,58.639720,6.774981,69.414273,0.116699,6.772514,1.001119,72.155222,257.553787,268.897322,3566.065304,19.009556,0.190553,5.071261,22.511389,0.000256,0.494511,362.238544,399.986266,262.827109,0.892015,8.960546,1.379068,1.354996,1.566028,51.857579,426.757070,0.022198,3.175567,157.246890,31.616168,1.004624,0.021637,0.051146,5.283402,54.681894,0.004092,10.333219,3088.722759,20.384578,8.862744,474.711917,15.208627,48001.455493,5.216847,440.237605,0.168486,211.857739,15.065473,73.403042,142.699298,0.010008,0.319908,0.127582,0.343843,0.188895,2.092953,1.718739,0.004559,1.524645,140.546022,21.474515,1.000998,12.814416,14.778375,0.112311,0.075177,5.800287,13.944692,3.208041,36156.449561,0.021046,10.536147,1.065854
2021-09-17,47674.867291,3526.208934,2.402068,1.002016,417.959660,1.082129,144.723530,0.242532,1.002195,35.070300,35.546664,65.234633,1.002227,25.554968,29.551048,2.017221,184.637156,637.386278,47682.486667,35.023678,0.000009,57.034329,1.374540,66.714671,83.839513,0.328553,0.115472,57.654813,6.478108,66.006227,0.114564,6.496033,1.001792,70.672960,253.591615,263.986463,3493.380696,18.705616,0.191356,5.151027,21.991712,0.000236,0.458170,362.320406,374.448478,240.814440,0.838523,8.543048,1.303605,1.316308,1.520633,50.106346,401.179914,0.022219,3.020681,157.743421,30.061560,1.005729,0.021653,0.048671,5.369356,50.665230,0.004019,9.864560,2883.716738,19.907773,8.518284,515.100508,13.919130,47694.624251,5.184457,409.403267,0.160063,204.223846,13.794289,73.573541,146.610698,0.009712,0.317876,0.122122,0.336585,0.188406,1.950810,1.664438,0.004667,1.489501,137.237038,21.028107,1.001834,12.703858,14.435440,0.111626,0.070389,5.548435,16.345247,3.065629,34304.029632,0.019443,9.880156,0.989648
2021-09-18,48408.936237,3466.870230,2.386998,1.001889,415.019759,1.082037,158.900633,0.242893,1.002732,34.888640,35.226756,71.491153,1.002800,24.634025,28.690049,1.984659,181.805969,629.374240,48417.123514,35.730002,0.000008,58.170989,1.396216,66.601845,85.535206,0.324966,0.113902,57.380406,6.330474,64.293197,0.107081,6.415271,1.002598,69.565766,244.256017,268.628710,3437.512705,18.893977,0.190265,5.277362,22.576209,0.000235,0.434216,354.443397,360.226231,238.854981,0.837468,8.776301,1.338779,1.293611,1.677876,49.727420,409.831462,0.022232,3.116246,158.324963,29.419450,1.006034,0.021675,0.048857,5.460673,50.186961,0.003979,10.081031,2855.937392,20.055042,8.668087,545.226955,12.859666,48419.597467,5.187206,404.191042,0.168542,203.299045,12.976362,75.388400,146.459828,0.009705,0.313058,0.120852,0.329976,0.185442,1.929712,1.660664,0.005425,1.464958,139.453233,20.865392,1.002582,12.599650,14.502812,0.109606,0.070243,5.384387,16.513261,2.865285,34056.655017,0.019007,10.368604,1.015852
2021-09-19,47965.639260,3413.993096,2.364088,1.002278,410.826813,1.071809,161.815287,0.240169,1.002428,34.111624,34.916140,71.411256,1.002208,24.229903,28.114489,2.051694,179.816654,625.529571,47971.989433,39.734833,0.000008,57.767377,1.353434,65.520701,83.810786,0.322547,0.112200,56.594019,6.434599,62.692339,0.105643,6.302371,1.002833,68.505569,238.990476,269.139855,3381.143728,18.695214,0.187387,5.258574,22.520858,0.000230,0.419161,357.621490,351.390974,236.523325,0.827387,9.181185,1.331249,1.276383,1.613882,49.243604,412.742332,0.022231,3.055648,157.111651,28.748506,1.006000,0.021669,0.049026,5.461279,49.897157,0.003925,9.706438,2829.815538,20.109189,9.380459,555.454510,12.420585,47948.187687,5.347154,398.023374,0.162338,198.433481,12.557470,77.091438,141.043817,0.009670,0.309057,0.118189,0.325552,0.183282,1.886101,1.627355,0.005842,1.448731,137.985363,20.531686,1.002426,12.412933,14.352502,0.107329,0.069042,5.297654,14.997259,2.824951,33544.800097,0.018750,10.387545,0.952708
2021-09-20,44845.595407,3133.341663,2.157682,1.000986,381.980211,0.959405,143.428778,0.217530,1.000906,30.544635,30.330044,63.391591,1.000209,22.467860,25.109940,1.751812,164.043566,568.254103,44827.630257,39.650509,0.000007,51.036012,1.215804,58.435051,78.065267,0.292175,0.098844,51.553110,5.613536,55.577609,0.095487,5.548393,1.000654,62.901145,207.477375,244.345484,3102.918908,17.500536,0.173043,4.511977,20.908736,0.000223,0.360955,314.493932,315.141997,234.253145,0.746191,8.350742,1.221803,1.142869,1.380870,43.930212,362.401827,0.022210,2.994849,148.435739,24.685234,1.004343,0.021640,0.045327,5.254219,43.805920,0.003548,8.090763,2563.375025,18.096122,9.279749,545.258313,11.038221,44912.488114,6.036718,364.724056,0.137469,179.745543,11.170393,75.338242,130.467944,0.008682,0.277412,0.104993,0.291405,0.165370,1.668749,1.437837,0.005417,1.292155,123.358788,18.410306,1.000277,10.959502,13.313196,0.093302,0.060151,4.913780,13.082593,2.579819,30839.838911,0.016640,8.604917,0.804673
2021-09-21,42986.585140,3004.909790,2.108291,1.001392,364.584542,0.935575,138.068913,0.210072,1.001159,28.880315,27.737156,60.725291,1.001684,21.061187,23.517960,1.695460,159.425664,540.283614,42941.896348,34.872316,0.000007,48.126046,1.148190,55.328182,74.525130,0.283131,0.093880,49.267054,5.239044,55.696134,0.093249,5.254196,1.000777,60.180133,200.655185,231.567309,2982.389075,16.837571,0.162526,4.202793,19.232866,0.000213,0.332985,294.911982,293.234366,220.849888,0.704490,7.649203,1.150594,1.105963,1.297516,41.205246,336.015314,0.022212,2.984953,142.205926,23.804625,1.003655,0.021640,0.043293,5.106502,40.832716,0.003401,7.526594,2473.023412,18.416957,10.569488,561.262724,10.388627,42956.990352,6.585649,338.306615,0.132793,171.350313,10.725596,74.506543,118.777389,0.008178,0.269157,0.109729,0.272215,0.156550,1.645744,1.345165,0.005410,1.285144,118.340799,17.346192,1.001471,10.373130,11.978117,0.088364,0.057771,4.535561,12.741158,2.410140,29525.845189,0.015765,8.044489,0.785657
2021-09-22,42328.043019,2927.597169,2.110653,1.001717,360.088086,0.934267,131.249315,0.210514,1.001263,28.381538,27.268427,63.514482,1.001653,20.156966,22.815973,1.690252,154.261907,522.659506,42271.904108,32.643203,0.000007,46.219325,1.132355,59.107084,71.189693,0.279814,0.092173,47.952949,4.949101,53.799819,0.092080,5.329301,1.001696,58.743532,212.641458,227.732534,2892.267269,16.644064,0.157857,4.080646,19.033650,0.000215,0.331819,288.018669,287.617463,224.244224,0.698358,7.014681,1.084185,1.100350,1.314694,39.530864,318.297483,0.022236,3.016875,142.938919,23.780909,1.003293,0.021661,0.044818,5.055811,39.093681,0.003320,7.074296,2419.002592,18.291899,8.905757,617.121129,9.769198,42332.212313,6.174001,329.055617,0.124563,165.013219,10.219926,96.330426,111.129610,0.008215,0.268480,0.115076,0.276527,0.152932,1.539757,1.305895,0.005440,1.276471,116.390554,16.570894,1.002263,9.795283,12.007906,0.085671,0.057370,4.431326,13.307768,2.387147,29133.735986,0.015176,7.482057,0.771895
2021-09-23,44040.969283,3116.175516,2.242206,1.002394,378.995742,0.997981,147.818188,0.224091,1.002218,31.532112,33.905150,75.763718,1.002726,21.467546,24.373001,1.888624,160.980940,543.953233,44017.249760,40.363179,0.000007,50.281753,1.217883,66.876524,74.136292,0.297678,0.101117,50.870852,5.774206,56.569866,0.098868,5.582534,1.002409,62.408614,248.019752,248.181675,3090.818925,17.058822,0.167935,4.307732,20.149345,0.000229,0.378722,320.757350,303.687050,238.003637,0.735479,7.812685,1.247437,1.169005,1.367245,43.015094,347.231326,0.022246,3.014005,146.197022,24.764151,1.004028,0.021666,0.049020,5.156664,50.910991,0.003521,7.866066,2536.187492,18.870470,9.663720,664.300064,10.539477,44040.054860,6.924692,347.483681,0.137988,176.265312,10.976066,104.520689,117.674908,0.008835,0.284772,0.122939,0.292756,0.161698,1.665112,1.428656,0.005627,1.365419,121.384523,18.044305,1.001944,10.765813,12.427175,0.092498,0.065731,4.774712,14.162463,2.486991,30845.869885,0.016898,8.277016,0.822015
2021-09-24,43712.430297,3014.510721,2.267881,1.002153,366.269130,0.962318,143.411577,0.216968,1.001877,31.519794,36.132822,73.818242,1.001968,20.526281,23.907233,1.872337,154.164486,528.140419,43635.070712,40.653181,0.000007,47.834990,1.165541,67.764102,68.506590,0.291734,0.097108,48.862912,6.449681,54.492508,0.095213,5.397206,1.001889,60.436957,237.666201,240.757052,2985.363497,15.742778,0.163466,4.172281,19.263546,0.000221,0.363173,320.802873,291.527024,228.440741,0.717419,8.159523,1.203344,1.127423,1.292017,41.304588,336.916038,0.022222,2.982472,140.866382,25.429092,1.002394,0.021664,0.047210,5.053202,49.478378,0.003394,8.262662,2327.403409,17.915383,9.284996,613.710083,10.011054,43573.756052,7.200011,353.523598,0.145312,174.444182,10.908087,119.093801,117.576835,0.008422,0.275120,0.123473,0.277914,0.153711,1.619363,1.395661,0.005495,1.319485,115.837575,17.364772,1.001785,10.282286,11.012183,0.088161,0.062493,4.459857,12.810445,2.544023,29323.643102,0.016420,8.087850,0.997856
2021-09-25,42755.570745,2925.607470,2.353292,1.002147,354.228133,0.943842,139.753619,0.210262,1.002580,30.775708,38.082301,70.703704,1.002436,19.664353,23.152262,1.766479,152.940799,516.031754,42764.264481,41.184298,0.000007,45.911557,1.127387,66.389009,62.147889,0.280838,0.092434,47.719447,7.174102,52.547036,0.091911,5.178717,1.003016,58.650790,229.922488,237.973633,2893.989568,13.209065,0.158926,4.035367,18.593989,0.000216,0.342582,308.939668,278.601188,224.520479,0.684184,7.816792,1.295291,1.093417,1.247988,39.570654,329.616532,0.022256,2.902862,134.864982,24.656684,1.003093,0.021686,0.046148,5.022210,46.560790,0.003293,7.781999,2282.030700,17.686241,8.931608,638.142224,9.554305,42765.858960,7.020404,339.836685,0.165447,166.303180,10.408986,124.179962,116.345459,0.008196,0.269202,0.124297,0.269298,0.149459,1.570497,1.353025,0.005226,1.251687,110.902472,16.655957,1.001353,9.809287,9.254387,0.084958,0.059822,4.226314,12.325339,2.380912,29868.088117,0.015934,7.622947,1.080652
2021-09-26,43035.955248,2956.962563,2.261019,1.002690,346.193701,0.941186,136.106312,0.206633,1.002591,29.240270,35.938704,67.840999,1.002397,20.985019,24.487493,1.707047,151.275455,511.554623,43062.171903,38.708475,0.000007,44.183765,1.119659,63.672319,56.820692,0.277661,0.090913,47.085492,6.891788,56.530740,0.088538,5.124963,1.003081,59.246620,220.091942,234.184987,2922.901440,13.414068,0.158171,3.938696,18.540497,0.000213,0.339546,296.907180,280.819376,222.040738,0.678119,7.333795,1.211470,1.080741,1.199425,38.641594,325.492369,0.022253,2.830538,130.608469,23.889726,1.003968,0.021686,0.046061,5.072762,43.559102,0.003219,7.274983,2377.517709,17.666755,8.749682,583.674791,10.018278,43135.690870,6.427818,338.034676,0.163538,162.596893,10.265597,125.214140,113.904912,0.008030,0.273457,0.124452,0.263825,0.147196,1.548976,1.341246,0.005254,1.250208,110.586668,15.998304,1.002171,9.514802,7.546127,0.083905,0.059112,4.133360,16.714632,2.339076,30256.753131,0.015862,7.641905,1.014593
2021-09-27,43716.869683,3095.484204,2.227049,1.002075,349.746329,0.959912,141.695870,0.206629,1.002069,29.202826,36.766242,68.726788,1.001763,24.479413,24.520948,1.800476,152.513682,505.644394,43684.263671,39.097558,0.000007,44.911805,1.127764,65.297458,59.540275,0.278385,0.091882,47.363806,6.439945,56.111090,0.089110,5.180694,1.002413,62.017012,225.937498,241.986002,3063.006791,14.456540,0.161071,3.993711,19.114192,0.000236,0.344572,303.156186,296.039203,246.515843,0.690539,7.345896,1.222071,1.100218,1.189667,39.136429,331.406027,0.022245,2.798959,129.542121,24.046418,1.003269,0.021680,0.045870,5.071741,44.183987,0.003224,7.381353,2378.202212,18.287876,9.083230,617.498706,11.013754,43650.324685,6.383790,358.620304,0.166267,162.385860,10.430275,132.563617,112.234286,0.008112,0.277293,0.142662,0.266849,0.149054,1.613156,1.347111,0.005502,1.244792,111.373308,15.975292,1.002048,9.700593,7.491882,0.084095,0.058979,4.425635,20.593238,2.604448,30431.305089,0.016229,7.736413,1.097998