date,quantile
2015-02-01,0.137843089098653
2015-02-02,0.147532288445804
2015-02-03,0.143088232847593
2015-02-04,0.146799036403403
2015-02-05,0.158899462816812
2015-02-06,0.0325500169272487
2015-02-07,0.0298565495304404
2015-02-08,0.0208339316802739
2015-02-09,0.0502337947365116
2015-02-10,0.0319599681553884
2015-02-11,0.0423609382586084
2015-02-12,0.0524339779310017
2015-02-13,0.0394864259947746
2015-02-14,0.0183669441901892
2015-02-15,0.0369065725259383
2015-02-16,0.0189688766772989
2015-02-17,0.075428697629083
2015-02-18,0.043785470363568
2015-02-19,0.0164178599721188
2015-02-20,0.0491461685377258
2015-02-21,0.0497029173526999
2015-02-22,0.0331414943709989
2015-02-23,0.042333688453303
2015-02-24,0.0223813282708148
2015-02-25,0.0257609971800519
2015-02-26,0.0232821306695311
2015-02-27,0.02707179144063
2015-02-28,0.0160888442024962
2015-03-01,0.0287299013119092
2015-03-02,0.0273598478380178
2015-03-03,0.0769230213200491
2015-03-04,0.119450781661142
2015-03-05,0.115988370275631
2015-03-06,0.118325133006807
2015-03-07,0.0461976232425362
2015-03-08,0.0424240707698462
2015-03-09,0.0444610224648834
2015-03-10,0.0859038706175382
2015-03-11,0.0804489727027938
2015-03-12,0.130110524320723
2015-03-13,0.0845279227002148
2015-03-14,0.0308789678353421
2015-03-15,0.0414343980421732
2015-03-16,0.0673289119344796
2015-03-17,0.0199087961307225
2015-03-18,0.0274658380684363
2015-03-19,0.0289070801962064
2015-03-20,0.0289165414442611
2015-03-21,0.0118899924459717
2015-03-22,0.0158343208652755
2015-03-23,0.0285228507655132
2015-03-24,0.0434377609779922
2015-03-25,0.0369004700220068
2015-03-26,0.0470210179563953
2015-03-27,0.0468562863552697
2015-03-28,0.0163868382167449
2015-03-29,0.0419813447987698
2015-03-30,0.038579249117491
2015-03-31,0.0391246047014118
2015-04-01,0.0290027014882507
2015-04-02,0.0172082518469708
2015-04-03,0.0173278987181345
2015-04-04,0.0258885431750261
2015-04-05,0.0316588587343118
2015-04-06,0.0218114552764601
2015-04-07,0.0202183579507513
2015-04-08,0.0198007662194088
2015-04-09,0.0224819905435205
2015-04-10,0.0232372079555403
2015-04-11,0.016984747613783
2015-04-12,0.0186034373081858
2015-04-13,0.0223554260302358
2015-04-14,0.0251811464095771
2015-04-15,0.0223043367300668
2015-04-16,0.0451462205603495
2015-04-17,0.0336718320585322
2015-04-18,0.0385212348634661
2015-04-19,0.00684990293107019
2015-04-20,0.0183287886871022
2015-04-21,0.0232681841735046
2015-04-22,0.0208882459387819
2015-04-23,0.0436991449975743
2015-04-24,0.0490341381132381
2015-04-25,0.015134052701147
2015-04-26,0.0181603356969895
2015-04-27,0.0102606114776736
2015-04-28,0.0106231056215674
2015-04-29,0.012164532894241
2015-04-30,0.00993489638992956
2015-05-01,0.0117939968959824
2015-05-02,0.0110317280356996
2015-05-03,0.0355236673195082
2015-05-04,0.0370435906187137
2015-05-05,0.0264181512423616
2015-05-06,0.00998153377841435
2015-05-07,0.0122001275260142
2015-05-08,0.0118748434125418
2015-05-09,0.0209239729372965
2015-05-10,0.011250523358062
2015-05-11,0.0175938393654014
2015-05-12,0.0412367171201317
2015-05-13,0.0177913883589237
2015-05-14,0.0300823117823602
2015-05-15,0.016465861089982
2015-05-16,0.0254425738904665
2015-05-17,0.0255429905873871
2015-05-18,0.0245716111700667
2015-05-19,0.0148507736259468
2015-05-20,0.0137601695787457
2015-05-21,0.0219127377819922
2015-05-22,0.0380405543613473
2015-05-23,0.0339235033885785
2015-05-24,0.0334820857754963
2015-05-25,0.0331534361267227
2015-05-26,0.0342121806035908
2015-05-27,0.0210396587963295
2015-05-28,0.0413844458758559
2015-05-29,0.0497396308010455
2015-05-30,0.0431963383885726
2015-05-31,0.0206309872729511
2015-06-01,0.0215418360760083
2015-06-02,0.0197044694515375
2015-06-03,0.0222127581009644
2015-06-04,0.01958777914762
2015-06-05,0.0184587634648595
2015-06-06,0.0209583927302492
2015-06-07,0.0218705586315866
2015-06-08,0.0149451452437218
2015-06-09,0.0194067635438183
2015-06-10,0.0177076287748639
2015-06-11,0.0229038263643863
2015-06-12,0.0209561946505999
2015-06-13,0.0239439249205029
2015-06-14,0.0212753002201059
2015-06-15,0.0538457931216837
2015-06-16,0.0517333849946741
2015-06-17,0.0482053330893977
2015-06-18,0.0292734072095755
2015-06-19,0.0143240278004728
2015-06-20,0.0197936325079158
2015-06-21,0.02213394939038
2015-06-22,0.020658408499655
2015-06-23,0.0137233174911874
2015-06-24,0.0207558251392628
2015-06-25,0.0110494624098404
2015-06-26,0.0286785844346493
2015-06-27,0.0300117780501533
2015-06-28,0.0251144586398972
2015-06-29,0.0167100815104419
2015-06-30,0.017012473620559
2015-07-01,0.00996511799504326
2015-07-02,0.0136115095174852
2015-07-03,0.013638292885942
2015-07-04,0.0121799840166331
2015-07-05,0.0241450099739673
2015-07-06,0.0239160617158385
2015-07-07,0.0246386204098477
2015-07-08,0.0209655289034027
2015-07-09,0.0269046845481628
2015-07-10,0.0329714385880135
2015-07-11,0.0564921897959564
2015-07-12,0.0285474331863966
2015-07-13,0.0500362641419935
2015-07-14,0.0431033487938636
2015-07-15,0.0933509217255906
2015-07-16,0.0245907634135421
2015-07-17,0.0478466198215774
2015-07-18,0.0312127893340052
2015-07-19,0.0170350816313702
2015-07-20,0.0264759364340514
2015-07-21,0.00950780144634669
2015-07-22,0.0176755998129601
2015-07-23,0.00996632763956901
2015-07-24,0.0160908608732795
2015-07-25,0.0108910684073966
2015-07-26,0.0110951691851395
2015-07-27,0.0108316740686192
2015-07-28,0.0132361563772985
2015-07-29,0.0220839326706299
2015-07-30,0.0459826011134951
2015-07-31,0.0183506845943673
2015-08-01,0.0197339691664752
2015-08-02,0.0131199999880616
2015-08-03,0.022963409835971
2015-08-04,0.0095804763188943
2015-08-05,0.0142114581331144
2015-08-06,0.0125207183783461
2015-08-07,0.0164004659023315
2015-08-08,0.018310903041802
2015-08-09,0.0536731457378292
2015-08-10,0.0533055989605187
2015-08-11,0.015098312677614
2015-08-12,0.0262993311969289
2015-08-13,0.0247077141192669
2015-08-14,0.0249938099010457
2015-08-15,0.0228323289264664
2015-08-16,0.0225326009838895
2015-08-17,0.021881844237207
2015-08-18,0.0202511808901471
2015-08-19,0.0213176425302648
2015-08-20,0.025653589107164
2015-08-21,0.0378646409338774
2015-08-22,0.0630239706765251
2015-08-23,0.0604215465995107
2015-08-24,0.0580172661750614
2015-08-25,0.0603244956123326
2015-08-26,0.0693879377358376
2015-08-27,0.0699246195714608
2015-08-28,0.0856815469518583
2015-08-29,0.0930576593799453
2015-08-30,0.0809344225727303
2015-08-31,0.0294358793689641
2015-09-01,0.0650550760661481
2015-09-02,0.0434090212628389
2015-09-03,0.0360116875509587
2015-09-04,0.0328901162781336
2015-09-05,0.039674391515403
2015-09-06,0.0353543555680815
2015-09-07,0.0288722367679457
2015-09-08,0.0391370478304584
2015-09-09,0.0414218077978937
2015-09-10,0.0370326663332394
2015-09-11,0.0294286043544569
2015-09-12,0.0535339955493532
2015-09-13,0.0441286330151083
2015-09-14,0.0478908671812558
2015-09-15,0.136364622546669
2015-09-16,0.045104037327749
2015-09-17,0.046446871878704
2015-09-18,0.0751901149168069
2015-09-19,0.080849574846444
2015-09-20,0.0853120365977432
2015-09-21,0.073583023947485
2015-09-22,0.056048267925768
2015-09-23,0.0541369931607519
2015-09-24,0.0575336090624188
2015-09-25,0.0570274262884394
2015-09-26,0.0870251980349171
2015-09-27,0.0770888252083903
2015-09-28,0.0519408464031117
2015-09-29,0.0317765958273057
2015-09-30,0.0554267443247875
2015-10-01,0.0655288378895053
2015-10-02,0.0555359596179238
2015-10-03,0.0473814153135489
2015-10-04,0.0805924185222829
2015-10-05,0.0787502126520816
2015-10-06,0.0871873893571387
2015-10-07,0.083946574766804
2015-10-08,0.0723223672263574
2015-10-09,0.0960006343501512
2015-10-10,0.0378048712664295
2015-10-11,0.0472257375910795
2015-10-12,0.0406842300308806
2015-10-13,0.0289085425182983
2015-10-14,0.0750976120156071
2015-10-15,0.0970908962290348
2015-10-16,0.056065573350367
2015-10-17,0.0440633270340434
2015-10-18,0.038547798865436
2015-10-19,0.0601303956863753
2015-10-20,0.0441151514959193
2015-10-21,0.0424440322538478
2015-10-22,0.0423797892510595
2015-10-23,0.0344425041903041
2015-10-24,0.0214754399965119
2015-10-25,0.0197900679501137
2015-10-26,0.0212729523961191
2015-10-27,0.0189022471459054
2015-10-28,0.0185090204019018
2015-10-29,0.0201630136619755
2015-10-30,0.0128256452854449
2015-10-31,0.0113591394015295
2015-11-01,0.01444942275867
2015-11-02,0.0160828056567452
2015-11-03,0.0244288181382172
2015-11-04,0.0135609782535981
2015-11-05,0.0143007319850566
2015-11-06,0.0151140209878919
2015-11-07,0.0135107495239339
2015-11-08,0.0158124346852727
2015-11-09,0.0157286614797362
2015-11-10,0.0436541395076595
2015-11-11,0.045319111056776
2015-11-12,0.0472197238578095
2015-11-13,0.0283351293219841
2015-11-14,0.0345496264800243
2015-11-15,0.0236001111814927
2015-11-16,0.0599479599243435
2015-11-17,0.0483054511541579
2015-11-18,0.0528206608578534
2015-11-19,0.0515232969249493
2015-11-20,0.042416069807442
2015-11-21,0.049957759032139
2015-11-22,0.0535273405790164
2015-11-23,0.0354230650871545
2015-11-24,0.0235372022420574
2015-11-25,0.0408168227520828
2015-11-26,0.0348904854160703
2015-11-27,0.0371505873923481
2015-11-28,0.0370348675387148
2015-11-29,0.0305413910487567
2015-11-30,0.0207877929948152
2015-12-01,0.0597453926822447
2015-12-02,0.0316727375759613
2015-12-03,0.0426991943562665
2015-12-04,0.0319752702212176
2015-12-05,0.0418272490370295
2015-12-06,0.0382674841199335
2015-12-07,0.0370240239019704
2015-12-08,0.0464742943657575
2015-12-09,0.0526946047544861
2015-12-10,0.054922138754388
2015-12-11,0.0260378544750011
2015-12-12,0.0298760494094094
2015-12-13,0.0299930222319549
2015-12-14,0.0541127691989084
2015-12-15,0.0571605516521114
2015-12-16,0.0463183883644137
2015-12-17,0.0345411896677836
2015-12-18,0.0369377357417455
2015-12-19,0.0407283747388118
2015-12-20,0.0355158892198753
2015-12-21,0.0375302004327816
2015-12-22,0.0164786309431059
2015-12-23,0.0259082155043296
2015-12-24,0.0253852188848236
2015-12-25,0.0399946087304723
2015-12-26,0.0285516708558569
2015-12-27,0.0259907126275275
2015-12-28,0.0588575863739954
2015-12-29,0.0547824069481622
2015-12-30,0.0705192055677681
2015-12-31,0.0335105168360711
2016-01-01,0.0672250458575383
2016-01-02,0.130985937185665
2016-01-03,0.0252658934637789
2016-01-04,0.0264634035684777
2016-01-05,0.0329247055246041
2016-01-06,0.0261726376756004
2016-01-07,0.03472809732709
2016-01-08,0.0301855343218382
2016-01-09,0.0198489905238708
2016-01-10,0.0434383044158248
2016-01-11,0.0382764594794723
2016-01-12,0.0363194200495718
2016-01-13,0.0293494610416154
2016-01-14,0.0475570721953794
2016-01-15,0.0530615868649687
2016-01-16,0.0239687697684804
2016-01-17,0.0443312902479373
2016-01-18,0.0550048698547618
2016-01-19,0.0282790600762553
2016-01-20,0.0319293088146472
2016-01-21,0.069280527004276
2016-01-22,0.0729042093596162
2016-01-23,0.0766120846252166
2016-01-24,0.0720289259384344
2016-01-25,0.073819200688847
2016-01-26,0.0905242940429072
2016-01-27,0.0939533443781765
2016-01-28,0.0668624913015685
2016-01-29,0.0737360130868111
2016-01-30,0.0314933155913827
2016-01-31,0.0468135833153038
2016-02-01,0.0299157702817243
2016-02-02,0.0279874649377349
2016-02-03,0.0929077299182657
2016-02-04,0.0480036114980401
2016-02-05,0.0270453585850549
2016-02-06,0.0325732295515587
2016-02-07,0.0537024291765756
2016-02-08,0.0538565721619689
2016-02-09,0.0605427819989993
2016-02-10,0.0542947873655971
2016-02-11,0.0507095452534731
2016-02-12,0.0310911545579497
2016-02-13,0.0237994838033806
2016-02-14,0.0277877581804798
2016-02-15,0.0311649460530143
2016-02-16,0.0238665575861622
2016-02-17,0.0301223149389702
2016-02-18,0.0440050839960882
2016-02-19,0.0345525924300403
2016-02-20,0.033982455207296
2016-02-21,0.0212655823525059
2016-02-22,0.0424280099242912
2016-02-23,0.0399217130317961
2016-02-24,0.0519553036653849
2016-02-25,0.0552380851329805
2016-02-26,0.0612032067744479
2016-02-27,0.0490493051842895
2016-02-28,0.0383960872239394
2016-02-29,0.0551679968662663
2016-03-01,0.0360721980059236
2016-03-02,0.0561044938926184
2016-03-03,0.0524210909920833
2016-03-04,0.0986699676894166
2016-03-05,0.0525254163606807
2016-03-06,0.0534450350414412
2016-03-07,0.0517776036332369
2016-03-08,0.0548148428999366
2016-03-09,0.071151602597474
2016-03-10,0.0566618876967512
2016-03-11,0.0565862432919158
2016-03-12,0.0580577199172517
2016-03-13,0.0594859141740688
2016-03-14,0.0566695347817381
2016-03-15,0.0550818962446205
2016-03-16,0.054518539497482
2016-03-17,0.0255145755067858
2016-03-18,0.0296784684949628
2016-03-19,0.0391982543432581
2016-03-20,0.0568207725541794
2016-03-21,0.0437426633803482
2016-03-22,0.0382332359967971
2016-03-23,0.0280419935384954
2016-03-24,0.0175802758231313
2016-03-25,0.0420493585695171
2016-03-26,0.049455893953693
2016-03-27,0.0448799721615252
2016-03-28,0.0258636536544363
2016-03-29,0.0285281093931707
2016-03-30,0.03943773794713
2016-03-31,0.0446408681413878
2016-04-01,0.0263243697757353
2016-04-02,0.0204738273350597
2016-04-03,0.021436669406064
2016-04-04,0.0235148135793603
2016-04-05,0.0309152813756356
2016-04-06,0.0332199698880972
2016-04-07,0.0343334158175225
2016-04-08,0.0291283600324918
2016-04-09,0.02028919007488
2016-04-10,0.0277763614318166
2016-04-11,0.0228782220609413
2016-04-12,0.0209317729355607
2016-04-13,0.019399420214321
2016-04-14,0.0210397491881423
2016-04-15,0.0366614383817658
2016-04-16,0.0220990423323006
2016-04-17,0.0203032123543422
2016-04-18,0.0212453138580946
2016-04-19,0.0188712399939034
2016-04-20,0.0257733387202997
2016-04-21,0.0188372630879488
2016-04-22,0.0244595890431701
2016-04-23,0.0184516024886739
2016-04-24,0.0208397341273121
2016-04-25,0.0176023469001935
2016-04-26,0.0169104424317318
2016-04-27,0.0181217195216952
2016-04-28,0.0189202757522281
2016-04-29,0.0495739862648661
2016-04-30,0.0277074165542336
2016-05-01,0.0279456468429658
2016-05-02,0.0301122314650742
2016-05-03,0.0323422674203309
2016-05-04,0.0187374906287797
2016-05-05,0.0159508863206339
2016-05-06,0.0166962093392014
2016-05-07,0.0380000208100156
2016-05-08,0.0213209558636982
2016-05-09,0.0185315809014461
2016-05-10,0.0109099196004505
2016-05-11,0.0169593235144774
2016-05-12,0.0134801449967245
2016-05-13,0.0150008037301141
2016-05-14,0.0258351997949433
2016-05-15,0.0254215266195176
2016-05-16,0.0194497918730109
2016-05-17,0.0240032913045564
2016-05-18,0.0281632458555793
2016-05-19,0.0263940812117308
2016-05-20,0.0297375432546557
2016-05-21,0.0271123634269902
2016-05-22,0.0249930447812681
2016-05-23,0.0246613559136345
2016-05-24,0.0248249554174558
2016-05-25,0.0252182395560853
2016-05-26,0.0360701858401865
2016-05-27,0.0418412055511233
2016-05-28,0.0245524757838975
2016-05-29,0.0168272776281477
2016-05-30,0.0139436788891282
2016-05-31,0.018232996706956
2016-06-01,0.0167336625408711
2016-06-02,0.0249238650215597
2016-06-03,0.0179775889390441
2016-06-04,0.0130166051077419
2016-06-05,0.0140551255416087
2016-06-06,0.0446840226758696
2016-06-07,0.0467842153859487
2016-06-08,0.0447982527767153
2016-06-09,0.0150039058675407
2016-06-10,0.0270470396087584
2016-06-11,0.0152065897632361
2016-06-12,0.0387005127281943
2016-06-13,0.0170657623893729
2016-06-14,0.0270293636304523
2016-06-15,0.0292096504107205
2016-06-16,0.0206055627551711
2016-06-17,0.0157137961328396
2016-06-18,0.0131330932420836
2016-06-19,0.0145353238816278
2016-06-20,0.0176536710227069
2016-06-21,0.0199342277175324
2016-06-22,0.0213703475335189
2016-06-23,0.0172588409084134
2016-06-24,0.0172564700205237
2016-06-25,0.030506008077487
2016-06-26,0.0202346402556337
2016-06-27,0.0204200522482508
2016-06-28,0.0371862507943694
2016-06-29,0.0236258329954811
2016-06-30,0.0169706748775372
2016-07-01,0.0208228749344522
2016-07-02,0.022336324410507
2016-07-03,0.0177870113124593
2016-07-04,0.0187030724671589
2016-07-05,0.0182775702371037
2016-07-06,0.0162805796785624
2016-07-07,0.0304487601698401
2016-07-08,0.0310570611334826
2016-07-09,0.0350502474081996
2016-07-10,0.0310292448093058
2016-07-11,0.0344052732800168
2016-07-12,0.0372663048855497
2016-07-13,0.0228433845886522
2016-07-14,0.0230892871974786
2016-07-15,0.0181281069424336
2016-07-16,0.0171942983937449
2016-07-17,0.0378701074205028
2016-07-18,0.0171238144286797
2016-07-19,0.0357651145960276
2016-07-20,0.0157257487866366
2016-07-21,0.0157299171765002
2016-07-22,0.0340823093025771
2016-07-23,0.0337243200883084
2016-07-24,0.020703406198379
2016-07-25,0.0151510617475301
2016-07-26,0.0183133391700508
2016-07-27,0.0127887317155438
2016-07-28,0.0301159705090486
2016-07-29,0.0163075192200154
2016-07-30,0.0173822278167994
2016-07-31,0.0183570550015266
2016-08-01,0.0189304586293406
2016-08-02,0.0147519667011677
2016-08-03,0.0676514437410557
2016-08-04,0.0657057446310718
2016-08-05,0.0651833285725825
2016-08-06,0.0165297311279132
2016-08-07,0.0129805119810625
2016-08-08,0.0165574773234613
2016-08-09,0.0184225270439051
2016-08-10,0.0195323768846499
2016-08-11,0.0147852268421392
2016-08-12,0.0167892341778439
2016-08-13,0.0211661534078855
2016-08-14,0.019965710590267
2016-08-15,0.022511851642496
2016-08-16,0.0222456704721549
2016-08-17,0.0617265305479627
2016-08-18,0.0214175252739779
2016-08-19,0.0229837021879734
2016-08-20,0.0227667436037098
2016-08-21,0.016089069476214
2016-08-22,0.0206778251739021
2016-08-23,0.0480580731193672
2016-08-24,0.0356049976280352
2016-08-25,0.0283386048300225
2016-08-26,0.0329562468618173
2016-08-27,0.0378591014088051
2016-08-28,0.0360222893325843
2016-08-29,0.0363045036307943
2016-08-30,0.0393789982040484
2016-08-31,0.0356610744441518
2016-09-01,0.0212668072183201
2016-09-02,0.0329909839817217
2016-09-03,0.0660248339055108
2016-09-04,0.0622845032092729
2016-09-05,0.0314687422906096
2016-09-06,0.0506112172962897
2016-09-07,0.0600986974050344
2016-09-08,0.0154162562786303
2016-09-09,0.017576208680375
2016-09-10,0.0227998708045495
2016-09-11,0.0254546754063761
2016-09-12,0.0279941611534773
2016-09-13,0.0596739843499392
2016-09-14,0.0252378506792314
2016-09-15,0.0290788134553689
2016-09-16,0.0450176289022475
2016-09-17,0.048417216498757
2016-09-18,0.0475177025682951
2016-09-19,0.0483513923098677
2016-09-20,0.046957533344811
2016-09-21,0.047252719016831
2016-09-22,0.0357858752896052
2016-09-23,0.0320705447447553
2016-09-24,0.0229405746230479
2016-09-25,0.0349753058212102
2016-09-26,0.0358413914029377
2016-09-27,0.0379802784139598
2016-09-28,0.0354629745928428
2016-09-29,0.105469543930897
2016-09-30,0.0388992879920748
2016-10-01,0.0989776968318855
2016-10-02,0.0422145215404344
2016-10-03,0.0273796247166558
2016-10-04,0.0249784462484233
2016-10-05,0.0253216742509045
2016-10-06,0.0454004535672791
2016-10-07,0.0385485200069984
2016-10-08,0.0399025995864762
2016-10-09,0.0175594192107055
2016-10-10,0.0357592256416771
2016-10-11,0.0328965424517563
2016-10-12,0.0319190220631478
2016-10-13,0.027684566040701
2016-10-14,0.0198925200382389
2016-10-15,0.0164909720486181
2016-10-16,0.0507158607150147
2016-10-17,0.0138557298567758
2016-10-18,0.0208146279352408
2016-10-19,0.0172491654225706
2016-10-20,0.0181546381438615
2016-10-21,0.0125311408503552
2016-10-22,0.0203323589856128
2016-10-23,0.0320608219793857
2016-10-24,0.0318791631889145
2016-10-25,0.0299405874618005
2016-10-26,0.0244529050124002
2016-10-27,0.0262112501000037
2016-10-28,0.0311311088347358
2016-10-29,0.0504243068806557
2016-10-30,0.0318590989655627
2016-10-31,0.016665492436515
2016-11-01,0.0189774808950368
2016-11-02,0.0223590606741671
2016-11-03,0.0153471450201219
2016-11-04,0.0203241766504067
2016-11-05,0.0239786259224957
2016-11-06,0.0202859447160017
2016-11-07,0.0194782973619308
2016-11-08,0.0152653909678063
2016-11-09,0.0246006900321352
2016-11-10,0.0229539187822168
2016-11-11,0.0194026663383482
2016-11-12,0.0191775161006573
2016-11-13,0.0327197654089962
2016-11-14,0.0433671364728837
2016-11-15,0.0478705833856203
2016-11-16,0.0218907605733025
2016-11-17,0.0289988792187714
2016-11-18,0.0250517851667854
2016-11-19,0.0251881041770268
2016-11-20,0.018983269129027
2016-11-21,0.0236175078166451
2016-11-22,0.0226276258561295
2016-11-23,0.0164003773030809
2016-11-24,0.0314423054698866
2016-11-25,0.0320106718540467
2016-11-26,0.0324362333073935
2016-11-27,0.0341956312632821
2016-11-28,0.0336597765784762
2016-11-29,0.0320850707522685
2016-11-30,0.0280385492049526
2016-12-01,0.0308271291337467
2016-12-02,0.0253686921801329
2016-12-03,0.0235694530627957
2016-12-04,0.023465949621205
2016-12-05,0.0295479596345734
2016-12-06,0.0311712275275465
2016-12-07,0.0350985110595893
2016-12-08,0.0318825530076531
2016-12-09,0.0352749102706029
2016-12-10,0.0370116392031552
2016-12-11,0.0396969910417488
2016-12-12,0.0373664904291632
2016-12-13,0.0313171608936054
2016-12-14,0.0386745552650058
2016-12-15,0.0404445816664354
2016-12-16,0.0351272437449531
2016-12-17,0.0423974635849217
2016-12-18,0.0366229502322479
2016-12-19,0.0324940525574447
2016-12-20,0.0306032446011615
2016-12-21,0.0402456332852938
2016-12-22,0.0414069062656471
2016-12-23,0.0365344583101147
2016-12-24,0.0336333788458793
2016-12-25,0.0252919152508391
2016-12-26,0.0315444955401089
2016-12-27,0.0213927024242077
2016-12-28,0.0192868794617988
2016-12-29,0.0242317180360632
2016-12-30,0.0323214779172651
2016-12-31,0.0333858533167878
2017-01-01,0.0442557884194836
2017-01-02,0.0293869152525235
2017-01-03,0.0380459784803236
2017-01-04,0.0267644282979673
2017-01-05,0.0336382842981421
2017-01-06,0.0545706516708267
2017-01-07,0.0366445944349154
2017-01-08,0.0644916662717011
2017-01-09,0.0335396067874975
2017-01-10,0.031936624325827
2017-01-11,0.0168496598906168
2017-01-12,0.0358151015123353
2017-01-13,0.0292915435528951
2017-01-14,0.0312374302234621
2017-01-15,0.0336209369563811
2017-01-16,0.0323144278810983
2017-01-17,0.0460610620413645
2017-01-18,0.050120338701641
2017-01-19,0.0333131094706934
2017-01-20,0.0362302513704408
2017-01-21,0.0369647738077311
2017-01-22,0.0385750600813209
2017-01-23,0.0398328849968265
2017-01-24,0.04604923390457
2017-01-25,0.0331613056868994
2017-01-26,0.0350016481340934
2017-01-27,0.0329549098970519
2017-01-28,0.026711567954352
2017-01-29,0.0360321204816803
2017-01-30,0.0382271710551704
2017-01-31,0.0444444441362513
2017-02-01,0.039065249613193
2017-02-02,0.0335099172877588
2017-02-03,0.0312434193344851
2017-02-04,0.0912506875920439
2017-02-05,0.0396261538911028
2017-02-06,0.0318405012541953
2017-02-07,0.0379575385900705
2017-02-08,0.0342073605884565
2017-02-09,0.049272998729011
2017-02-10,0.0404087154076287
2017-02-11,0.0509515882503492
2017-02-12,0.0440500374239763
2017-02-13,0.057330456280735
2017-02-14,0.0472835386222674
2017-02-15,0.0488488109825697
2017-02-16,0.0413639196219597
2017-02-17,0.0436371230625356
2017-02-18,0.0321505916636431
2017-02-19,0.0333818947862486
2017-02-20,0.0275542602656001
2017-02-21,0.034520577693088
2017-02-22,0.0308058010771148
2017-02-23,0.0387318105798509
2017-02-24,0.0509919747595479
2017-02-25,0.0302682532923737
2017-02-26,0.0355394422689642
2017-02-27,0.023375262470675
2017-02-28,0.0209391921086465
2017-03-01,0.0338462749710413
2017-03-02,0.0351708639739012
2017-03-03,0.0349482516803863
2017-03-04,0.0309484756091854
2017-03-05,0.0361949527122066
2017-03-06,0.0453213670698984
2017-03-07,0.0400276099507701
2017-03-08,0.0413785169997497
2017-03-09,0.0385350066129778
2017-03-10,0.047285422101201
2017-03-11,0.0462779263012834
2017-03-12,0.0472050955761331
2017-03-13,0.0500127860916523
2017-03-14,0.100053325939669
2017-03-15,0.0382560096742024
2017-03-16,0.0359821059505954
2017-03-17,0.0445796030323525
2017-03-18,0.0552188447346001
2017-03-19,0.0677862107312504
2017-03-20,0.0531557354104779
2017-03-21,0.0670006577024309
2017-03-22,0.0707537408663253
2017-03-23,0.0719518573738515
2017-03-24,0.0363637643003738
2017-03-25,0.043320731372974
2017-03-26,0.039310479365153
2017-03-27,0.0712558837999232
2017-03-28,0.0416573314379533
2017-03-29,0.0463893355079794
2017-03-30,0.0474827818788815
2017-03-31,0.0960242683425506
2017-04-01,0.0949864966862381
2017-04-02,0.0516827356686226
2017-04-03,0.0527695944403065
2017-04-04,0.0421557910971959
2017-04-05,0.0467178434278516
2017-04-06,0.0513936107738391
2017-04-07,0.0433835451031178
2017-04-08,0.0419325584510458
2017-04-09,0.048681423967104
2017-04-10,0.0395279877082571
2017-04-11,0.040272006028361
2017-04-12,0.0398355198867887
2017-04-13,0.0432875010635634
2017-04-14,0.0649010930928007
2017-04-15,0.0471005824299938
2017-04-16,0.044211129686762
2017-04-17,0.0413085622596343
2017-04-18,0.0431621965547746
2017-04-19,0.0423347087550712
2017-04-20,0.0329640586506448
2017-04-21,0.0377467048010755
2017-04-22,0.0364208965740119
2017-04-23,0.0421711895954386
2017-04-24,0.0303917034721445
2017-04-25,0.0534811706245954
2017-04-26,0.0509588138275317
2017-04-27,0.048070051870975
2017-04-28,0.0546992678347664
2017-04-29,0.0556584669408379
2017-04-30,0.0516935813056033
2017-05-01,0.0402432993469298
2017-05-02,0.0384334943947534
2017-05-03,0.0356224520256747
2017-05-04,0.0688285612878022
2017-05-05,0.0511056376713519
2017-05-06,0.0964384615161007
2017-05-07,0.0787512602450508
2017-05-08,0.0788568190827919
2017-05-09,0.0480876343886457
2017-05-10,0.0552058401774758
2017-05-11,0.0518556598917507
2017-05-12,0.0643286107233802
2017-05-13,0.0732884950807007
2017-05-14,0.05291228179822
2017-05-15,0.0590798804894207
2017-05-16,0.0550600585492597
2017-05-17,0.0634392568177011
2017-05-18,0.0582083488451274
2017-05-19,0.0847433222027008
2017-05-20,0.0499566305582238
2017-05-21,0.0496624941790367
2017-05-22,0.041096191019451
2017-05-23,0.077712582568486
2017-05-24,0.084593074778197
2017-05-25,0.0855491490818674
2017-05-26,0.0481752878836365
2017-05-27,0.307797891580245
2017-05-28,0.293730104644527
2017-05-29,0.0778711069794613
2017-05-30,0.0793964377482448
2017-05-31,0.0774901766365993
2017-06-01,0.117747373320633
2017-06-02,0.109695583778449
2017-06-03,0.11491618387898
2017-06-04,0.131803035193963
2017-06-05,0.112616973007048
2017-06-06,0.0693141661807061
2017-06-07,0.044118265394176
2017-06-08,0.0746149342564678
2017-06-09,0.0887827311919184
2017-06-10,0.0858870338228638
2017-06-11,0.119390170071233
2017-06-12,0.093376220689081
2017-06-13,0.0977919710729836
2017-06-14,0.101095220510767
2017-06-15,0.109461500721126
2017-06-16,0.261173305992647
2017-06-17,0.2521922800484
2017-06-18,0.231110171967121
2017-06-19,0.131689379484026
2017-06-20,0.266775268878615
2017-06-21,0.12517758622715
2017-06-22,0.252865932447756
2017-06-23,0.256110436602186
2017-06-24,0.252852319832108
2017-06-25,0.252590623316572
2017-06-26,0.101705622865224
2017-06-27,0.0949896459607275
2017-06-28,0.0970279158462354
2017-06-29,0.0983116521623893
2017-06-30,0.102553367926048
2017-07-01,0.0634166640099484
2017-07-02,0.225422299062836
2017-07-03,0.232551254723433
2017-07-04,0.223447091561768
2017-07-05,0.0838342969430218
2017-07-06,0.0837538303952844
2017-07-07,0.0782158666932428
2017-07-08,0.0810592775946938
2017-07-09,0.102924370233129
2017-07-10,0.0649120365388243
2017-07-11,0.0855639586915878
2017-07-12,0.0882683834027448
2017-07-13,0.0896852009245945
2017-07-14,0.111914035289557
2017-07-15,0.106651694434105
2017-07-16,0.226289827054689
2017-07-17,0.121099264568554
2017-07-18,0.177029821522057
2017-07-19,0.170273817682053
2017-07-20,0.172364025678769
2017-07-21,0.109392733409345
2017-07-22,0.118325896789042
2017-07-23,0.111142012012807
2017-07-24,0.086082472180088
2017-07-25,0.110180440871485
2017-07-26,0.118576635237079
2017-07-27,0.124151552610999
2017-07-28,0.128273471068118
2017-07-29,0.122425277039945
2017-07-30,0.108721649610453
2017-07-31,0.110192291931204
2017-08-01,0.117192582232185
2017-08-02,0.160474689108457
2017-08-03,0.11418831465699
2017-08-04,0.138081241197361
2017-08-05,0.137769296415114
2017-08-06,0.132955333716914
2017-08-07,0.128237886452496
2017-08-08,0.127446783216057
2017-08-09,0.109707763952553
2017-08-10,0.0956819993121538
2017-08-11,0.130027467186719
2017-08-12,0.0816122177301048
2017-08-13,0.113123196740204
2017-08-14,0.145891219225117
2017-08-15,0.0831168815131084
2017-08-16,0.0818538652766825
2017-08-17,0.0868711317815863
2017-08-18,0.0957237970997633
2017-08-19,0.135763870779981
2017-08-20,0.0957476535034223
2017-08-21,0.162468995268668
2017-08-22,0.0895264557655621
2017-08-23,0.161972109098922
2017-08-24,0.0655123285748947
2017-08-25,0.0776385407793961
2017-08-26,0.070311401797919
2017-08-27,0.0640801352768019
2017-08-28,0.09638989343443
2017-08-29,0.0893720414533665
2017-08-30,0.0848366642919572
2017-08-31,0.0659015938473481
2017-09-01,0.124278371450118
2017-09-02,0.0837290500088997
2017-09-03,0.116698013798413
2017-09-04,0.112072480954213
2017-09-05,0.102798451029116
2017-09-06,0.182550113011533
2017-09-07,0.116396449525084
2017-09-08,0.117759433431781
2017-09-09,0.148622886255285
2017-09-10,0.156140504853176
2017-09-11,0.131831193489917
2017-09-12,0.169709322185624
2017-09-13,0.141400593548517
2017-09-14,0.120495561674068
2017-09-15,0.144455835792731
2017-09-16,0.114438471502934
2017-09-17,0.136191483690703
2017-09-18,0.107423537174117
2017-09-19,0.0972903764141715
2017-09-20,0.0951041391245683
2017-09-21,0.11785046455156
2017-09-22,0.0745232443600711
2017-09-23,0.132127444970506
2017-09-24,0.13460379873673
2017-09-25,0.091294686119549
2017-09-26,0.14033802466057
2017-09-27,0.142372079762897
2017-09-28,0.132322827500484
2017-09-29,0.133961364147045
2017-09-30,0.0969350658186626
2017-10-01,0.13748850728336
2017-10-02,0.103242632762857
2017-10-03,0.130546558973114
2017-10-04,0.202577109481015
2017-10-05,0.112343951997939
2017-10-06,0.107736256307264
2017-10-07,0.191481636771356
2017-10-08,0.120734115877768
2017-10-09,0.108826462861821
2017-10-10,0.118798017102659
2017-10-11,0.159936296660678
2017-10-12,0.202913610175407
2017-10-13,0.1887828486433
2017-10-14,0.185175311980128
2017-10-15,0.266792442955533
2017-10-16,0.110094062160731
2017-10-17,0.142034354919884
2017-10-18,0.131871793905824
2017-10-19,0.146107873426654
2017-10-20,0.149715671479176
2017-10-21,0.141422198169789
2017-10-22,0.111294300500047
2017-10-23,0.111279275883113
2017-10-24,0.0989619126095079
2017-10-25,0.0987430355744639
2017-10-26,0.0570555129152844
2017-10-27,0.0663199274121465
2017-10-28,0.0683053492966004
2017-10-29,0.0678444190750912
2017-10-30,0.0559577349595371
2017-10-31,0.0639307056692209
2017-11-01,0.0777576576679163
2017-11-02,0.0857062120080256
2017-11-03,0.0791740398020193
2017-11-04,0.0775351679959903
2017-11-05,0.0678152900095782
2017-11-06,0.0776508829503205
2017-11-07,0.0715813852926553
2017-11-08,0.0994240429631095
2017-11-09,0.11122015441438
2017-11-10,0.0932749632737119
2017-11-11,0.0892327176334495
2017-11-12,0.108118892198194
2017-11-13,0.0906435900835063
2017-11-14,0.0855220353487335
2017-11-15,0.100044906380392
2017-11-16,0.057354343390368
2017-11-17,0.0571602495138546
2017-11-18,0.0486174905345656
2017-11-19,0.0581903150543527
2017-11-20,0.059152096903124
2017-11-21,0.0562549785804725
2017-11-22,0.0683802509322543
2017-11-23,0.0487553499281673
2017-11-24,0.0494140336857204
2017-11-25,0.0503200450254367
2017-11-26,0.0412310664915541
2017-11-27,0.0905320436276957
2017-11-28,0.0731192529825005
2017-11-29,0.0626961508848344
2017-11-30,0.0670224144638257
2017-12-01,0.0899394580951168
2017-12-02,0.0810302825256519
2017-12-03,0.0942775738021438
2017-12-04,0.0987862544804388
2017-12-05,0.0674700287338878
2017-12-06,0.0760862794660421
2017-12-07,0.0740953821544195
2017-12-08,0.081039865659071
2017-12-09,0.0968918650814508
2017-12-10,0.0960872714692357
2017-12-11,0.0853995558482454
2017-12-12,0.101752346469175
2017-12-13,0.139441834492648
2017-12-14,0.147654168412334
2017-12-15,0.139902894758185
2017-12-16,0.105553419787316
2017-12-17,0.122534853891111
2017-12-18,0.125900870781851
2017-12-19,0.138764536333475
2017-12-20,0.0833548230334558
2017-12-21,0.128860823520134
2017-12-22,0.0838473208067553
2017-12-23,0.117075140760262
2017-12-24,0.088622853113608
2017-12-25,0.112677275993076
2017-12-26,0.0807924295211642
2017-12-27,0.110260473904392
2017-12-28,0.0928660975801046
2017-12-29,0.0964965376209155
2017-12-30,0.115078907544778
2017-12-31,0.141248201910277
2018-01-01,0.143889684267411
2018-01-02,0.15291357244115
2018-01-03,0.188239737725331
2018-01-04,0.167736952084909
2018-01-05,0.165354721677403
2018-01-06,0.169291968993132
2018-01-07,0.178673194760817
2018-01-08,0.155013035747821
2018-01-09,0.155434401683359
2018-01-10,0.147976476188532
2018-01-11,0.144989873516512
2018-01-12,0.148588000149692
2018-01-13,0.117527053664568
2018-01-14,0.132785219684876
2018-01-15,0.185263549016687
2018-01-16,0.311446180205039
2018-01-17,0.220535596390121
2018-01-18,0.260045888295956
2018-01-19,0.22160768796013
2018-01-20,0.195156017322127
2018-01-21,0.22831933846549
2018-01-22,0.193970223478461
2018-01-23,0.162127166915699
2018-01-24,0.209786716489803
2018-01-25,0.209632952242928
2018-01-26,0.211684470214325
2018-01-27,0.30242816962815
2018-01-28,0.189568852309437
2018-01-29,0.221905573180342
2018-01-30,0.17300052916637
2018-01-31,0.223001619182514
2018-02-01,0.155450675304747
2018-02-02,0.157165274520002
2018-02-03,0.15025629976618
2018-02-04,0.209919011413136
2018-02-05,0.154673157010036
2018-02-06,0.205705554161783
2018-02-07,0.1747187387391
2018-02-08,0.161592640912065
2018-02-09,0.247253343266207
2018-02-10,0.134198702638183
2018-02-11,0.184602244203392
2018-02-12,0.138472385246791
2018-02-13,0.243707772158837
2018-02-14,0.241383707528817
2018-02-15,0.236288984838542
2018-02-16,0.19599666754371
2018-02-17,0.15052804370017
2018-02-18,0.131510683071605
2018-02-19,0.16295622701028
2018-02-20,0.130427928944861
2018-02-21,0.149782855291497
2018-02-22,0.159797981485497
2018-02-23,0.234064782768675
2018-02-24,0.163876597106907
2018-02-25,0.189951596238316
2018-02-26,0.144104385529118
2018-02-27,0.120241934931471
2018-02-28,0.117089529241145
2018-03-01,0.132336353216271
2018-03-02,0.110276427899508
2018-03-03,0.133679030848778
2018-03-04,0.117985547563319
2018-03-05,0.152843869525385
2018-03-06,0.12980294370384
2018-03-07,0.0948828916910965
2018-03-08,0.213965295101814
2018-03-09,0.186090937007064
2018-03-10,0.180663532073105
2018-03-11,0.243354744114447
2018-03-12,0.165527689653624
2018-03-13,0.143861951847963
2018-03-14,0.182520597722341
2018-03-15,0.192840262957454
2018-03-16,0.209633270486994
2018-03-17,0.209188302383125
2018-03-18,0.200445476109678
2018-03-19,0.14923605504809
2018-03-20,0.108967331312193
2018-03-21,0.150039080390808
2018-03-22,0.143181068129528
2018-03-23,0.133011473895678
2018-03-24,0.179680820722369
2018-03-25,0.144554449324203
2018-03-26,0.225664763881563
2018-03-27,0.152520652397484
2018-03-28,0.140356479765973
2018-03-29,0.149997337998328
2018-03-30,0.108052181679611
2018-03-31,0.134700438242717
2018-04-01,0.135760623157659
2018-04-02,0.123456918506203
2018-04-03,0.140864520794403
2018-04-04,0.154189981984665
2018-04-05,0.132983473645606
2018-04-06,0.130370626490809
2018-04-07,0.129002861790868
2018-04-08,0.125129596218527
2018-04-09,0.127206854147731
2018-04-10,0.11768973397096
2018-04-11,0.109142357211901
2018-04-12,0.12095244035696
2018-04-13,0.116926512052033
2018-04-14,0.15888177707411
2018-04-15,0.133925254982045
2018-04-16,0.135033102397273
2018-04-17,0.10806933445924
2018-04-18,0.164347174223239
2018-04-19,0.153115011322582
2018-04-20,0.141802166497937
2018-04-21,0.158193063284429
2018-04-22,0.138976810162782
2018-04-23,0.155155123930296
2018-04-24,0.129326493042268
2018-04-25,0.145325321152379
2018-04-26,0.129297190897644
2018-04-27,0.119763434853318
2018-04-28,0.154712745715199
2018-04-29,0.191292105528776
2018-04-30,0.188115089810806
2018-05-01,0.130729511279274
2018-05-02,0.119975423898692
2018-05-03,0.148733209989888
2018-05-04,0.120959563385127
2018-05-05,0.144708467832841
2018-05-06,0.135163256301968
2018-05-07,0.131443546971294
2018-05-08,0.118912945089027
2018-05-09,0.146740094669418
2018-05-10,0.161656678411563
2018-05-11,0.14996965544955
2018-05-12,0.159023049463479
2018-05-13,0.155328617384332
2018-05-14,0.199159923118913
2018-05-15,0.123921290633935
2018-05-16,0.15023966314935
2018-05-17,0.133794374732927
2018-05-18,0.129439358983186
2018-05-19,0.130372215307879
2018-05-20,0.132870858759327
2018-05-21,0.113504677410252
2018-05-22,0.0991849130269762
2018-05-23,0.086215589234963
2018-05-24,0.113390968514157
2018-05-25,0.0997415444688794
2018-05-26,0.116350179546125
2018-05-27,0.12131160164759
2018-05-28,0.0877736350706319
2018-05-29,0.159442853317879
2018-05-30,0.157189307046655
2018-05-31,0.117425387375335
2018-06-01,0.112384884197666
2018-06-02,0.12641365945358
2018-06-03,0.137053111158371
2018-06-04,0.117669986717052
2018-06-05,0.151555584798584
2018-06-06,0.195567329558594
2018-06-07,0.147612361226837
2018-06-08,0.109622371503228
2018-06-09,0.142062784797033
2018-06-10,0.148230013842773
2018-06-11,0.140400488862736
2018-06-12,0.14281128402178
2018-06-13,0.105049108982862
2018-06-14,0.124707301180886
2018-06-15,0.148693840446978
2018-06-16,0.139229868465077
2018-06-17,0.159959713598867
2018-06-18,0.165026709955261
2018-06-19,0.183522285005904
2018-06-20,0.136783282214064
2018-06-21,0.130744425504039
2018-06-22,0.163471871670546
2018-06-23,0.179659273278894
2018-06-24,0.176643269479425
2018-06-25,0.140222704640376
2018-06-26,0.132734938457262
2018-06-27,0.0991654117686175
2018-06-28,0.0862061178711137
2018-06-29,0.164950618852182
2018-06-30,0.0973227487412343
2018-07-01,0.100167125981338
2018-07-02,0.133982229815032
2018-07-03,0.159760401636564
2018-07-04,0.14546153642905
2018-07-05,0.152009462817161
2018-07-06,0.103143646805401
2018-07-07,0.0998747791354355
2018-07-08,0.137754662224469
2018-07-09,0.101313989267868
2018-07-10,0.0861752002246176
2018-07-11,0.054692771151877
2018-07-12,0.0568299559364498
2018-07-13,0.0640133440956862
2018-07-14,0.0792513856983052
2018-07-15,0.0788727845896318
2018-07-16,0.0831040079887974
2018-07-17,0.0974437127124738
2018-07-18,0.085147778468529
2018-07-19,0.0802381602346963
2018-07-20,0.0558190583517472
2018-07-21,0.0590307836776237
2018-07-22,0.107168808121901
2018-07-23,0.14012595876649
2018-07-24,0.0956257037573888
2018-07-25,0.093586923039502
2018-07-26,0.10935415746641
2018-07-27,0.0735377321605973
2018-07-28,0.118665248963295
2018-07-29,0.078697074030312
2018-07-30,0.057560323197367
2018-07-31,0.062938870291375
2018-08-01,0.0794148374583777
2018-08-02,0.0850807209248842
2018-08-03,0.0794236533961719
2018-08-04,0.0631003267368662
2018-08-05,0.0867008215190908
2018-08-06,0.08696752460751
2018-08-07,0.101655346857724
2018-08-08,0.0964166419793391
2018-08-09,0.104019482769607
2018-08-10,0.0798984610637736
2018-08-11,0.0803893796589055
2018-08-12,0.0890632731251803
2018-08-13,0.0817226077035475
2018-08-14,0.0728638307696787
2018-08-15,0.0758380154588186
2018-08-16,0.0560763449809715
2018-08-17,0.113808986667766
2018-08-18,0.0719832552338511
2018-08-19,0.086165787207439
2018-08-20,0.055758609699715
2018-08-21,0.0607818531227345
2018-08-22,0.037277620994151
2018-08-23,0.0517033076600143
2018-08-24,0.0584172195324367
2018-08-25,0.0635691487357219
2018-08-26,0.0811031279307831
2018-08-27,0.0616554051372325
2018-08-28,0.0631417560432448
2018-08-29,0.0767307813401911
2018-08-30,0.0858434581029213
2018-08-31,0.086942553674716
2018-09-01,0.0693950731482322
2018-09-02,0.0708506407707731
2018-09-03,0.0592476805436258
2018-09-04,0.0618736174742603
2018-09-05,0.0637969209709239
2018-09-06,0.0714313567638432
2018-09-07,0.0806585941621259
2018-09-08,0.118622871359865
2018-09-09,0.095467862249069
2018-09-10,0.0573030271331316
2018-09-11,0.0963362618872611
2018-09-12,0.0606825096216093
2018-09-13,0.0617105983649593
2018-09-14,0.0561428147677052
2018-09-15,0.0632040427317651
2018-09-16,0.0625829033047191
2018-09-17,0.0621946079021828
2018-09-18,0.0779002319171181
2018-09-19,0.0763817366846975
2018-09-20,0.0592615869954801
2018-09-21,0.0724498273908568
2018-09-22,0.0751187878883984
2018-09-23,0.0831242090038007
2018-09-24,0.0951662351997566
2018-09-25,0.0790380228732447
2018-09-26,0.0774663145424043
2018-09-27,0.0694594158666296
2018-09-28,0.0827309125604645
2018-09-29,0.0784732907030408
2018-09-30,0.0756897880715158
2018-10-01,0.0754377219069399
2018-10-02,0.0744763723374135
2018-10-03,0.070987637116594
2018-10-04,0.0710322685720517
2018-10-05,0.0609742171525228
2018-10-06,0.0642420526962654
2018-10-07,0.0716131928727947
2018-10-08,0.0909577446238666
2018-10-09,0.0790211533666417
2018-10-10,0.0688140377575007
2018-10-11,0.120312734778412
2018-10-12,0.145176477221188
2018-10-13,0.133026353047753
2018-10-14,0.136308129225225
2018-10-15,0.123452733104049
2018-10-16,0.0986258352600384
2018-10-17,0.110659809679298
2018-10-18,0.102660815156229
2018-10-19,0.0933020932005413
2018-10-20,0.107488645460871
2018-10-21,0.0961770595938975
2018-10-22,0.0636471391720344
2018-10-23,0.0826015557490128
2018-10-24,0.0824036466689904
2018-10-25,0.0742930837682886
2018-10-26,0.0731218641156692
2018-10-27,0.0739364081569808
2018-10-28,0.0774748843921159
2018-10-29,0.0698449135417927
2018-10-30,0.0678452062190612
2018-10-31,0.062168784088301
2018-11-01,0.0639937827270188
2018-11-02,0.041735979588048
2018-11-03,0.0283351553671868
2018-11-04,0.068903166211509
2018-11-05,0.060302733161798
2018-11-06,0.0834617160706263
2018-11-07,0.086349066504205
2018-11-08,0.0783882562402981
2018-11-09,0.0832727388216794
2018-11-10,0.0756411138941848
2018-11-11,0.0938871694246457
2018-11-12,0.0813436588095478
2018-11-13,0.0720077960524783
2018-11-14,0.0946328873045618
2018-11-15,0.0695016774131631
2018-11-16,0.0921961764477526
2018-11-17,0.116687291001127
2018-11-18,0.122505211326083
2018-11-19,0.0840313984066377
2018-11-20,0.07757095338502
2018-11-21,0.102876775993487
2018-11-22,0.0816598100364171
2018-11-23,0.0688277280865246
2018-11-24,0.081658709867733
2018-11-25,0.199046316953498
2018-11-26,0.0941243581780546
2018-11-27,0.116480288175315
2018-11-28,0.102161598014707
2018-11-29,0.101122197893558
2018-11-30,0.102230713884151
2018-12-01,0.0938298786229936
2018-12-02,0.0870871404071235
2018-12-03,0.194303622249719
2018-12-04,0.0695604402947967
2018-12-05,0.104095361740343
2018-12-06,0.131042720586769
2018-12-07,0.072543619353138
2018-12-08,0.0594472829057609
2018-12-09,0.0903959231534973
2018-12-10,0.095109701491597
2018-12-11,0.0876107386455132
2018-12-12,0.0916365521340466
2018-12-13,0.109807821348322
2018-12-14,0.107991197467935
2018-12-15,0.129712961422189
2018-12-16,0.0995438981889381
2018-12-17,0.0993223021204384
2018-12-18,0.11277584825272
2018-12-19,0.133100044434974
2018-12-20,0.10651225322332
2018-12-21,0.0855153812285848
2018-12-22,0.0953570210204743
2018-12-23,0.0854537698245595
2018-12-24,0.0937279550635545
2018-12-25,0.104039154849162
2018-12-26,0.0676725020009019
2018-12-27,0.113586284685327
2018-12-28,0.107694540595818
2018-12-29,0.113184726979976
2018-12-30,0.112260718198623
2018-12-31,0.117388064315834
2019-01-01,0.108298162416664
2019-01-02,0.110368735356448
2019-01-03,0.109372706253864
2019-01-04,0.120839054842725
2019-01-05,0.127369308823087
2019-01-06,0.116182808863793
2019-01-07,0.0961148379800237
2019-01-08,0.113666687466596
2019-01-09,0.126170860402606
2019-01-10,0.154948920544929
2019-01-11,0.153614235045788
2019-01-12,0.145506272339888
2019-01-13,0.14412569380442
2019-01-14,0.177042095935423
2019-01-15,0.154161211472053
2019-01-16,0.141116231622059
2019-01-17,0.149449811706287
2019-01-18,0.154378222890345
2019-01-19,0.160057528811621
2019-01-20,0.150724311352279
2019-01-21,0.134687639624264
2019-01-22,0.0910714030317701
2019-01-23,0.090928620694469
2019-01-24,0.105249692503585
2019-01-25,0.0956631469851034
2019-01-26,0.0912946485277634
2019-01-27,0.143249419768097
2019-01-28,0.128935056315292
2019-01-29,0.11002048054523
2019-01-30,0.106337712098568
2019-01-31,0.121386322866284
2019-02-01,0.0860230766804082
2019-02-02,0.0866904331397716
2019-02-03,0.086131122175198
2019-02-04,0.0856448359181914
2019-02-05,0.111369131650247
2019-02-06,0.0799167782635088
2019-02-07,0.0681642077938111
2019-02-08,0.118197953555799
2019-02-09,0.12095848955509
2019-02-10,0.0885476128777004
2019-02-11,0.0877980473077041
2019-02-12,0.0709195284361908
2019-02-13,0.0766016572861911
2019-02-14,0.0606552128438037
2019-02-15,0.0979228616150663
2019-02-16,0.0713329714839318
2019-02-17,0.0723192217146725
2019-02-18,0.0791514339924245
2019-02-19,0.062719272169338
2019-02-20,0.0606025710913924
2019-02-21,0.0603373788074111
2019-02-22,0.0902611059937472
2019-02-23,0.093849603015527
2019-02-24,0.160855500937434
2019-02-25,0.111585578806775
2019-02-26,0.0832485084493658
2019-02-27,0.0851875469088222
2019-02-28,0.0798337758369768
2019-03-01,0.0828459616763333
2019-03-02,0.0803824015375421
2019-03-03,0.078093286453489
2019-03-04,0.0793796337779935
2019-03-05,0.0828762559942108
2019-03-06,0.0695512020148106
2019-03-07,0.0599285553303923
2019-03-08,0.0753286983297581
2019-03-09,0.0632742657739508
2019-03-10,0.0632626167924577
2019-03-11,0.0399480473779602
2019-03-12,0.0424788951630691
2019-03-13,0.046389884830669
2019-03-14,0.0638567923043936
2019-03-15,0.0411631129138888
2019-03-16,0.0428651010724727
2019-03-17,0.0774465453869494
2019-03-18,0.0448896678971719
2019-03-19,0.0640545089048817
2019-03-20,0.0645767873555085
2019-03-21,0.0772340094375599
2019-03-22,0.0736533502682366
2019-03-23,0.0645178369760263
2019-03-24,0.0520583769693255
2019-03-25,0.0766201546164608
2019-03-26,0.0538843885784761
2019-03-27,0.0644248654350428
2019-03-28,0.0685110271406812
2019-03-29,0.0639195024149207
2019-03-30,0.064577106375105
2019-03-31,0.0469570369269812
2019-04-01,0.0729272260789116
2019-04-02,0.0872792334380402
2019-04-03,0.100120099181474
2019-04-04,0.104108590270498
2019-04-05,0.0980475102647262
2019-04-06,0.084109524447183
2019-04-07,0.0949733752028628
2019-04-08,0.0732355781946034
2019-04-09,0.0715060961373635
2019-04-10,0.0611254133429752
2019-04-11,0.0555034100162605
2019-04-12,0.0705843490643097
2019-04-13,0.0595072897420229
2019-04-14,0.0692107986431099
2019-04-15,0.0694723306958925
2019-04-16,0.0968470972967465
2019-04-17,0.0661536347830317
2019-04-18,0.0998289564345153
2019-04-19,0.0828863053972074
2019-04-20,0.0730712252435397
2019-04-21,0.0915087366804104
2019-04-22,0.0908911722465429
2019-04-23,0.0915555273240612
2019-04-24,0.0872199730396153
2019-04-25,0.0542364226516404
2019-04-26,0.0423855626780617
2019-04-27,0.0357609855662217
2019-04-28,0.0319524098167104
2019-04-29,0.0417946830221599
2019-04-30,0.0291159039779092
2019-05-01,0.0464390544125621
2019-05-02,0.0407773220348293
2019-05-03,0.105519720400564
2019-05-04,0.0450356228449883
2019-05-05,0.063213006794756
2019-05-06,0.0659526153451891
2019-05-07,0.0626675522850865
2019-05-08,0.0728001441406392
2019-05-09,0.0737092598032464
2019-05-10,0.0714157158063229
2019-05-11,0.0775132228025683
2019-05-12,0.0772079051743814
2019-05-13,0.062884615004008
2019-05-14,0.0805171674530914
2019-05-15,0.0834075569841036
2019-05-16,0.0670354385051908
2019-05-17,0.0591356154609435
2019-05-18,0.0572942457153575
2019-05-19,0.0803561290215552
2019-05-20,0.0575442038294018
2019-05-21,0.0660354879566343
2019-05-22,0.0646579604331771
2019-05-23,0.0791610982474723
2019-05-24,0.079957960600364
2019-05-25,0.0714875312954446
2019-05-26,0.0660387770700211
2019-05-27,0.0635813880818121
2019-05-28,0.0590925789073855
2019-05-29,0.07427171876242
2019-05-30,0.0844961447429574
2019-05-31,0.11691260594621
2019-06-01,0.0686376473622419
2019-06-02,0.064843670027186
2019-06-03,0.0854472661918325
2019-06-04,0.108876087046518
2019-06-05,0.101214964745426
2019-06-06,0.105749547168819
2019-06-07,0.0975879774827041
2019-06-08,0.105703133185486
2019-06-09,0.108343191015621
2019-06-10,0.12092183707892
2019-06-11,0.0927298853104731
2019-06-12,0.0936586839402257
2019-06-13,0.119225130278147
2019-06-14,0.0806759890195583
2019-06-15,0.128386245327105
2019-06-16,0.136121860359837
2019-06-17,0.130166239287148
2019-06-18,0.0855978716465429
2019-06-19,0.0562405842072423
2019-06-20,0.0524465200927494
2019-06-21,0.0496021840331346
2019-06-22,0.0930428950594998
2019-06-23,0.0499773712963474
2019-06-24,0.0727746290147995
2019-06-25,0.0625445030477628
2019-06-26,0.0996453036204719
2019-06-27,0.129159855351677
2019-06-28,0.10882461581013
2019-06-29,0.111216276903775
2019-06-30,0.126585182262954
2019-07-01,0.129816732064376
2019-07-02,0.131092166222121
2019-07-03,0.109649173820171
2019-07-04,0.119861409374124
2019-07-05,0.125240968805146
2019-07-06,0.130131450119097
2019-07-07,0.104943876712283
2019-07-08,0.096750466100028
2019-07-09,0.0819118399434861
2019-07-10,0.112006395883183
2019-07-11,0.0892937401938028
2019-07-12,0.106228893101924
2019-07-13,0.104227087825037
2019-07-14,0.137445150828806
2019-07-15,0.131166837364418
2019-07-16,0.134119488253278
2019-07-17,0.128573663653557
2019-07-18,0.133730969308809
2019-07-19,0.130487917333831
2019-07-20,0.113262734225045
2019-07-21,0.123707530895114
2019-07-22,0.0911105731388725
2019-07-23,0.10646763629064
2019-07-24,0.107589081763967
2019-07-25,0.12602507247418
2019-07-26,0.111485910046434
2019-07-27,0.113218192286201
2019-07-28,0.110934596526412
2019-07-29,0.109158287454236
2019-07-30,0.111278171231512
2019-07-31,0.0919573662738141
2019-08-01,0.0817251472502127
2019-08-02,0.110831270816975
2019-08-03,0.069219211860015
2019-08-04,0.114250722226778
2019-08-05,0.102278399288196
2019-08-06,0.108099888712333
2019-08-07,0.119806706794393
2019-08-08,0.0768760803083417
2019-08-09,0.107508826278221
2019-08-10,0.120401261013941
2019-08-11,0.123196583976179
2019-08-12,0.110673536008412
2019-08-13,0.112199430293829
2019-08-14,0.0973292265926462
2019-08-15,0.101831892205468
2019-08-16,0.105434557021918
2019-08-17,0.102454981205425
2019-08-18,0.100334910450124
2019-08-19,0.105424787941598
2019-08-20,0.0955633406581341
2019-08-21,0.104526601183758
2019-08-22,0.0697741522233456
2019-08-23,0.0729444412634326
2019-08-24,0.0860612963533286
2019-08-25,0.0764304901052388
2019-08-26,0.0956876195159606
2019-08-27,0.0954027777946672
2019-08-28,0.0782635978744304
2019-08-29,0.0857656754527048
2019-08-30,0.0857577813553239
2019-08-31,0.0936126104818611
2019-09-01,0.0534488307423227
2019-09-02,0.0581751675569472
2019-09-03,0.0593510861848015
2019-09-04,0.0639010152753666
2019-09-05,0.0482281418056448
2019-09-06,0.0595705240472792
2019-09-07,0.0549313681586653
2019-09-08,0.0510907754529391
2019-09-09,0.0576273016664953
2019-09-10,0.0509876845453683
2019-09-11,0.0608369582861915
2019-09-12,0.12988804380293
2019-09-13,0.124262913035955
2019-09-14,0.0663286999748202
2019-09-15,0.0825610151733036
2019-09-16,0.0939476934821878
2019-09-17,0.0996986192675359
2019-09-18,0.0523194104881002
2019-09-19,0.0437000975284346
2019-09-20,0.0527593134976647
2019-09-21,0.0536117029740011
2019-09-22,0.0561741994839252
2019-09-23,0.0460108597627139
2019-09-24,0.0798629708442613
2019-09-25,0.0839879437542679
2019-09-26,0.064910717659192
2019-09-27,0.0704902877644691
2019-09-28,0.0652824870254198
2019-09-29,0.0669350889967102
2019-09-30,0.11122552396424
2019-10-01,0.0808811747623177
2019-10-02,0.0612374681535062
2019-10-03,0.063337168887183
2019-10-04,0.0601300883454017
2019-10-05,0.0535818180210994
2019-10-06,0.0515388625641528
2019-10-07,0.0458266640958414
2019-10-08,0.0485193596134869
2019-10-09,0.0751464640659008
2019-10-10,0.0740988746868895
2019-10-11,0.0710995674244936
2019-10-12,0.0756352530067799
2019-10-13,0.0795426011836982
2019-10-14,0.0744080595351605
2019-10-15,0.0822499113645292
2019-10-16,0.0771042127777087
2019-10-17,0.0763786855828651
2019-10-18,0.0826273532549472
2019-10-19,0.0806035996390129
2019-10-20,0.056387277620745
2019-10-21,0.0645481956455383
2019-10-22,0.0611084193812869
2019-10-23,0.0783354007546467
2019-10-24,0.081915160479104
2019-10-25,0.101041241095209
2019-10-26,0.0610249412575571
2019-10-27,0.081267812868828
2019-10-28,0.0580605718947082
2019-10-29,0.0609239452679437
2019-10-30,0.0391554323012402
2019-10-31,0.0432813678609235
2019-11-01,0.0419050188932299
2019-11-02,0.0769640744505855
2019-11-03,0.0508170693981615
2019-11-04,0.0397468250719759
2019-11-05,0.0774536343106647
2019-11-06,0.0767504774107255
2019-11-07,0.0794169911949353
2019-11-08,0.0787457048814283
2019-11-09,0.0795749815398232
2019-11-10,0.080131296755669
2019-11-11,0.0508121814978371
2019-11-12,0.0803258201816717
2019-11-13,0.0469126318371064
2019-11-14,0.0448073321551269
2019-11-15,0.0459579971233582
2019-11-16,0.0454754322248235
2019-11-17,0.0444910156042047
2019-11-18,0.0447142595663842
2019-11-19,0.046284378848717
2019-11-20,0.0488095881231615
2019-11-21,0.0679496576225835
2019-11-22,0.0664591756291248
2019-11-23,0.0700056473524937
2019-11-24,0.0676018210957607
2019-11-25,0.0725682204754135
2019-11-26,0.0404488663919431
2019-11-27,0.0511683797118466
2019-11-28,0.0399565915132927
2019-11-29,0.0809348052183187
2019-11-30,0.0388216446981898
2019-12-01,0.044879254111547
2019-12-02,0.0396610396394887
2019-12-03,0.0722870662956304
2019-12-04,0.0419761335495611
2019-12-05,0.0595965905012743
2019-12-06,0.0427626534877005
2019-12-07,0.0562818645929827
2019-12-08,0.0498542113112586
2019-12-09,0.0498551039789831
2019-12-10,0.0488039472241988
2019-12-11,0.0767878572703094
2019-12-12,0.0569803839421777
2019-12-13,0.045251635934547
2019-12-14,0.0619427064127797
2019-12-15,0.0413656587394985
2019-12-16,0.0385716079266063
2019-12-17,0.0440649613002278
2019-12-18,0.0493353400745115
2019-12-19,0.0597278039914251
2019-12-20,0.0722568912964014
2019-12-21,0.0588193108220258
2019-12-22,0.0806068035773339
2019-12-23,0.0668719964508796
2019-12-24,0.0510462797917911
2019-12-25,0.0445327512555807
2019-12-26,0.0458576013000881
2019-12-27,0.0398586241172103
2019-12-28,0.0461154629918832
2019-12-29,0.0653531902080659
2019-12-30,0.0498403535011553
2019-12-31,0.0434920322933593
2020-01-01,0.0483523511170965
2020-01-02,0.0461752697364037
2020-01-03,0.048711050089399
2020-01-04,0.0413739522258374
2020-01-05,0.0368962139438915
2020-01-06,0.060057722562594
2020-01-07,0.0574623235954521
2020-01-08,0.0523570793986515
2020-01-09,0.0534124371503884
2020-01-10,0.0626392443784537
2020-01-11,0.0461416317869775
2020-01-12,0.0571710411441514
2020-01-13,0.0664705138942926
2020-01-14,0.0573408667523882
2020-01-15,0.071293142447331
2020-01-16,0.077821211608381
2020-01-17,0.0766209534447739
2020-01-18,0.0937384799967617
2020-01-19,0.0700262468865753
2020-01-20,0.0545948433229392
2020-01-21,0.0626135856876554
2020-01-22,0.057386478164167
2020-01-23,0.0564832909737218
2020-01-24,0.0677414292530966
2020-01-25,0.0467266205840967
2020-01-26,0.0760517632671958
2020-01-27,0.0795726091799109
2020-01-28,0.0680497581909358
2020-01-29,0.0671860207984122
2020-01-30,0.0700599367885282
2020-01-31,0.0687741889846977
2020-02-01,0.0619531072472356
2020-02-02,0.0643430225836423
2020-02-03,0.0745226848845932
2020-02-04,0.0742361882791581
2020-02-05,0.0863762637061283
2020-02-06,0.078566304941425
2020-02-07,0.0786614020821969
2020-02-08,0.0783851295489194
2020-02-09,0.117077977416982
2020-02-10,0.117088202271791
2020-02-11,0.0707202218949205
2020-02-12,0.0735112709833863
2020-02-13,0.0742701670788394
2020-02-14,0.0736748299756621
2020-02-15,0.0895085713764155
2020-02-16,0.0832540478854096
2020-02-17,0.0752431202790992
2020-02-18,0.073881105256299
2020-02-19,0.0644158629911718
2020-02-20,0.0592223423834844
2020-02-21,0.0717542741347328
2020-02-22,0.0667853462078501
2020-02-23,0.104352880525546
2020-02-24,0.0630596723710369
2020-02-25,0.0695088170277084
2020-02-26,0.0600774517251759
2020-02-27,0.0844927821951403
2020-02-28,0.0664063778105029
2020-02-29,0.0891029378057911
2020-03-01,0.0786275191206951
2020-03-02,0.0854487639398806
2020-03-03,0.0900066321853108
2020-03-04,0.0828118867148654
2020-03-05,0.106686815037095
2020-03-06,0.109211544684692
2020-03-07,0.104356579362662
2020-03-08,0.174791069014795
2020-03-09,0.171892091718314
2020-03-10,0.0914529851995016
2020-03-11,0.123247142589077
2020-03-12,0.244590338531974
2020-03-13,0.252922753277873
2020-03-14,0.225540242657246
2020-03-15,0.222982478801379
2020-03-16,0.162440653012482
2020-03-17,0.141357051202195
2020-03-18,0.35898599789909
2020-03-19,0.436476393844786
2020-03-20,0.446504859758253
2020-03-21,0.428759590574503
2020-03-22,0.260518821013092
2020-03-23,0.41788990566983
2020-03-24,0.434614051475204
2020-03-25,0.418386930317193
2020-03-26,0.359851184208765
2020-03-27,0.176176876231274
2020-03-28,0.300156204221796
2020-03-29,0.405182012745444
2020-03-30,0.396794464758722
2020-03-31,0.275017870185029
2020-04-01,0.387422138735316
2020-04-02,0.355349333213744
2020-04-03,0.230145168647881
2020-04-04,0.360649349442692
2020-04-05,0.195828457054283
2020-04-06,0.258847064061402
2020-04-07,0.345371391985505
2020-04-08,0.112395391612899
2020-04-09,0.371603433150168
2020-04-10,0.368180991696634
2020-04-11,0.361458454313781
2020-04-12,0.430797822162805
2020-04-13,0.429197799642516
2020-04-14,0.392883164507058
2020-04-15,0.426124239465099
2020-04-16,0.4403329870989
2020-04-17,0.483934965905125
2020-04-18,0.448655147897818
2020-04-19,0.394140722549891
2020-04-20,0.413931621308203
2020-04-21,0.347920301223693
2020-04-22,0.22666014854607
2020-04-23,0.375801621251533
2020-04-24,0.301676888284015
2020-04-25,0.295021533018791
2020-04-26,0.301509190244248
2020-04-27,0.277031030731763
2020-04-28,0.269499857281446
2020-04-29,0.304218290348246
2020-04-30,0.293818587390235
2020-05-01,0.303974511829594
2020-05-02,0.309472367207451
2020-05-03,0.289394136287501
2020-05-04,0.193845883756659
2020-05-05,0.395851589295097
2020-05-06,0.373826672376765
2020-05-07,0.279278267960534
2020-05-08,0.145862002064115
2020-05-09,0.20447201482208
2020-05-10,0.245295693195983
2020-05-11,0.284908392019268
2020-05-12,0.220956750902986
2020-05-13,0.286757389554373
2020-05-14,0.0977860705080226
2020-05-15,0.0750853908107521
2020-05-16,0.0971795749160696
2020-05-17,0.0930157330039949
2020-05-18,0.111078523613656
2020-05-19,0.103370093743405
2020-05-20,0.102372613736278
2020-05-21,0.0924869256741455
2020-05-22,0.0593865518414702
2020-05-23,0.0682746041725268
2020-05-24,0.129839330202504
2020-05-25,0.0713978360361356
2020-05-26,0.0701835783789083
2020-05-27,0.0735248402851319
2020-05-28,0.0836058120465858
2020-05-29,0.12474255091415
2020-05-30,0.100764421157918
2020-05-31,0.144724116255059
2020-06-01,0.121310034176353
2020-06-02,0.117075347359244
2020-06-03,0.144010860665207
2020-06-04,0.127408249647423
2020-06-05,0.117450270076292
2020-06-06,0.134813987648711
2020-06-07,0.0854784858153678
2020-06-08,0.130076484018543
2020-06-09,0.103920402681701
2020-06-10,0.10228532214544
2020-06-11,0.0973875171651653
2020-06-12,0.130270887623528
2020-06-13,0.123442684256435
2020-06-14,0.119856600847542
2020-06-15,0.086659874442132
2020-06-16,0.0965768385822431
2020-06-17,0.0972399635770999
2020-06-18,0.0942197795369909
2020-06-19,0.0936993271088745
2020-06-20,0.0617605899064071
2020-06-21,0.0660880049632783
2020-06-22,0.0598528037605501
2020-06-23,0.0427429359310215
2020-06-24,0.0586280216983151
2020-06-25,0.0592282587570871
2020-06-26,0.0480698847184393
2020-06-27,0.0493661898512929
2020-06-28,0.049074175114248
2020-06-29,0.0520668954702226
2020-06-30,0.0440036239858847
2020-07-01,0.0654783320390922
2020-07-02,0.0421515309301586
2020-07-03,0.0618725739103386
2020-07-04,0.05772974321911
2020-07-05,0.0569159568414405
2020-07-06,0.0554584918543403
2020-07-07,0.0879570136052965
2020-07-08,0.0599113650043812
2020-07-09,0.0820461821620529
2020-07-10,0.0963592005767621
2020-07-11,0.0968388638399799
2020-07-12,0.060304557914419
2020-07-13,0.0868583462130152
2020-07-14,0.0736446684833903
2020-07-15,0.0707374500806829
2020-07-16,0.0613650995977893
2020-07-17,0.0840876172832122
2020-07-18,0.0747863730933677
2020-07-19,0.0654259430804644
2020-07-20,0.0768981200977885
2020-07-21,0.0617601129106088
2020-07-22,0.0477251590083084
2020-07-23,0.0702064293739714
2020-07-24,0.0352568068336828
2020-07-25,0.0399701899425014
2020-07-26,0.0443300741756869
2020-07-27,0.0656707909918194
2020-07-28,0.0425723615485897
2020-07-29,0.0481774816367347
2020-07-30,0.0478497534411706
2020-07-31,0.0446625661794381
2020-08-01,0.0420263186500192
2020-08-02,0.0609401555514539
2020-08-03,0.0559081995813198
2020-08-04,0.0554049751912691
2020-08-05,0.0406505647383011
2020-08-06,0.0460672385648285
2020-08-07,0.0448760876845609
2020-08-08,0.0578785443642746
2020-08-09,0.0476017669976876
2020-08-10,0.0470260771755255
2020-08-11,0.0698365059710052
2020-08-12,0.040422479250068
2020-08-13,0.0611710990198476
2020-08-14,0.0619028767571927
2020-08-15,0.0628883910904781
2020-08-16,0.0583589023293831
2020-08-17,0.0716913599379059
2020-08-18,0.0682674401664697
2020-08-19,0.065330692864318
2020-08-20,0.0443635630819912
2020-08-21,0.0663080427570617
2020-08-22,0.0659622577588024
2020-08-23,0.0513849807640735
2020-08-24,0.0633826628586867
2020-08-25,0.0643791488507794
2020-08-26,0.0604974647384656
2020-08-27,0.0442510260758192
2020-08-28,0.0401979130880584
2020-08-29,0.0624811184983771
2020-08-30,0.0478550371215772
2020-08-31,0.0354021810724506
2020-09-01,0.0537828852612806
2020-09-02,0.0594056457842619
2020-09-03,0.051257355777927
2020-09-04,0.163049447419993
2020-09-05,0.164705467105202
2020-09-06,0.174720221472382
2020-09-07,0.166411598502487
2020-09-08,0.102683255824371
2020-09-09,0.0606075666497422
2020-09-10,0.058801690043197
2020-09-11,0.0718747949517734
2020-09-12,0.133104647805579
2020-09-13,0.0676045633938434
2020-09-14,0.0722078063014906
2020-09-15,0.093847812641356
2020-09-16,0.104603916949764
2020-09-17,0.0789876102099266
2020-09-18,0.0718702211155793
2020-09-19,0.106178815745162
2020-09-20,0.146520095109514
2020-09-21,0.108762843405416
2020-09-22,0.0572595407801535
2020-09-23,0.0586094822717734
2020-09-24,0.0525753744420834
2020-09-25,0.062936430999462
2020-09-26,0.0969108265206964
2020-09-27,0.0560368735296313
2020-09-28,0.0558651821273208
2020-09-29,0.0780318517582837
2020-09-30,0.0699820945928545
2020-10-01,0.0713811441599647
2020-10-02,0.0745235738819497
2020-10-03,0.0839681801588181
2020-10-04,0.0924596705071796
2020-10-05,0.0783921114424102
2020-10-06,0.0862583068878598
2020-10-07,0.0866669638378912
2020-10-08,0.0868639448330914
2020-10-09,0.112436050820752
2020-10-10,0.0899494500732099
2020-10-11,0.0586344323726233
2020-10-12,0.0935400860032528
2020-10-13,0.0890944522109392
2020-10-14,0.108086431496565
2020-10-15,0.0719565677954452
2020-10-16,0.084072472308624
2020-10-17,0.0820245204952097
2020-10-18,0.139557796910068
2020-10-19,0.103727321894643
2020-10-20,0.0504058615754358
2020-10-21,0.0734146144384206
2020-10-22,0.0493192047819139
2020-10-23,0.0901392074659486
2020-10-24,0.0853137304925287
2020-10-25,0.0591562786689232
2020-10-26,0.0670890861677273
2020-10-27,0.074506373118548
2020-10-28,0.0718222971046664
2020-10-29,0.148932367863368
2020-10-30,0.143308412785194
2020-10-31,0.145688019950284
2020-11-01,0.144230657870072
2020-11-02,0.0608183161250811
2020-11-03,0.0935038242561742
2020-11-04,0.102586260951162
2020-11-05,0.153945886880004
2020-11-06,0.0409265087706876
2020-11-07,0.0570711766667213
2020-11-08,0.063132737221262
2020-11-09,0.0615093295106939
2020-11-10,0.0611912652823572
2020-11-11,0.0612984722169036
2020-11-12,0.0656362601696887
2020-11-13,0.0621546377044652
2020-11-14,0.0558268666775274
2020-11-15,0.0559365469742683
2020-11-16,0.0477176190539814
2020-11-17,0.060514177950609
2020-11-18,0.0611866620636563
2020-11-19,0.0375300145889201
2020-11-20,0.0597187459891882
2020-11-21,0.0426890965479643
2020-11-22,0.0596494902467247
2020-11-23,0.0556908154534869
2020-11-24,0.0856831464623478
2020-11-25,0.0895786763429288
2020-11-26,0.0672435472855098
2020-11-27,0.0433124225188087
2020-11-28,0.0495320830765074
2020-11-29,0.0398267334297085
2020-11-30,0.040451005529137
2020-12-01,0.0519249571203224
2020-12-02,0.0458105246612187
2020-12-03,0.0596387700509809
2020-12-04,0.0514107450199733
2020-12-05,0.0682100808403818
2020-12-06,0.0693749687189683
2020-12-07,0.0691205420419557
2020-12-08,0.161343841249584
2020-12-09,0.0743932513318666
2020-12-10,0.0635753507765933
2020-12-11,0.0735758974738586
2020-12-12,0.0659629775053431
2020-12-13,0.0702773009330594
2020-12-14,0.0805053638826268
2020-12-15,0.11803892376142
2020-12-16,0.0859111375719862
2020-12-17,0.0808066197342016
2020-12-18,0.0983825196934871
2020-12-19,0.0971245197573868
2020-12-20,0.0859585620177239
2020-12-21,0.0690215055544993
2020-12-22,0.0671086586726139
2020-12-23,0.0781306642548217
2020-12-24,0.0692174639242469
2020-12-25,0.0815164686256301
2020-12-26,0.0830111508309471
2020-12-27,0.0841947388309704
2020-12-28,0.0869231060057533
2020-12-29,0.0569713772710954
2020-12-30,0.0822431795862221
2020-12-31,0.0795766218894452
2021-01-01,0.103854630499586
2021-01-02,0.101824758867695
2021-01-03,0.0944268234198991
2021-01-04,0.0969676125660604
2021-01-05,0.0903079619200697
2021-01-06,0.105913231240407
2021-01-07,0.0800249095260409
2021-01-08,0.0775453034207002
2021-01-09,0.0932525279750628
2021-01-10,0.14097111476203
2021-01-11,0.134516050263252
2021-01-12,0.19744072649108
2021-01-13,0.150620272195675
2021-01-14,0.138827777472584
2021-01-15,0.0969722004151179
2021-01-16,0.130865860216729
2021-01-17,0.138685870850346
2021-01-18,0.143177459151785
2021-01-19,0.123225690124336
2021-01-20,0.106732407028919
2021-01-21,0.13543338247874
2021-01-22,0.213752115757032
2021-01-23,0.21590096947552
2021-01-24,0.210326251633408
2021-01-25,0.118974542934241
2021-01-26,0.195124263431642
2021-01-27,0.117752603591467
2021-01-28,0.113917863919849
2021-01-29,0.151163907209069
2021-01-30,0.185190617937053
2021-01-31,0.172451061397094
2021-02-01,0.174226616493512
2021-02-02,0.194400940962889
2021-02-03,0.204014811511256
2021-02-04,0.201922603293058
2021-02-05,0.163422358698217
2021-02-06,0.142830771297163
2021-02-07,0.164329047001704
2021-02-08,0.162080980980896
2021-02-09,0.172649380550354
2021-02-10,0.167962713315081
2021-02-11,0.149781212852553
2021-02-12,0.146195625330111
2021-02-13,0.193512482672834
2021-02-14,0.179599481462741
2021-02-15,0.182924331264259
2021-02-16,0.216675021391755
2021-02-17,0.196490275047175
2021-02-18,0.192584092178289
2021-02-19,0.199190457233473
2021-02-20,0.147386627765249
2021-02-21,0.21545588006215
2021-02-22,0.259983534779544
2021-02-23,0.255421289623348
2021-02-24,0.299106367327932
2021-02-25,0.293614106381505
2021-02-26,0.290237816662207
2021-02-27,0.239710836749039
2021-02-28,0.243621213930616
2021-03-01,0.249561745117717
2021-03-02,0.255963448805197
2021-03-03,0.283610626281987
2021-03-04,0.278348848848008
2021-03-05,0.278563333023345
2021-03-06,0.276945352457592
2021-03-07,0.265149917518573
2021-03-08,0.254394805075676
2021-03-09,0.204728968055945
2021-03-10,0.212301356418842
2021-03-11,0.257944139055818
2021-03-12,0.252385949634449
2021-03-13,0.24841232068244
2021-03-14,0.246477468037269
2021-03-15,0.20025631694544
2021-03-16,0.246579725661252
2021-03-17,0.199009220374193
2021-03-18,0.208689092308768
2021-03-19,0.18706147503136
2021-03-20,0.182814815466446
2021-03-21,0.165058401693046
2021-03-22,0.221466054860422
2021-03-23,0.192589187629387
2021-03-24,0.121951477507587
2021-03-25,0.126147653179772
2021-03-26,0.157333552516113
2021-03-27,0.116705243296615
2021-03-28,0.133594931324298
2021-03-29,0.131916183982202
2021-03-30,0.133045983282337
2021-03-31,0.120453735913433
2021-04-01,0.109080387460995
2021-04-02,0.0816163393620379
2021-04-03,0.110990002715184
2021-04-04,0.11490720086027
2021-04-05,0.122211747808986
2021-04-06,0.0809336892541381
2021-04-07,0.0877296841728994
2021-04-08,0.0976881734671859
2021-04-09,0.0856460043830823
2021-04-10,0.106390370047126
2021-04-11,0.0992353025396443
2021-04-12,0.178833645275762
2021-04-13,0.0875459186242432
2021-04-14,0.0825283012547617
2021-04-15,0.0786583792095294
2021-04-16,0.101839799070879
2021-04-17,0.067643097187955
2021-04-18,0.0704038695322593
2021-04-19,0.0858591026753991
2021-04-20,0.0891356684918573
2021-04-21,0.109881104532199
2021-04-22,0.0828374977139266
2021-04-23,0.104216842691376
2021-04-24,0.122658593819266
2021-04-25,0.0836804170456732
2021-04-26,0.081825116803206
2021-04-27,0.103019473193219
2021-04-28,0.0901083032093347
2021-04-29,0.102258441407859
2021-04-30,0.0925650727197216
2021-05-01,0.114371955610943
2021-05-02,0.0932905288623355
2021-05-03,0.0817825670148772
2021-05-04,0.0949157517825852
2021-05-05,0.0750171664805816
2021-05-06,0.0538474266995674
2021-05-07,0.0988774823110055
2021-05-08,0.105923712680594
2021-05-09,0.11234863605063
2021-05-10,0.0967570181394939
2021-05-11,0.0619328632760983
2021-05-12,0.0775247471346838
2021-05-13,0.0945594130762526
2021-05-14,0.0760544336327202
2021-05-15,0.121778933233663
2021-05-16,0.143727505022849
2021-05-17,0.140693939305259
2021-05-18,0.113827944413191
2021-05-19,0.107355869162427
2021-05-20,0.112849150328505
2021-05-21,0.117392121282454
2021-05-22,0.092960545415896
2021-05-23,0.13539793024032
2021-05-24,0.0880572417334124
2021-05-25,0.108947145002917
2021-05-26,0.0795368218940043
2021-05-27,0.121734998430176
2021-05-28,0.142995398252564
2021-05-29,0.172842183160396
2021-05-30,0.154392622677353
2021-05-31,0.129951453702057
2021-06-01,0.080608326928895
2021-06-02,0.0816564832552011
2021-06-03,0.0804779968725075
2021-06-04,0.0919647395123557
2021-06-05,0.120149584438211
2021-06-06,0.29203123371797
2021-06-07,0.29377147777289
2021-06-08,0.305767148636143
2021-06-09,0.291405077380084
2021-06-10,0.121589966754375
2021-06-11,0.130969901582108
2021-06-12,0.129208138487851
2021-06-13,0.142283327220891
2021-06-14,0.208510404164123
2021-06-15,0.199253081282445
2021-06-16,0.183919547333899
2021-06-17,0.0944971181485625
2021-06-18,0.291622824527261
2021-06-19,0.220478211369776
2021-06-20,0.282495907478215
2021-06-21,0.259478351634722
2021-06-22,0.276220510062417
2021-06-23,0.244246529866839
2021-06-24,0.266735657931725
2021-06-25,0.283039620296575
2021-06-26,0.277935760921067
2021-06-27,0.186548600404091
2021-06-28,0.202281652203452
2021-06-29,0.149800250409268
2021-06-30,0.109576391068966
2021-07-01,0.112897545367102
2021-07-02,0.114412598379906
2021-07-03,0.112067276149857
2021-07-04,0.101922629815719
2021-07-05,0.0916984438726729
2021-07-06,0.191342002227896
2021-07-07,0.254445820422696
2021-07-08,0.194060033868943
2021-07-09,0.170165633833088
2021-07-10,0.152462773161411
2021-07-11,0.145301948680831
2021-07-12,0.205986408546608
2021-07-13,0.108173254209728
2021-07-14,0.12564453785695
2021-07-15,0.121446094009152
2021-07-16,0.121484446346529
2021-07-17,0.142727970762247
2021-07-18,0.199210280278176
2021-07-19,0.10973644793462
2021-07-20,0.131435651083349
2021-07-21,0.127753546638272
2021-07-22,0.113554255565401
2021-07-23,0.081315414925185
2021-07-24,0.102247489262478
2021-07-25,0.128398221146035
2021-07-26,0.103804103256072
2021-07-27,0.140067934638569
2021-07-28,0.105773999105035
2021-07-29,0.0996739276887563
2021-07-30,0.137952594166347
2021-07-31,0.0904029292274944
2021-08-01,0.0589163602993831
2021-08-02,0.0931935277127211
2021-08-03,0.101257037001623
2021-08-04,0.0946635779850572
2021-08-05,0.0610673549374164
2021-08-06,0.0949502808950843
2021-08-07,0.0976292842613719
2021-08-08,0.103281587824011
2021-08-09,0.107020335968547
2021-08-10,0.083791648301061
2021-08-11,0.0811520409903098
2021-08-12,0.0825905521683361
2021-08-13,0.11896442839956
2021-08-14,0.07857434217961
2021-08-15,0.0976561468216421
2021-08-16,0.106398116026537
2021-08-17,0.0857006524730698
2021-08-18,0.0767825239899626
2021-08-19,0.0704462372300896
2021-08-20,0.140325113825287
2021-08-21,0.0960150895622162
2021-08-22,0.113426881685476
2021-08-23,0.0945756004426533
2021-08-24,0.0794124019450729
2021-08-25,0.0789156113581513
2021-08-26,0.0781740289003688
2021-08-27,0.121876947911296
2021-08-28,0.0812659429141436
2021-08-29,0.107111278834782
2021-08-30,0.119495113616408
2021-08-31,0.117177812124238
2021-09-01,0.114260291975031
2021-09-02,0.120293464516549
2021-09-03,0.12395018713308
2021-09-04,0.120374998113913
2021-09-05,0.126919971232926
2021-09-06,0.133898047995933
2021-09-07,0.146362932083435
2021-09-08,0.104320085513199
2021-09-09,0.10370676253007
2021-09-10,0.133078073369953
2021-09-11,0.14660580101832
2021-09-12,0.105258198962714
2021-09-13,0.128543542770087
2021-09-14,0.108801385149462
2021-09-15,0.10765156416269
2021-09-16,0.0863748816710749
2021-09-17,0.0782204602300423
2021-09-18,0.0862534083266865
2021-09-19,0.162050691323737
2021-09-20,0.150699631901666
2021-09-21,0.122442497349742
2021-09-22,0.0897316067815265
2021-09-23,0.109201217861368
2021-09-24,0.149287499075644
2021-09-25,0.157539648161066
2021-09-26,0.162842246067837
2021-09-27,0.0870017719970166
2021-09-28,0.0881874887010126
2021-09-29,0.0618137541583955
2021-09-30,0.0618308484397497
2021-10-01,0.100452341003334
2021-10-02,0.0665285372472328
2021-10-03,0.0650692400025332
2021-10-04,0.068976718645018
2021-10-05,0.0779779575075353
2021-10-06,0.0783769962020366
2021-10-07,0.0618404808673138
2021-10-08,0.0604364420877798
2021-10-09,0.0691181711385204
2021-10-10,0.0685923979281474
2021-10-11,0.0725001023786932
2021-10-12,0.0682075404412004
2021-10-13,0.0668803562637012
2021-10-14,0.0914150009811439
2021-10-15,0.0768777490744307
2021-10-16,0.0641793970790964
2021-10-17,0.0984402639463692
2021-10-18,0.100443573740011
2021-10-19,0.100674034112248
2021-10-20,0.0733215302579615
2021-10-21,0.0741807208483519
2021-10-22,0.0703894500086992
2021-10-23,0.0892527771206033
2021-10-24,0.0852960358990173
2021-10-25,0.0589480584905538
2021-10-26,0.0690893706921669
2021-10-27,0.0787509882563818
2021-10-28,0.105316131176444
2021-10-29,0.105009792147385
2021-10-30,0.0925244294581727
2021-10-31,0.0747062719335427
2021-11-01,0.094453964681046
2021-11-02,0.0626922236216543
2021-11-03,0.0980210575122661
2021-11-04,0.107135437006747
2021-11-05,0.0864592563947607
2021-11-06,0.0700624571670189
2021-11-07,0.15649394505063
2021-11-08,0.155242920436635
2021-11-09,0.0954722218583255
2021-11-10,0.0792709727276995
2021-11-11,0.0952050101559786
2021-11-12,0.119971772472486
2021-11-13,0.113414259059704
2021-11-14,0.108135790272395
2021-11-15,0.0874387572661998
2021-11-16,0.101035112130909
2021-11-17,0.0823956971390888
2021-11-18,0.0966059135398388
2021-11-19,0.0981351159248442
2021-11-20,0.110792497172175
2021-11-21,0.0763345690966832
2021-11-22,0.155917568104429
2021-11-23,0.141721422469655
2021-11-24,0.0976679552034795
2021-11-25,0.0981143457861291
2021-11-26,0.0960334025007506
2021-11-27,0.0996244620515804
2021-11-28,0.121264499313189
2021-11-29,0.109808462647338
2021-11-30,0.0935406298230022
2021-12-01,0.106678659256175
2021-12-02,0.109888086094998
2021-12-03,0.0798310783730371
2021-12-04,0.099133361721648
2021-12-05,0.0987718137338803
2021-12-06,0.106064997873595
2021-12-07,0.126059354439609
2021-12-08,0.131344487066697
2021-12-09,0.104450923743724
2021-12-10,0.0883955479770702
2021-12-11,0.0797662521631855
2021-12-12,0.0864002743054274
2021-12-13,0.070974891647961
2021-12-14,0.0714098126916003
2021-12-15,0.0674910011756703
2021-12-16,0.0789351518120678
2021-12-17,0.0808979793053987
2021-12-18,0.0656370489897532
2021-12-19,0.0766706054068235
2021-12-20,0.0851270227955952
2021-12-21,0.0782793709450119
2021-12-22,0.0702228840731906
2021-12-23,0.0730538706995907
2021-12-24,0.063879768983285
2021-12-25,0.0825706049365411
2021-12-26,0.0906100662284597
2021-12-27,0.118790626433155
2021-12-28,0.070136231342991
2021-12-29,0.0689401976622946
2021-12-30,0.0810440143994629
2021-12-31,0.106977201485803
2022-01-01,0.0795965113257527
2022-01-02,0.074474091236764
2022-01-03,0.0665076918534403
2022-01-04,0.0712542630909032
2022-01-05,0.0705802057744879
2022-01-06,0.0771975784649796
2022-01-07,0.0757541169992239
2022-01-08,0.0835299649721955
2022-01-09,0.0843037621499348
2022-01-10,0.0699083747922235
2022-01-11,0.0599079885958438
2022-01-12,0.0596302308549491
2022-01-13,0.0931938565929899
2022-01-14,0.0620815792441369
2022-01-15,0.0578602808229771
2022-01-16,0.0843291365905395
2022-01-17,0.0624128496867025
2022-01-18,0.0649055452842633
2022-01-19,0.0597635200217998
2022-01-20,0.0603636484999299
2022-01-21,0.0574758383611487
2022-01-22,0.0607608205292349
2022-01-23,0.0754339088701845
2022-01-24,0.0813809525189128
2022-01-25,0.0650696227964736
2022-01-26,0.0542741935638932
2022-01-27,0.048630365426342
2022-01-28,0.0522676849605219
2022-01-29,0.0521940889923364
2022-01-30,0.0684214411531879
2022-01-31,0.0629002523857428
2022-02-01,0.0494137447583155
2022-02-02,0.0585469692299976
2022-02-03,0.101726994703546
2022-02-04,0.0671160294250592
2022-02-05,0.0636891100769202
2022-02-06,0.0472647203336243
2022-02-07,0.0897741036998351
2022-02-08,0.0854624269637722
2022-02-09,0.109748027260972
2022-02-10,0.0654106575321103
2022-02-11,0.0815955916115328
2022-02-12,0.0686221659886553
2022-02-13,0.0830536268484695
2022-02-14,0.093309929490198
2022-02-15,0.0774743995650304
2022-02-16,0.0782981083590131
2022-02-17,0.0854051548681139
2022-02-18,0.0829191333094377
2022-02-19,0.0650278443456768
2022-02-20,0.0865010218880382
2022-02-21,0.0985281831656979
2022-02-22,0.0783786523411349
2022-02-23,0.0495450590919507
2022-02-24,0.0588225730530589
2022-02-25,0.080353833542936
2022-02-26,0.0457544988268352
2022-02-27,0.0647346485652185
2022-02-28,0.0750511837901244
2022-03-01,0.0690752104799923
2022-03-02,0.0688279390153228
2022-03-03,0.0694204299415312
2022-03-04,0.0584874278972509
2022-03-05,0.0463164677098009
2022-03-06,0.0452317856320139
2022-03-07,0.0692548358041032
2022-03-08,0.0478674737473479
2022-03-09,0.060691109553042
2022-03-10,0.0718897973422244
2022-03-11,0.0488480303707069
2022-03-12,0.0557724363651443
2022-03-13,0.049179269138601
2022-03-14,0.0486230243823122
2022-03-15,0.0601929952253125
2022-03-16,0.0647594825546634
2022-03-17,0.0711238319197612
2022-03-18,0.0822767668794405
2022-03-19,0.0747120260173787
2022-03-20,0.100650516498322
2022-03-21,0.0685661637207235
2022-03-22,0.0884778994047339
2022-03-23,0.0779711060907969
2022-03-24,0.060052189411502
2022-03-25,0.0946002090502319
2022-03-26,0.0816811000591532
2022-03-27,0.0681589284392058
2022-03-28,0.055278125097394
2022-03-29,0.0788160839811112
2022-03-30,0.084384712177246
2022-03-31,0.0678278498930473
2022-04-01,0.0836469460821707
2022-04-02,0.084737425145569
2022-04-03,0.0860793046468509
2022-04-04,0.0774703585204953
2022-04-05,0.0911950087857744
2022-04-06,0.0818506841677267
2022-04-07,0.0420078269791094
2022-04-08,0.0845652965864974
2022-04-09,0.0272904543206697
2022-04-10,0.0489800992402613
2022-04-11,0.0708473949866281
2022-04-12,0.121786753269584
2022-04-13,0.0962515607099673
2022-04-14,0.111942397355861
2022-04-15,0.131081813015645
2022-04-16,0.0738885791797522
2022-04-17,0.0613236087460307
2022-04-18,0.0591115673504057
2022-04-19,0.0517877484494211
2022-04-20,0.0637558576153296
2022-04-21,0.0489344628790188
2022-04-22,0.0512937427371866
2022-04-23,0.0494405594548616
2022-04-24,0.0414079205158998
2022-04-25,0.0687916643946818
2022-04-26,0.0627740500135918
2022-04-27,0.0490060756019993
2022-04-28,0.0650153300134296
2022-04-29,0.0654626791146513
2022-04-30,0.0733102965888108
2022-05-01,0.0491507766815339
2022-05-02,0.0489061731549821
2022-05-03,0.0491022754008897
2022-05-04,0.0412116036048105
2022-05-05,0.0676561928948057
2022-05-06,0.0788336498377295
2022-05-07,0.0598614100634913
2022-05-08,0.045329193169982
2022-05-09,0.0644703974174483
2022-05-10,0.114741289598758
2022-05-11,0.140758095573678
