date,price
2017-09-06,1058.48
2017-09-07,1057.11
2017-09-08,986.22
2017-09-09,977.7
2017-09-10,956.77
2017-09-11,949.18
2017-09-12,935.92
2017-09-13,870.59
2017-09-14,719.0
2017-09-15,827.96
2017-09-16,824.01
2017-09-17,825.76
2017-09-18,918.0
2017-09-19,883.7
2017-09-20,871.15
2017-09-21,806.05
2017-09-22,810.82
2017-09-23,854.92
2017-09-24,833.35
2017-09-25,884.24
2017-09-26,875.19
2017-09-27,941.47
2017-09-28,930.99
2017-09-29,913.81
2017-09-30,946.25
2017-10-01,953.68
2017-10-02,946.27
2017-10-03,927.44
2017-10-04,910.18
2017-10-05,929.6
2017-10-06,945.52
2017-10-07,957.09
2017-10-08,981.18
2017-10-09,984.01
2017-10-10,986.19
2017-10-11,999.01
2017-10-12,1082.22
2017-10-13,1136.96
2017-10-14,1166.66
2017-10-15,1148.61
2017-10-16,1154.91
2017-10-17,1119.81
2017-10-18,1111.27
2017-10-19,1120.97
2017-10-20,1153.41
2017-10-21,1154.02
2017-10-22,1146.17
2017-10-23,1122.37
2017-10-24,1085.28
2017-10-25,1113.79
2017-10-26,1133.9
2017-10-27,1123.36
2017-10-28,1124.14
2017-10-29,1189.26
2017-10-30,1188.73
2017-10-31,1226.07
2017-11-01,1262.72
2017-11-02,1301.1
2017-11-03,1348.43
2017-11-04,1373.85
2017-11-05,1370.76
2017-11-06,1311.63
2017-11-07,1333.86
2017-11-08,1398.23
2017-11-09,1376.02
2017-11-10,1318.86
2017-11-11,1346.57
2017-11-12,1316.36
2017-11-13,1379.75
2017-11-14,1403.68
2017-11-15,1470.41
2017-11-16,1514.02
2017-11-17,1535.5
2017-11-18,1566.66
2017-11-19,1594.84
2017-11-20,1650.44
2017-11-21,1617.18
2017-11-22,1675.96
2017-11-23,1711.12
2017-11-24,1779.07
2017-11-25,1844.48
2017-11-26,1962.81
2017-11-27,2000.27
2017-11-28,1991.76
2017-11-29,1929.71
2017-11-30,1986.69
2017-12-01,2138.67
2017-12-02,2131.91
2017-12-03,2194.52
2017-12-04,2258.72
2017-12-05,2248.6
2017-12-06,2468.29
2017-12-07,2711.51
2017-12-08,2798.66
2017-12-09,2655.07
2017-12-10,2627.15
2017-12-11,2966.29
2017-12-12,3188.29
2017-12-13,3128.52
2017-12-14,3248.19
2017-12-15,3361.87
2017-12-16,3607.65
2017-12-17,3593.29
2017-12-18,3713.07
2017-12-19,3659.12
2017-12-20,3604.67
2017-12-21,3413.15
2017-12-22,2990.89
2017-12-23,3179.42
2017-12-24,3034.02
2017-12-25,3078.03
2017-12-26,3413.01
2017-12-27,3337.27
2017-12-28,3179.82
2017-12-29,3275.23
2017-12-30,2916.35
2017-12-31,3195.1
2018-01-01,3144.98
2018-01-02,3469.73
2018-01-03,3642.25
2018-01-04,3621.62
2018-01-05,3848.11
2018-01-06,3961.43
2018-01-07,3935.57
2018-01-08,3707.61
2018-01-09,3699.79
2018-01-10,3773.66
2018-01-11,3403.01
2018-01-12,3607.31
2018-01-13,3766.84
2018-01-14,3619.7
2018-01-15,3512.28
2018-01-16,2860.52
2018-01-17,2833.69
2018-01-18,2864.45
2018-01-19,2928.51
2018-01-20,3236.18
2018-01-21,2915.55
2018-01-22,2741.38
2018-01-23,2737.35
2018-01-24,2878.19
2018-01-25,2826.79
2018-01-26,2802.31
2018-01-27,2889.17
2018-01-28,3059.47
2018-01-29,2916.29
2018-01-30,2629.56
2018-01-31,2683.94
2018-02-01,2402.05
2018-02-02,2266.28
2018-02-03,2387.25
2018-02-04,2089.3
2018-02-05,1747.38
2018-02-06,1957.08
2018-02-07,1907.04
2018-02-08,2106.46
2018-02-09,2248.83
2018-02-10,2213.24
2018-02-11,2099.21
2018-02-12,2277.23
2018-02-13,2192.94
2018-02-14,2450.66
2018-02-15,2535.76
2018-02-16,2585.11
2018-02-17,2757.74
2018-02-18,2570.89
2018-02-19,2714.05
2018-02-20,2655.82
2018-02-21,2485.43
2018-02-22,2341.27
2018-02-23,2439.78
2018-02-24,2347.08
2018-02-25,2348.92
2018-02-26,2477.73
2018-02-27,2513.61
2018-02-28,2443.56
2018-03-01,2560.96
2018-03-02,2563.14
2018-03-03,2618.99
2018-03-04,2653.9
2018-03-05,2615.3
2018-03-06,2474.85
2018-03-07,2290.38
2018-03-08,2136.65
2018-03-09,2163.78
2018-03-10,2044.08
2018-03-11,2205.13
2018-03-12,2108.91
2018-03-13,2102.56
2018-03-14,1877.76
2018-03-15,1878.08
2018-03-16,1874.98
2018-03-17,1760.41
2018-03-18,1801.76
2018-03-19,1906.55
2018-03-20,1960.86
2018-03-21,1957.83
2018-03-22,1909.17
2018-03-23,1941.08
2018-03-24,1855.89
2018-03-25,1849233.0
2018-03-26,1753811.0
2018-03-27,1663611.0
2018-03-28,1682162.0
2018-03-29,1485185.0
2018-03-30,1462451.0
2018-03-31,1471875.0
2018-04-01,1432822.0
2018-04-02,1476428.0
2018-04-03,1575855.0
2018-04-04,1434062.0
2018-04-05,143822.0
2018-04-06,1394705.0
2018-04-07,1449116.0
2018-04-08,1486222.0
2018-04-09,1448724.0
2018-04-10,1470545.0
2018-04-11,1527144.0
2018-04-12,174664.0
2018-04-13,1738322.0
2018-04-14,1759.96
2018-04-15,1854.89
2018-04-16,1793.43
2018-04-17,1765.29
2018-04-18,1862.24
2018-04-19,1935.41
2018-04-20,2117.1
2018-04-21,2096.54
2018-04-22,2102.41
2018-04-23,2179.9
2018-04-24,2347.72
2018-04-25,2120.77
2018-04-26,2250.15
2018-04-27,2171.83
2018-04-28,2302.59
2018-04-29,2345.88
2018-04-30,2261.1
2018-05-01,2252.65
2018-05-02,2310.79
2018-05-03,2452.61
2018-05-04,2446.83
2018-05-05,2526.5
2018-05-06,2465.82
2018-05-07,2380.69
2018-05-08,2345.37
2018-05-09,2360.81
2018-05-10,2264.46
2018-05-11,2089.15
2018-05-12,2116.28
2018-05-13,2196.09
2018-05-14,2178.96
2018-05-15,2112.28
2018-05-16,2087.36
2018-05-17,1991.39
2018-05-18,2046.64
2018-05-19,2043.21
2018-05-20,2124.96
2018-05-21,2074.01
2018-05-22,1942.71
2018-05-23,1790.49
2018-05-24,1854.45
2018-05-25,1805.03
2018-05-26,1788.56
2018-05-27,1776.97
2018-05-28,1664.54
2018-05-29,1790.99
2018-05-30,1770.44
2018-05-31,1811.58
2018-06-01,1824.85
2018-06-02,1880.9
2018-06-03,1926.38
2018-06-04,1848.81
2018-06-05,1895.28
2018-06-06,1892.14
2018-06-07,1901.32
2018-06-08,1878.48
2018-06-09,1849.09
2018-06-10,1637.35
2018-06-11,1666.37
2018-06-12,1559.36
2018-06-13,1501.62
2018-06-14,1603.94
2018-06-15,1526.69
2018-06-16,1547.41
2018-06-17,1538.7
2018-06-18,1599.51
2018-06-19,1625.24
2018-06-20,1619.39
2018-06-21,1601.59
2018-06-22,1421.37
2018-06-23,1447.51
2018-06-24,1419.2
2018-06-25,1438.93
2018-06-26,1370.89
2018-06-27,1400.21
2018-06-28,1328.24
2018-06-29,1398.58
2018-06-30,1448.12
2018-07-01,1442.03
2018-07-02,1517.27
2018-07-03,1486.28
2018-07-04,1507.95
2018-07-05,1492.95
2018-07-06,1496.73
2018-07-07,1538.11
2018-07-08,1524.98
2018-07-09,1496.35
2018-07-10,1402.89
2018-07-11,1429.34
2018-07-12,1393.48
2018-07-13,1393.19
2018-07-14,1399.03
2018-07-15,1434.02
2018-07-16,1529.92
2018-07-17,1640.25
2018-07-18,1625.86
2018-07-19,1624.21
2018-07-20,1567.07
2018-07-21,1593.09
2018-07-22,1587.61
2018-07-23,1618.08
2018-07-24,1747.91
2018-07-25,1708.42
2018-07-26,1664.31
2018-07-27,1706.51
2018-07-28,1712.27
2018-07-29,1709.01
2018-07-30,1683.94
2018-07-31,1595.49
2018-08-01,1569.62
2018-08-02,1541.65
2018-08-03,1534.8
2018-08-04,1463.48
2018-08-05,1474.79
2018-08-06,1450.96
2018-08-07,1385.43
2018-08-08,1283.94
2018-08-09,1331.72
2018-08-10,1240.45
2018-08-11,1231.97
2018-08-12,1244.83
2018-08-13,1193.62
2018-08-14,1177.03
2018-08-15,1189.99
2018-08-16,1203.02
2018-08-17,1300.13
2018-08-18,1237.45
2018-08-19,1260.26
2018-08-20,1189.12
2018-08-21,1233.98
2018-08-22,1202.31
2018-08-23,1234.12
2018-08-24,1261.85
2018-08-25,1265.93
2018-08-26,1257.93
2018-08-27,1309.54
2018-08-28,1347.49
2018-08-29,1333.85
2018-08-30,1318.98
2018-08-31,1325.23
2018-09-01,1375.57
2018-09-02,1390.43
2018-09-03,1375.38
2018-09-04,1387.0
2018-09-05,1218.26
2018-09-06,1199.27
2018-09-07,1166.54
2018-09-08,1116.8
2018-09-09,1125.26
2018-09-10,1132.26
2018-09-11,1113.84
2018-09-12,1116.29
2018-09-13,1168.7
2018-09-14,1162.06
2018-09-15,1178.95
2018-09-16,1176.92
2018-09-17,1114.17
2018-09-18,1147.76
2018-09-19,1158.18
2018-09-20,1213.27
2018-09-21,1293.56
2018-09-22,1278.92
2018-09-23,1286.66
2018-09-24,1237.28
2018-09-25,1213.03
2018-09-26,1218.1
2018-09-27,1276.54
2018-09-28,1257.57
2018-09-29,1264.02
2018-09-30,1269.6
2018-10-01,1263.93
2018-10-02,1238.52
2018-10-03,1228.63
2018-10-04,1242.49
2018-10-05,1253.7
2018-10-06,1238.18
2018-10-07,1243.76
2018-10-08,1257.19
2018-10-09,1250.08
2018-10-10,1236.27
2018-10-11,1125.19
2018-10-12,1143.72
2018-10-13,1149.49
2018-10-14,1139.39
2018-10-15,1199.88
2018-10-16,1208.23
2018-10-17,1205.4
2018-10-18,1188.54
2018-10-19,1185.85
2018-10-20,1195.71
2018-10-21,1194.48
2018-10-22,1191.69
2018-10-23,1190.65
2018-10-24,1190.57
2018-10-25,1186.39
2018-10-26,1188.87
2018-10-27,1187.08
2018-10-28,1188.62
2018-10-29,1154.62
2018-10-30,1156.23
2018-10-31,1165.24
2018-11-01,1173.0
2018-11-02,1183.11
2018-11-03,1179.77
2018-11-04,1218.98
2018-11-05,1219.09
2018-11-06,1255.57
2018-11-07,1254.04
2018-11-08,1222.78
2018-11-09,1208.35
2018-11-10,1215.04
2018-11-11,1214.87
2018-11-12,1209.27
2018-11-13,1193.23
2018-11-14,1067.91
2018-11-15,1059.64
2018-11-16,1036.39
2018-11-17,1039.16
2018-11-18,1050.4
2018-11-19,899.97
2018-11-20,820.18
2018-11-21,855.78
2018-11-22,797.55
2018-11-23,794.41
2018-11-24,705.96
2018-11-25,732.61
2018-11-26,692.18
2018-11-27,697.8
2018-11-28,776.56
2018-11-29,770.44
2018-11-30,725.68
2018-12-01,755.48
2018-12-02,746.81
2018-12-03,696.88
2018-12-04,705.26
2018-12-05,663.45
2018-12-06,609.28
2018-12-07,602.26
2018-12-08,604.64
2018-12-09,627.72
2018-12-10,605.36
2018-12-11,592.5
2018-12-12,608.17
2018-12-13,578.71
2018-12-14,565.14
2018-12-15,563.62
2018-12-16,566.91
2018-12-17,627.8
2018-12-18,663.94
2018-12-19,665.88
2018-12-20,746.75
2018-12-21,705.37
2018-12-22,733.45
2018-12-23,741.72
2018-12-24,763.84
2018-12-25,715.93
2018-12-26,721.66
2018-12-27,667.59
2018-12-28,739.02
2018-12-29,712.14
2018-12-30,730.51
2018-12-31,699.56
2019-01-01,730.35
2019-01-02,754.47
2019-01-03,729.22
2019-01-04,738.95
2019-01-05,734.31
2019-01-06,773.65
2019-01-07,762.36
2019-01-08,759.53
2019-01-09,761.77
2019-01-10,679.35
2019-01-11,679.48
2019-01-12,676.88
2019-01-13,650.74
2019-01-14,687.2
2019-01-15,666.25
2019-01-16,672.37
2019-01-17,678.54
2019-01-18,670.05
2019-01-19,684.59
2019-01-20,655.27
2019-01-21,653.55
2019-01-22,663.78
2019-01-23,659.36
2019-01-24,662.34
2019-01-25,658.83
2019-01-26,657.52
2019-01-27,650.6
2019-01-28,625.39
2019-01-29,618.7
2019-01-30,638.47
2019-01-31,630.71
2019-02-01,634.51
2019-02-02,643.71
2019-02-03,630.78
2019-02-04,629.6
2019-02-05,632.59
2019-02-06,620.07
2019-02-07,619.14
2019-02-08,675.39
2019-02-09,675.93
2019-02-10,684.31
2019-02-11,669.82
2019-02-12,673.46
2019-02-13,670.38
2019-02-14,666.0
2019-02-15,668.19
2019-02-16,670.87
2019-02-17,687.34
2019-02-18,740.56
2019-02-19,741.97
2019-02-20,757.59
2019-02-21,746.23
2019-02-22,755.68
2019-02-23,792.88
2019-02-24,706.45
2019-02-25,729.39
2019-02-26,722.33
2019-02-27,720.46
2019-02-28,720.22
2019-03-01,722.92
2019-03-02,720.92
2019-03-03,715.43
2019-03-04,695.85
2019-03-05,731.95
2019-03-06,735.56
2019-03-07,735.42
2019-03-08,727.8
2019-03-09,743.92
2019-03-10,739.3
2019-03-11,728.22
2019-03-12,731.59
2019-03-13,728.7
2019-03-14,729.27
2019-03-15,742.81
2019-03-16,760.44
2019-03-17,754.63
2019-03-18,753.32
2019-03-19,758.86
2019-03-20,764.12
2019-03-21,748.97
2019-03-22,751.57
2019-03-23,753.76
2019-03-24,749.85
2019-03-25,737.63
2019-03-26,740.7
2019-03-27,766.2
2019-03-28,761.92
2019-03-29,778.76
2019-03-30,776.99
2019-03-31,776.37
2019-04-01,782.34
2019-04-02,923.26
2019-04-03,932.46
2019-04-04,918.34
2019-04-05,952.98
2019-04-06,954.28
2019-04-07,984.28
2019-04-08,998.53
2019-04-09,979.16
2019-04-10,999.83
2019-04-11,941.66
2019-04-12,946.48
2019-04-13,944.28
2019-04-14,965.69
2019-04-15,934.78
2019-04-16,967.47
2019-04-17,971.51
2019-04-18,986.87
2019-04-19,986.93
2019-04-20,989.19
2019-04-21,978.86
2019-04-22,992.41
2019-04-23,1008.36
2019-04-24,987.1
2019-04-25,931.6
2019-04-26,947.01
2019-04-27,948.51
2019-04-28,947.23
2019-04-29,943.63
2019-04-30,975.97
2019-05-01,977.92
2019-05-02,988.34
2019-05-03,1035.1
2019-05-04,1042.5
2019-05-05,1033.49
2019-05-06,1038.74
2019-05-07,1040.86
2019-05-08,1065.96
2019-05-09,1089.96
2019-05-10,1117.7
2019-05-11,1261.38
2019-05-12,1223.7
2019-05-13,1347.53
2019-05-14,1408.19
2019-05-15,1479.02
2019-05-16,1439.15
2019-05-17,1345.4
2019-05-18,1315.06
2019-05-19,1479.48
2019-05-20,1439.24
2019-05-21,1434.95
2019-05-22,1373.85
2019-05-23,1413.05
2019-05-24,1441.48
2019-05-25,1452.42
2019-05-26,1569.63
2019-05-27,1593.84
2019-05-28,1588.33
2019-05-29,1578.7
2019-05-30,1501.04
2019-05-31,1563.63
2019-06-01,1554.36
2019-06-02,1586.27
2019-06-03,1469.19
2019-06-04,1395.85
2019-06-05,1418.22
2019-06-06,1429.85
2019-06-07,1460.85
2019-06-08,1444.2
2019-06-09,1386.35
2019-06-10,1463.72
2019-06-11,1448.96
2019-06-12,1503.56
2019-06-13,1506.44
2019-06-14,1569.58
2019-06-15,1600.21
2019-06-16,1616.81
2019-06-17,1672.85
2019-06-18,1625.95
2019-06-19,1658.55
2019-06-20,1690.46
2019-06-21,1806.78
2019-06-22,1886.09
2019-06-23,1900.28
2019-06-24,1929.22
2019-06-25,2018.13
2019-06-26,2167.01
2019-06-27,1881.18
2019-06-28,2054.47
2019-06-29,2009.64
2019-06-30,1826.76
2019-07-01,1815.82
2019-07-02,1838.46
2019-07-03,1994.67
2019-07-04,1866.59
2019-07-05,1852.95
2019-07-06,1884.52
2019-07-07,1934.34
2019-07-08,2043.12
2019-07-09,2068.68
2019-07-10,1973.39
2019-07-11,1841.45
2019-07-12,1912.15
2019-07-13,1845.71
2019-07-14,1632.08
2019-07-15,1723.33
2019-07-16,1501.89
2019-07-17,1568.38
2019-07-18,1712.78
2019-07-19,1696.07
2019-07-20,1742.72
2019-07-21,1717.79
2019-07-22,1670.46
2019-07-23,1598.35
2019-07-24,1599.83
2019-07-25,1613.59
2019-07-26,1614.35
2019-07-27,1548.27
2019-07-28,1559.35
2019-07-29,1552.19
2019-07-30,1566.51
2019-07-31,1642.41
2019-08-01,1680.27
2019-08-02,1691.72
2019-08-03,1732.9
2019-08-04,1752.34
2019-08-05,1869.31
2019-08-06,1811.92
2019-08-07,1876.31
2019-08-08,1873.2
2019-08-09,1837.93
2019-08-10,1767.06
2019-08-11,1815.25
2019-08-12,1788.55
2019-08-13,1720.49
2019-08-14,1579.01
2019-08-15,1616.91
2019-08-16,1617.63
2019-08-17,1600.72
2019-08-18,1628.43
2019-08-19,1712.24
2019-08-20,1683.92
2019-08-21,1590.91
2019-08-22,1594.29
2019-08-23,1638.5
2019-08-24,1599.0
2019-08-25,1592.48
2019-08-26,1622.97
2019-08-27,1597.46
2019-08-28,1516.86
2019-08-29,1483.11
2019-08-30,1494.49
2019-08-31,1499.62
2019-09-01,1520.7
2019-09-02,1609.05
2019-09-03,1640.93
2019-09-04,1627.95
2019-09-05,1625.25
2019-09-06,1585.99
2019-09-07,1623.45
2019-09-08,1619.23
2019-09-09,1606.18
2019-09-10,1577.44
2019-09-11,1581.27
2019-09-12,1616.14
2019-09-13,1609.26
2019-09-14,1619.03
2019-09-15,1611.6
2019-09-16,1614.97
2019-09-17,1620.72
2019-09-18,1627.96
2019-09-19,1646.34
2019-09-20,1627.98
2019-09-21,1598.69
2019-09-22,1596.99
2019-09-23,1538.77
2019-09-24,1337.24
2019-09-25,1330.93
2019-09-26,1275.41
2019-09-27,1300.89
2019-09-28,1304.15
2019-09-29,1276.97
2019-09-30,1325.26
2019-10-01,1321.1
2019-10-02,1334.2
2019-10-03,1309.8
2019-10-04,1301.66
2019-10-05,1301.62
2019-10-06,1258.07
2019-10-07,1319.86
2019-10-08,1316.36
2019-10-09,1383.36
2019-10-10,1376.84
2019-10-11,1324.03
2019-10-12,1331.09
2019-10-13,1331.32
2019-10-14,1350.0
2019-10-15,1316.91
2019-10-16,1287.5
2019-10-17,1306.35
2019-10-18,1284.33
2019-10-19,1284.72
2019-10-20,1325.21
2019-10-21,1324.7
2019-10-22,1295.02
2019-10-23,1209.03
2019-10-24,1204.64
2019-10-25,1397.28
2019-10-26,1470.09
2019-10-27,1514.7
2019-10-28,1471.16
2019-10-29,1511.43
2019-10-30,1467.62
2019-10-31,1464.79
2019-11-01,1477.03
2019-11-02,1486.38
2019-11-03,1471.15
2019-11-04,1505.64
2019-11-05,1499.68
2019-11-06,1507.71
2019-11-07,1477.58
2019-11-08,1413.18
2019-11-09,1423.5
2019-11-10,1458.91
2019-11-11,1412.34
2019-11-12,1426.48
2019-11-13,1419.94
2019-11-14,1398.0
2019-11-15,1367.22
2019-11-16,1373.1
2019-11-17,1377.91
2019-11-18,1322.06
2019-11-19,1312.57
2019-11-20,1304.74
2019-11-21,1226.84
2019-11-22,1167.72
2019-11-23,1179.79
2019-11-24,1107.63
2019-11-25,1141.86
2019-11-26,1150.74
2019-11-27,1203.69
2019-11-28,1188.81
2019-11-29,1238.25
2019-11-30,1207.04
2019-12-01,1186.48
2019-12-02,1169.15
2019-12-03,1166.77
2019-12-04,1150.15
2019-12-05,1179.67
2019-12-06,1201.37
2019-12-07,1194.67
2019-12-08,1200.54
2019-12-09,1171.91
2019-12-10,1154.51
2019-12-11,1149.92
2019-12-12,1148.56
2019-12-13,1158.56
2019-12-14,1129.63
2019-12-15,1136.98
2019-12-16,1093.09
2019-12-17,1042.26
2019-12-18,1144.96
2019-12-19,1120.96
2019-12-20,1128.45
2019-12-21,1120.34
2019-12-22,1176.83
2019-12-23,1143.69
2019-12-24,1136.24
2019-12-25,1124.98
2019-12-26,1126.36
2019-12-27,1136.33
2019-12-28,1147.01
2019-12-29,1164.81
2019-12-30,1138.73
2019-12-31,1128.92
2020-01-01,1131.65
2020-01-02,1095.68
2020-01-03,1158.88
2020-01-04,1161.42
2020-01-05,1163.79
2020-01-06,1234.7
2020-01-07,1283.93
2020-01-08,1265.07
2020-01-09,1231.09
2020-01-10,1295.72
2020-01-11,1269.21
2020-01-12,1296.71
2020-01-13,1282.17
2020-01-14,1413.32
2020-01-15,1411.26
2020-01-16,1394.31
2020-01-17,1432.24
2020-01-18,1433.61
2020-01-19,1397.68
2020-01-20,1388.41
2020-01-21,1404.12
2020-01-22,1396.36
2020-01-23,1348.77
2020-01-24,1352.92
2020-01-25,1335.8
2020-01-26,1385.62
2020-01-27,1430.6
2020-01-28,1506.56
2020-01-29,1489.44
2020-01-30,1533.86
2020-01-31,1504.9
2020-02-01,1516.41
2020-02-02,1514.08
2020-02-03,1511.03
2020-02-04,1495.93
2020-02-05,1581.17
2020-02-06,1609.7
2020-02-07,1622.79
2020-02-08,1637.49
2020-02-09,1678.57
2020-02-10,1629.1
2020-02-11,1701.06
2020-02-12,1742.81
2020-02-13,1733.96
2020-02-14,1771.68
2020-02-15,1677.57
2020-02-16,1666.38
2020-02-17,1642.85
2020-02-18,1725.45
2020-02-19,1614.63
2020-02-20,1612.89
2020-02-21,1634.26
2020-02-22,1628.22
2020-02-23,1686.22
2020-02-24,1629.84
2020-02-25,1558.88
2020-02-26,1456.63
2020-02-27,1468.24
2020-02-28,1452.25
2020-02-29,1416.72
2020-03-01,1416.16
2020-03-02,1488.22
2020-03-03,1458.33
2020-03-04,1457.72
2020-03-05,1506.67
2020-03-06,1535.45
2020-03-07,1489.59
2020-03-08,1326.14
2020-03-09,1315.92
2020-03-10,1309.11
2020-03-11,1306.71
2020-03-12,790.04
2020-03-13,923.75
2020-03-14,847.45
2020-03-15,875.79
2020-03-16,820.12
2020-03-17,865.82
2020-03-18,879.82
2020-03-19,1008.72
2020-03-20,1005.56
2020-03-21,1007.12
2020-03-22,942.12
2020-03-23,1048.32
2020-03-24,1088.72
2020-03-25,1074.26
2020-03-26,1090.83
2020-03-27,1029.38
2020-03-28,1014.39
2020-03-29,954.49
2020-03-30,1035.95
2020-03-31,1039.49
2020-04-01,1074.2
2020-04-02,1099.26
2020-04-03,1093.61
2020-04-04,1114.14
2020-04-05,1098.41
2020-04-06,1207.59
2020-04-07,1180.7
2020-04-08,1219.45
2020-04-09,1204.14
2020-04-10,1128.8
2020-04-11,1132.28
2020-04-12,1135.94
2020-04-13,1127.25
2020-04-14,1130.54
2020-04-15,1088.75
2020-04-16,1176.42
2020-04-17,1164.36
2020-04-18,1213.46
2020-04-19,1184.74
2020-04-20,1133.25
2020-04-21,1136.44
2020-04-22,1187.69
2020-04-23,1237.49
2020-04-24,1244.31
2020-04-25,1254.86
2020-04-26,1279.33
2020-04-27,1288.67
2020-04-28,1288.37
2020-04-29,1443.89
2020-04-30,1408.29
2020-05-01,1442.28
2020-05-02,1467.46
2020-05-03,1450.42
2020-05-04,1442.37
2020-05-05,1459.64
2020-05-06,1466.17
2020-05-07,1589.23
2020-05-08,1565.74
2020-05-09,1530.26
2020-05-10,1394.22
2020-05-11,1371.61
2020-05-12,1407.96
2020-05-13,1482.52
2020-05-14,1547.01
2020-05-15,1474.77
2020-05-16,1490.64
2020-05-17,1533.96
2020-05-18,1551.99
2020-05-19,1559.55
2020-05-20,1517.97
2020-05-21,1446.44
2020-05-22,1471.71
2020-05-23,1471.78
2020-05-24,1401.81
2020-05-25,1431.66
2020-05-26,1420.32
2020-05-27,1475.86
2020-05-28,1535.71
2020-05-29,1515.08
2020-05-30,1576.33
2020-05-31,1528.54
2020-06-01,1645.86
2020-06-02,1545.91
2020-06-03,1571.45
2020-06-04,1586.18
2020-06-05,1561.76
2020-06-06,1570.17
2020-06-07,1582.97
2020-06-08,1588.68
2020-06-09,1584.94
2020-06-10,1604.61
2020-06-11,1500.03
2020-06-12,1533.98
2020-06-13,1535.86
2020-06-14,1509.43
2020-06-15,1522.59
2020-06-16,1539.82
2020-06-17,1529.75
2020-06-18,1515.4
2020-06-19,1502.53
2020-06-20,1510.29
2020-06-21,1499.25
2020-06-22,1568.09
2020-06-23,1559.06
2020-06-24,1504.93
2020-06-25,1497.2
2020-06-26,1482.83
2020-06-27,1450.62
2020-06-28,1470.48
2020-06-29,1482.65
2020-06-30,1473.61
2020-07-01,1492.36
2020-07-02,1467.77
2020-07-03,1463.71
2020-07-04,1478.19
2020-07-05,1467.57
2020-07-06,1524.84
2020-07-07,1508.85
2020-07-08,1544.97
2020-07-09,1512.84
2020-07-10,1518.12
2020-07-11,1509.36
2020-07-12,1521.97
2020-07-13,1508.9
2020-07-14,1512.12
2020-07-15,1500.88
2020-07-16,1487.29
2020-07-17,1489.6
2020-07-18,1496.68
2020-07-19,1504.47
2020-07-20,1493.22
2020-07-21,1535.25
2020-07-22,1571.66
2020-07-23,1591.85
2020-07-24,1584.84
2020-07-25,1633.04
2020-07-26,1667.22
2020-07-27,1829.66
2020-07-28,1816.31
2020-07-29,1842.19
2020-07-30,1858.07
2020-07-31,1905.43
2020-08-01,2010.14
2020-08-02,1890.58
2020-08-03,1932.18
2020-08-04,1926.65
2020-08-05,2011.93
2020-08-06,2012.14
2020-08-07,1973.65
2020-08-08,2011.43
2020-08-09,1991.08
2020-08-10,2025.36
2020-08-11,1937.1
2020-08-12,1967.42
2020-08-13,2033.16
2020-08-14,2042.68
2020-08-15,2050.97
2020-08-16,2061.96
2020-08-17,2115.41
2020-08-18,2055.4
2020-08-19,2012.78
2020-08-20,2034.79
2020-08-21,1961.86
2020-08-22,1989.43
2020-08-23,1981.65
2020-08-24,2012.35
2020-08-25,1929.66
2020-08-26,1950.06
2020-08-27,1925.54
2020-08-28,1965.44
2020-08-29,1960.26
2020-08-30,2021.13
2020-08-31,2015.61
2020-09-01,2091.74
2020-09-02,1982.89
2020-09-03,1759.04
2020-09-04,1803.37
2020-09-05,1720.34
2020-09-06,1747.26
2020-09-07,1765.7
2020-09-08,1717.3
2020-09-09,1743.58
2020-09-10,1773.46
2020-09-11,1786.02
2020-09-12,1809.83
2020-09-13,1776.65
2020-09-14,1829.84
2020-09-15,1825.42
2020-09-16,1847.06
2020-09-17,1865.56
2020-09-18,1857.93
2020-09-19,1875.36
2020-09-20,1838.25
2020-09-21,1736.68
2020-09-22,1759.42
2020-09-23,1693.48
2020-09-24,1792.23
2020-09-25,1796.18
2020-09-26,1804.36
2020-09-27,1817.61
2020-09-28,1802.56
2020-09-29,1828.17
2020-09-30,1820.29
2020-10-01,1790.93
2020-10-02,1773.41
2020-10-03,1771.99
2020-10-04,1797.93
2020-10-05,1815.38
2020-10-06,1777.11
2020-10-07,1788.56
2020-10-08,1832.62
2020-10-09,1864.13
2020-10-10,1900.17
2020-10-11,1914.91
2020-10-12,1948.28
2020-10-13,1931.33
2020-10-14,1925.87
2020-10-15,1937.42
2020-10-16,1898.3
2020-10-17,1904.77
2020-10-18,1931.73
2020-10-19,1961.32
2020-10-20,1964.72
2020-10-21,2101.33
2020-10-22,2148.99
2020-10-23,2139.43
2020-10-24,2170.48
2020-10-25,2152.47
2020-10-26,2139.46
2020-10-27,2221.71
2020-10-28,2158.46
2020-10-29,2176.14
2020-10-30,2180.25
2020-10-31,2213.75
2020-11-01,2219.93
2020-11-02,2175.16
2020-11-03,2233.38
2020-11-04,2259.49
2020-11-05,2455.71
2020-11-06,2499.29
2020-11-07,2379.75
2020-11-08,2482.51
2020-11-09,2453.43
2020-11-10,2455.44
2020-11-11,2513.29
2020-11-12,2585.61
2020-11-13,2607.91
2020-11-14,2560.96
2020-11-15,2532.75
2020-11-16,2648.32
2020-11-17,2791.78
2020-11-18,2796.52
2020-11-19,2802.3
2020-11-20,2951.13
2020-11-21,3040.96
2020-11-22,3000.92
2020-11-23,3086.31
2020-11-24,3211.83
2020-11-25,3094.75
2020-11-26,2818.82
2020-11-27,2819.34
2020-11-28,2931.39
2020-11-29,3019.69
2020-11-30,3265.85
2020-12-01,3100.44
2020-12-02,3173.57
2020-12-03,3217.1
2020-12-04,3050.5
2020-12-05,3150.75
2020-12-06,3189.13
2020-12-07,3151.36
2020-12-08,2993.66
2020-12-09,3046.91
2020-12-10,2992.7
2020-12-11,2952.78
2020-12-12,3059.56
2020-12-13,3126.19
2020-12-14,3132.55
2020-12-15,3151.09
2020-12-16,3466.89
2020-12-17,3661.78
2020-12-18,3713.04
2020-12-19,3807.31
2020-12-20,3741.05
2020-12-21,3604.43
2020-12-22,3753.88
2020-12-23,3579.91
2020-12-24,3688.22
2020-12-25,3824.58
2020-12-26,4053.82
2020-12-27,4065.8
2020-12-28,4197.69
2020-12-29,4231.88
2020-12-30,4443.02
2020-12-31,4460.0
2021-01-01,4516.98
2021-01-02,4911.56
2021-01-03,5198.55
2021-01-04,5111.9
2021-01-05,5421.11
2021-01-06,5890.58
2021-01-07,6263.2
2021-01-08,6400.75
2021-01-09,6425.58
2021-01-10,6132.11
2021-01-11,5621.97
2021-01-12,5405.44
2021-01-13,5917.7
2021-01-14,6227.22
2021-01-15,5870.13
2021-01-16,5818.55
2021-01-17,5806.23
2021-01-18,5933.35
2021-01-19,5927.94
2021-01-20,5884.5
2021-01-21,5046.38
2021-01-22,5431.94
2021-01-23,5327.95
2021-01-24,5478.99
2021-01-25,5408.78
2021-01-26,5479.76
2021-01-27,5090.68
2021-01-28,5574.99
2021-01-29,5717.17
2021-01-30,5779.14
2021-01-31,5586.24
2021-02-01,5649.17
2021-02-02,6019.75
2021-02-03,6436.61
2021-02-04,6299.89
2021-02-05,6581.27
2021-02-06,6667.27
2021-02-07,6555.38
2021-02-08,7659.95
2021-02-09,7702.43
2021-02-10,7469.22
2021-02-11,7925.47
2021-02-12,7935.49
2021-02-13,7920.86
2021-02-14,8088.2
2021-02-15,7957.13
2021-02-16,8104.66
2021-02-17,8556.25
2021-02-18,8551.23
2021-02-19,9150.22
2021-02-20,9085.35
2021-02-21,9318.64
2021-02-22,8751.61
2021-02-23,7850.06
2021-02-24,8008.74
2021-02-25,7526.52
2021-02-26,7399.38
2021-02-27,7399.42
2021-02-28,7232.36
2021-03-01,7944.21
2021-03-02,7733.88
2021-03-03,8044.38
2021-03-04,7767.46
2021-03-05,7802.11
2021-03-06,7922.53
2021-03-07,8255.04
2021-03-08,8539.24
2021-03-09,8897.69
2021-03-10,8901.67
2021-03-11,9149.3
2021-03-12,8986.77
2021-03-13,9610.24
2021-03-14,9251.93
2021-03-15,8790.79
2021-03-16,9014.6
2021-03-17,9315.27
2021-03-18,9079.39
2021-03-19,9189.94
2021-03-20,9191.22
2021-03-21,9077.36
2021-03-22,8592.68
2021-03-23,8601.94
2021-03-24,8216.16
2021-03-25,8107.12
2021-03-26,8719.32
2021-03-27,8813.76
2021-03-28,8784.95
2021-03-29,9127.01
2021-03-30,9312.89
2021-03-31,9382.42
2021-04-01,9456.39
2021-04-02,9654.44
2021-04-03,9294.65
2021-04-04,9551.49
2021-04-05,9826.01
2021-04-06,9803.58
2021-04-07,9307.56
2021-04-08,9753.51
2021-04-09,9748.95
2021-04-10,10147.22
2021-04-11,10229.92
2021-04-12,10347.14
2021-04-13,11023.07
2021-04-14,11109.12
2021-04-15,11248.31
2021-04-16,11035.09
2021-04-17,10706.15
2021-04-18,10107.91
2021-04-19,9986.19
2021-04-20,10264.48
2021-04-21,9860.06
2021-04-22,9508.42
2021-04-23,9435.76
2021-04-24,9089.88
2021-04-25,9055.23
2021-04-26,10008.93
2021-04-27,10307.98
2021-04-28,10379.97
2021-04-29,10260.51
2021-04-30,10903.69
2021-05-01,11100.56
2021-05-02,10915.33
2021-05-03,11459.91
2021-05-04,10803.83
2021-05-05,11868.57
2021-05-06,11681.07
2021-05-07,11824.57
2021-05-08,12288.74
2021-05-09,12235.56
2021-05-10,11715.21
2021-05-11,12174.87
2021-05-12,10704.21
2021-05-13,10861.64
2021-05-14,11322.66
2021-05-15,10566.94
2021-05-16,10499.1
2021-05-17,9774.92
2021-05-18,9805.28
2021-05-19,7628.34
2021-05-20,8588.01
2021-05-21,7685.91
2021-05-22,7479.69
2021-05-23,6834.74
2021-05-24,8053.47
2021-05-25,8003.75
2021-05-26,8399.24
2021-05-27,8126.55
2021-05-28,7406.97
2021-05-29,7084.36
2021-05-30,7374.21
2021-05-31,7975.52
2021-06-01,7878.25
2021-06-02,8142.82
2021-06-03,8493.31
2021-06-04,8225.95
2021-06-05,7709.54
2021-06-06,7817.79
2021-06-07,7321.62
2021-06-08,7236.27
2021-06-09,7399.08
2021-06-10,7570.48
2021-06-11,7486.1
2021-06-12,7294.97
2021-06-13,7880.28
2021-06-14,8156.07
2021-06-15,8048.55
2021-06-16,7640.65
2021-06-17,7622.55
2021-06-18,7183.64
2021-06-19,7049.91
2021-06-20,7141.5
2021-06-21,6086.95
2021-06-22,6159.56
2021-06-23,6496.76
2021-06-24,6697.69
2021-06-25,6098.09
2021-06-26,6126.88
2021-06-27,6658.41
2021-06-28,6708.83
2021-06-29,6995.87
2021-06-30,6983.11
2021-07-01,6611.42
2021-07-02,6694.0
2021-07-03,6872.1
2021-07-04,7047.43
2021-07-05,6718.51
2021-07-06,6913.91
2021-07-07,6869.57
2021-07-08,6528.46
2021-07-09,6689.91
2021-07-10,6607.81
2021-07-11,6730.17
2021-07-12,6483.35
2021-07-13,6337.67
2021-07-14,6383.01
2021-07-15,6184.38
2021-07-16,6045.36
2021-07-17,6086.98
2021-07-18,6112.94
2021-07-19,5883.85
2021-07-20,5689.08
2021-07-21,6220.15
2021-07-22,6285.83
2021-07-23,6542.76
2021-07-24,6671.56
2021-07-25,6803.75
2021-07-26,7062.49
2021-07-27,7396.79
2021-07-28,7491.06
2021-07-29,7572.37
2021-07-30,7914.85
2021-07-31,7905.54
2021-08-01,7725.65
2021-08-02,7686.03
2021-08-03,7492.19
2021-08-04,7865.11
2021-08-05,8086.31
2021-08-06,8386.13
2021-08-07,8897.31
2021-08-08,8617.13
2021-08-09,9072.84
2021-08-10,9055.4
2021-08-11,9188.73
2021-08-12,8954.83
2021-08-13,9731.01
2021-08-14,9682.01
2021-08-15,9770.05
2021-08-16,9471.96
2021-08-17,9122.11
2021-08-18,9188.22
2021-08-19,9718.94
2021-08-20,10164.86
2021-08-21,10019.6
2021-08-22,10132.0
2021-08-23,10321.67
2021-08-24,9829.73
2021-08-25,10083.96
2021-08-26,9597.43
2021-08-27,10195.03
2021-08-28,10121.12
2021-08-29,10073.17
2021-08-30,9827.69
2021-08-31,10069.2
2021-09-01,10662.68
2021-09-02,10721.07
2021-09-03,10993.05
2021-09-04,10908.54
2021-09-05,11261.81
2021-09-06,11384.02
2021-09-07,10019.66
2021-09-08,9942.81
2021-09-09,9936.51
2021-09-10,9507.98
2021-09-11,9658.01
2021-09-12,9890.72
2021-09-13,9582.28
2021-09-14,9999.21
2021-09-15,10319.58
2021-09-16,10194.46
2021-09-17,9966.85
2021-09-18,10133.82
2021-09-19,9882.68
2021-09-20,8933.51
2021-09-21,8424.32
2021-09-22,9176.93
2021-09-23,9419.88
2021-09-24,8921.84
2021-09-25,8896.4
2021-09-26,9034.56
2021-09-27,8767.91
2021-09-28,8499.34
2021-09-29,8649.81
2021-09-30,9096.59
2021-10-01,9987.07
2021-10-02,9983.03
2021-10-03,10093.34
2021-10-04,10190.19
2021-10-05,10617.03
2021-10-06,11131.01
2021-10-07,10954.73
2021-10-08,10928.45
2021-10-09,11104.0
2021-10-10,10887.94
2021-10-11,11343.19
2021-10-12,11164.21
2021-10-13,11484.77
2021-10-14,11628.63
2021-10-15,12243.97
2021-10-16,12094.18
2021-10-17,12179.1
2021-10-18,12179.23
2021-10-19,12564.88
2021-10-20,13058.04
2021-10-21,12425.72
2021-10-22,12188.49
2021-10-23,12435.74
2021-10-24,12310.89
2021-10-25,12707.65
2021-10-26,12284.05
2021-10-27,11757.76
2021-10-28,12445.75
2021-10-29,12805.85
2021-10-30,12653.63
2021-10-31,12576.11
2021-11-01,12565.08
2021-11-02,13090.96
2021-11-03,13113.22
2021-11-04,12838.94
2021-11-05,12779.12
2021-11-06,12917.88
2021-11-07,13253.75
2021-11-08,13995.11
2021-11-09,13851.2
2021-11-10,13427.39
2021-11-11,13508.25
2021-11-12,13365.9
2021-11-13,13413.65
2021-11-14,13532.97
2021-11-15,13217.57
2021-11-16,12379.44
2021-11-17,12463.32
2021-11-18,11703.3
2021-11-19,12189.11
2021-11-20,12525.24
2021-11-21,12210.87
2021-11-22,11723.86
2021-11-23,12126.49
2021-11-24,11983.31
2021-11-25,12473.41
2021-11-26,11308.37
2021-11-27,11496.16
2021-11-28,12004.14
2021-11-29,12215.86
2021-11-30,12245.68
2021-12-01,12234.38
2021-12-02,12124.63
2021-12-03,11446.39
2021-12-04,10726.76
2021-12-05,10779.98
2021-12-06,11083.87
2021-12-07,11036.67
2021-12-08,11176.12
2021-12-09,10466.22
2021-12-10,10180.67
2021-12-11,10660.4
2021-12-12,10797.64
2021-12-13,9974.87
2021-12-14,10293.59
2021-12-15,10530.2
2021-12-16,10279.81
2021-12-17,10021.13
2021-12-18,10212.07
2021-12-19,10149.09
2021-12-20,10182.96
2021-12-21,10528.32
2021-12-22,10503.53
2021-12-23,10977.36
2021-12-24,10874.3
2021-12-25,10901.14
2021-12-26,10946.48
2021-12-27,10942.97
2021-12-28,10233.79
2021-12-29,9916.35
2021-12-30,10079.23
2021-12-31,9914.75
2022-01-01,10232.95
2022-01-02,10237.38
2022-01-03,10037.48
2022-01-04,9949.15
2022-01-05,9371.84
2022-01-06,9237.92
2022-01-07,8816.28
2022-01-08,8711.36
2022-01-09,8799.14
2022-01-10,8688.68
2022-01-11,9009.65
2022-01-12,9357.01
2022-01-13,9046.19
2022-01-14,9213.63
2022-01-15,9239.32
2022-01-16,9277.24
2022-01-17,9040.72
2022-01-18,8978.3
2022-01-19,8778.6
2022-01-20,8525.76
2022-01-21,7526.86
2022-01-22,7142.67
2022-01-23,7455.3
2022-01-24,7372.3
2022-01-25,7442.92
2022-01-26,7421.68
2022-01-27,7433.59
2022-01-28,7590.85
2022-01-29,7708.9
2022-01-30,7638.02
2022-01-31,7800.01
2022-02-01,7946.52
2022-02-02,7588.34
2022-02-03,7665.12
2022-02-04,8493.8
2022-02-05,8504.18
2022-02-06,8705.03
2022-02-07,9037.93
2022-02-08,9006.53
2022-02-09,9167.4
2022-02-10,8867.1
2022-02-11,8534.85
2022-02-12,8529.52
2022-02-13,8461.12
2022-02-14,8569.34
2022-02-15,9094.42
2022-02-16,8939.85
2022-02-17,8271.34
2022-02-18,8109.51
2022-02-19,8127.25
2022-02-20,7757.41
2022-02-21,7463.54
2022-02-22,7704.97
2022-02-23,7515.39
2022-02-24,7652.7
2022-02-25,7951.53
2022-02-26,7937.8
2022-02-27,7601.27
2022-02-28,8601.99
2022-03-01,8807.11
2022-03-02,8712.06
2022-03-03,8417.83
2022-03-04,7786.66
2022-03-05,7885.27
2022-03-06,7636.75
2022-03-07,7529.62
2022-03-08,7689.39
2022-03-09,8262.6
2022-03-10,7825.61
2022-03-11,7702.57
2022-03-12,7716.07
2022-03-13,7527.95
2022-03-14,7848.37
2022-03-15,7811.29
2022-03-16,8191.06
2022-03-17,8197.66
2022-03-18,8405.11
2022-03-19,8504.58
2022-03-20,8292.69
2022-03-21,8317.41
2022-03-22,8562.65
2022-03-23,8723.72
2022-03-24,8935.65
2022-03-25,8932.76
2022-03-26,9018.53
2022-03-27,9457.13
2022-03-28,9519.37
2022-03-29,9653.83
2022-03-30,9619.87
2022-03-31,9314.15
2022-04-01,9596.36
2022-04-02,9539.88
2022-04-03,9700.31
2022-04-04,9712.58
2022-04-05,9467.65
2022-04-06,8890.97
2022-04-07,8983.83
2022-04-08,8881.33
2022-04-09,8828.9
2022-04-10,8992.83
2022-04-11,8255.18
2022-04-12,8142.49
2022-04-13,8484.32
2022-04-14,8230.95
2022-04-15,8346.34
2022-04-16,8336.05
2022-04-17,8378.71
2022-04-18,8384.83
2022-04-19,8592.22
2022-04-20,8522.66
2022-04-21,8481.36
2022-04-22,8195.6
2022-04-23,8222.39
2022-04-24,8206.97
2022-04-25,8306.45
2022-04-26,7873.58
2022-04-27,7956.75
2022-04-28,8184.78
2022-04-29,7813.15
2022-04-30,7827.95
2022-05-01,7688.89
2022-05-02,7843.06
2022-05-03,7676.45
2022-05-04,8153.11
2022-05-05,7474.84
2022-05-06,7410.65
2022-05-07,7365.53
2022-05-08,7069.68
2022-05-09,6237.5
2022-05-10,6344.2
2022-05-11,5705.05
2022-05-12,5463.76
2022-05-13,5842.96
2022-05-14,5654.61
2022-05-15,5915.06
2022-05-16,5716.97
2022-05-17,5819.37
2022-05-18,5641.96
2022-05-19,5738.04
2022-05-20,5632.51
2022-05-21,5676.09
2022-05-22,5764.19
2022-05-23,5645.23
2022-05-24,5660.96
2022-05-25,5681.38
2022-05-26,5517.81
2022-05-27,5386.2
2022-05-28,5449.78
2022-05-29,5454.38
2022-05-30,5765.02
2022-05-31,5915.57
2022-06-01,5611.78
2022-06-02,5641.91
2022-06-03,5474.46
2022-06-04,5506.14
2022-06-05,5602.37
2022-06-06,5814.65
2022-06-07,5748.21
2022-06-08,5587.44
2022-06-09,5566.21
2022-06-10,5326.22
2022-06-11,5154.62
2022-06-12,4937.2
2022-06-13,4175.19
2022-06-14,4048.21
2022-06-15,3973.44
2022-06-16,3806.56
2022-06-17,3758.62
2022-06-18,3287.31
2022-06-19,3733.44
2022-06-20,3738.49
2022-06-21,3866.06
2022-06-22,3720.24
2022-06-23,3881.29
2022-06-24,4038.43
2022-06-25,4006.24
2022-06-26,4042.19
2022-06-27,3950.32
2022-06-28,3831.63
2022-06-29,3781.26
2022-06-30,3528.89
2022-07-01,3614.67
2022-07-02,3602.16
2022-07-03,3641.59
2022-07-04,3728.26
2022-07-05,3818.65
2022-07-06,3823.9
2022-07-07,4097.3
2022-07-08,4082.31
2022-07-09,4049.12
2022-07-10,3909.81
2022-07-11,3821.59
2022-07-12,3588.47
2022-07-13,3643.19
2022-07-14,3871.37
2022-07-15,4009.41
2022-07-16,4078.88
2022-07-17,4068.5
2022-07-18,4250.8
2022-07-19,4568.83
2022-07-20,4578.75
2022-07-21,4544.15
2022-07-22,4413.21
2022-07-23,4358.84
2022-07-24,4497.13
2022-07-25,4288.22
2022-07-26,4047.99
2022-07-27,4491.01
2022-07-28,4740.73
2022-07-29,4775.48
2022-07-30,4767.36
2022-07-31,4777.17
2022-08-01,4569.04
2022-08-02,4580.3
2022-08-03,4676.2
2022-08-04,4503.66
2022-08-05,4645.72
2022-08-06,4710.07
2022-08-07,4707.28
2022-08-08,4872.26
2022-08-09,4673.93
2022-08-10,4861.77
2022-08-11,4998.86
2022-08-12,5017.58
2022-08-13,5087.24
2022-08-14,5038.54
2022-08-15,4957.3
2022-08-16,4951.88
2022-08-17,4821.99
2022-08-18,4845.9
2022-08-19,4422.45
2022-08-20,4257.83
2022-08-21,4398.07
2022-08-22,4285.35
2022-08-23,4416.54
2022-08-24,4464.3
2022-08-25,4477.4
2022-08-26,4217.86
2022-08-27,4071.43
2022-08-28,4073.43
2022-08-29,4123.29
2022-08-30,4114.38
2022-08-31,4174.21
2022-09-01,4116.25
2022-09-02,4118.4
2022-09-03,4093.76
2022-09-04,4136.28
2022-09-05,4123.47
2022-09-06,3992.29
2022-09-07,4019.01
2022-09-08,4138.66
2022-09-09,4449.29
2022-09-10,4510.22
2022-09-11,4531.62
2022-09-12,4600.54
2022-09-13,4215.42
2022-09-14,4172.41
2022-09-15,4059.91
2022-09-16,3990.34
2022-09-17,4087.56
2022-09-18,3986.3
2022-09-19,3938.59
2022-09-20,3869.89
2022-09-21,3850.45
2022-09-22,3919.5
2022-09-23,3828.17
2022-09-24,3919.08
2022-09-25,3859.3
2022-09-26,3907.9
2022-09-27,3875.41
2022-09-28,3945.12
2022-09-29,3930.69
2022-09-30,3958.5
2022-10-01,3907.78
2022-10-02,3901.67
2022-10-03,3943.54
2022-10-04,4078.23
2022-10-05,4061.97
2022-10-06,4054.44
2022-10-07,3958.3
2022-10-08,3954.79
2022-10-09,3956.01
2022-10-10,3902.51
2022-10-11,3836.87
2022-10-12,3866.43
2022-10-13,3885.75
2022-10-14,3865.98
2022-10-15,3844.87
2022-10-16,3899.01
2022-10-17,3928.88
2022-10-18,3865.16
2022-10-19,3862.86
2022-10-20,3816.96
2022-10-21,3857.89
2022-10-22,3869.17
2022-10-23,3926.35
2022-10-24,3915.86
2022-10-25,4176.32
2022-10-26,4290.48
2022-10-27,4272.05
2022-10-28,4276.78
2022-10-29,4365.41
2022-10-30,4320.09
2022-10-31,4276.06
2022-11-01,4294.28
2022-11-02,4228.19
2022-11-03,4251.45
2022-11-04,4478.37
2022-11-05,4491.14
2022-11-06,4456.02
2022-11-07,4384.13
2022-11-08,3774.64
2022-11-09,3363.67
2022-11-10,3766.49
2022-11-11,3482.39
2022-11-12,3518.95
2022-11-13,3424.29
2022-11-14,3401.11
2022-11-15,3511.59
2022-11-16,3438.1
2022-11-17,3444.46
2022-11-18,3447.4
2022-11-19,3446.41
2022-11-20,3401.07
2022-11-21,3230.96
2022-11-22,3307.83
2022-11-23,3442.27
2022-11-24,3462.05
2022-11-25,3464.58
2022-11-26,3477.61
2022-11-27,3490.99
2022-11-28,3396.64
2022-11-29,3470.5
2022-11-30,3610.28
2022-12-01,3556.57
2022-12-02,3583.65
2022-12-03,3554.31
2022-12-04,3583.04
2022-12-05,3540.33
2022-12-06,3546.45
2022-12-07,3497.95
2022-12-08,3590.77
2022-12-09,3560.66
2022-12-10,3580.54
2022-12-11,3563.33
2022-12-12,3545.09
2022-12-13,3659.03
2022-12-14,3646.01
2022-12-15,3566.4
2022-12-16,3422.29
2022-12-17,3361.61
2022-12-18,3389.67
2022-12-19,3344.66
2022-12-20,3415.87
2022-12-21,3396.66
2022-12-22,3405.8
2022-12-23,3414.04
2022-12-24,3419.44
2022-12-25,3391.14
2022-12-26,3417.83
2022-12-27,3390.74
2022-12-28,3362.18
2022-12-29,3357.11
2022-12-30,3354.95
2022-12-31,3361.64
2023-01-01,3363.27
2023-01-02,3400.54
2023-01-03,3380.72
2023-01-04,3443.59
2023-01-05,3454.65
2023-01-06,3469.37
2023-01-07,3479.49
2023-01-08,3498.36
2023-01-09,3579.0
2023-01-10,3637.36
2023-01-11,3650.8
2023-01-12,3917.7
2023-01-13,3967.52
2023-01-14,4243.98
2023-01-15,4256.71
2023-01-16,4326.39
2023-01-17,4342.55
2023-01-18,4137.03
2023-01-19,4220.98
2023-01-20,4444.18
2023-01-21,4558.7
2023-01-22,4443.74
2023-01-23,4545.07
2023-01-24,4529.81
2023-01-25,4483.96
2023-01-26,4530.64
2023-01-27,4522.58
2023-01-28,4474.95
2023-01-29,4636.41
2023-01-30,4430.08
2023-01-31,4525.33
2023-02-01,4620.66
2023-02-02,4708.1
2023-02-03,4620.49
2023-02-04,4655.13
2023-02-05,4530.56
2023-02-06,4569.88
2023-02-07,4656.86
2023-02-08,4584.57
2023-02-09,4407.71
2023-02-10,4335.41
2023-02-11,4321.21
2023-02-12,4384.78
2023-02-13,4276.14
2023-02-14,4415.12
2023-02-15,4755.5
2023-02-16,4816.26
2023-02-17,4872.28
2023-02-18,4818.84
2023-02-19,4808.18
2023-02-20,4861.62
2023-02-21,4788.1
2023-02-22,4661.85
2023-02-23,4705.34
2023-02-24,4570.48
2023-02-25,4496.0
2023-02-26,4652.72
2023-02-27,4590.62
2023-02-28,4587.4
2023-03-01,4617.69
2023-03-02,4619.38
2023-03-03,4395.71
2023-03-04,4385.33
2023-03-05,4416.1
2023-03-06,4397.67
2023-03-07,4354.92
2023-03-08,4375.0
