date,frm
2015-02-01,0.030067
2015-02-02,0.028953
2015-02-03,0.024826
2015-02-04,0.026164
2015-02-05,0.028731
2015-02-06,0.007798
2015-02-07,0.010542
2015-02-08,0.008014
2015-02-09,0.013261
2015-02-10,0.010654
2015-02-11,0.010346
2015-02-12,0.014296
2015-02-13,0.010434
2015-02-14,0.006917
2015-02-15,0.012626
2015-02-16,0.008866
2015-02-17,0.026167
2015-02-18,0.017555
2015-02-19,0.006918
2015-02-20,0.015879
2015-02-21,0.016807
2015-02-22,0.008227
2015-02-23,0.007549
2015-02-24,0.006714
2015-02-25,0.008122
2015-02-26,0.009401
2015-02-27,0.010435
2015-02-28,0.007937
2015-03-01,0.009369
2015-03-02,0.014168
2015-03-03,0.018654
2015-03-04,0.033136
2015-03-05,0.026628
2015-03-06,0.032237
2015-03-07,0.017116
2015-03-08,0.017747
2015-03-09,0.017978
2015-03-10,0.024022
2015-03-11,0.022188
2015-03-12,0.028189
2015-03-13,0.021171
2015-03-14,0.014476
2015-03-15,0.017659
2015-03-16,0.024554
2015-03-17,0.008001
2015-03-18,0.013035
2015-03-19,0.012192
2015-03-20,0.014144
2015-03-21,0.006127
2015-03-22,0.007483
2015-03-23,0.008704
2015-03-24,0.011423
2015-03-25,0.01178
2015-03-26,0.015583
2015-03-27,0.014628
2015-03-28,0.008186
2015-03-29,0.009198
2015-03-30,0.009924
2015-03-31,0.011119
2015-04-01,0.00941
2015-04-02,0.006486
2015-04-03,0.008894
2015-04-04,0.009091
2015-04-05,0.009912
2015-04-06,0.007112
2015-04-07,0.005533
2015-04-08,0.006326
2015-04-09,0.007457
2015-04-10,0.00638
2015-04-11,0.007812
2015-04-12,0.006579
2015-04-13,0.009507
2015-04-14,0.010949
2015-04-15,0.00916
2015-04-16,0.013686
2015-04-17,0.013525
2015-04-18,0.011814
2015-04-19,0.004712
2015-04-20,0.006505
2015-04-21,0.006994
2015-04-22,0.007712
2015-04-23,0.010738
2015-04-24,0.01743
2015-04-25,0.005454
2015-04-26,0.007249
2015-04-27,0.004617
2015-04-28,0.006622
2015-04-29,0.007241
2015-04-30,0.004573
2015-05-01,0.006147
2015-05-02,0.006762
2015-05-03,0.00915
2015-05-04,0.01228
2015-05-05,0.008555
2015-05-06,0.005383
2015-05-07,0.00857
2015-05-08,0.007365
2015-05-09,0.007153
2015-05-10,0.004914
2015-05-11,0.008067
2015-05-12,0.009836
2015-05-13,0.008627
2015-05-14,0.011055
2015-05-15,0.007856
2015-05-16,0.010788
2015-05-17,0.010526
2015-05-18,0.009834
2015-05-19,0.007172
2015-05-20,0.007702
2015-05-21,0.007514
2015-05-22,0.01338
2015-05-23,0.011432
2015-05-24,0.01039
2015-05-25,0.011483
2015-05-26,0.010608
2015-05-27,0.008538
2015-05-28,0.013408
2015-05-29,0.017305
2015-05-30,0.011937
2015-05-31,0.009159
2015-06-01,0.00897
2015-06-02,0.008816
2015-06-03,0.008962
2015-06-04,0.00906
2015-06-05,0.008698
2015-06-06,0.008423
2015-06-07,0.007862
2015-06-08,0.007535
2015-06-09,0.010568
2015-06-10,0.007984
2015-06-11,0.009547
2015-06-12,0.008032
2015-06-13,0.00998
2015-06-14,0.009951
2015-06-15,0.011833
2015-06-16,0.010719
2015-06-17,0.012155
2015-06-18,0.007016
2015-06-19,0.00476
2015-06-20,0.008717
2015-06-21,0.007734
2015-06-22,0.005481
2015-06-23,0.004069
2015-06-24,0.006806
2015-06-25,0.004341
2015-06-26,0.010713
2015-06-27,0.009794
2015-06-28,0.008721
2015-06-29,0.010635
2015-06-30,0.008487
2015-07-01,0.0053
2015-07-02,0.007208
2015-07-03,0.008794
2015-07-04,0.005313
2015-07-05,0.00821
2015-07-06,0.007602
2015-07-07,0.007479
2015-07-08,0.009027
2015-07-09,0.009813
2015-07-10,0.011304
2015-07-11,0.025653
2015-07-12,0.011072
2015-07-13,0.020726
2015-07-14,0.017148
2015-07-15,0.028936
2015-07-16,0.011749
2015-07-17,0.015693
2015-07-18,0.013507
2015-07-19,0.007176
2015-07-20,0.009367
2015-07-21,0.004066
2015-07-22,0.007413
2015-07-23,0.004546
2015-07-24,0.005159
2015-07-25,0.005021
2015-07-26,0.005649
2015-07-27,0.005062
2015-07-28,0.005337
2015-07-29,0.007262
2015-07-30,0.010576
2015-07-31,0.008051
2015-08-01,0.007655
2015-08-02,0.004642
2015-08-03,0.011823
2015-08-04,0.00664
2015-08-05,0.006957
2015-08-06,0.007412
2015-08-07,0.009547
2015-08-08,0.008964
2015-08-09,0.013223
2015-08-10,0.01245
2015-08-11,0.007304
2015-08-12,0.008374
2015-08-13,0.006712
2015-08-14,0.006863
2015-08-15,0.006892
2015-08-16,0.007562
2015-08-17,0.008257
2015-08-18,0.007594
2015-08-19,0.009648
2015-08-20,0.011935
2015-08-21,0.013738
2015-08-22,0.013714
2015-08-23,0.011623
2015-08-24,0.017124
2015-08-25,0.024654
2015-08-26,0.027936
2015-08-27,0.02798
2015-08-28,0.027787
2015-08-29,0.025489
2015-08-30,0.026204
2015-08-31,0.016635
2015-09-01,0.021174
2015-09-02,0.016276
2015-09-03,0.016514
2015-09-04,0.014936
2015-09-05,0.017784
2015-09-06,0.015403
2015-09-07,0.007893
2015-09-08,0.016162
2015-09-09,0.021004
2015-09-10,0.018954
2015-09-11,0.012808
2015-09-12,0.020531
2015-09-13,0.018356
2015-09-14,0.019363
2015-09-15,0.03235
2015-09-16,0.015688
2015-09-17,0.01761
2015-09-18,0.024981
2015-09-19,0.01911
2015-09-20,0.024966
2015-09-21,0.028425
2015-09-22,0.024482
2015-09-23,0.023835
2015-09-24,0.020457
2015-09-25,0.023974
2015-09-26,0.029537
2015-09-27,0.031728
2015-09-28,0.017703
2015-09-29,0.015737
2015-09-30,0.01775
2015-10-01,0.022812
2015-10-02,0.014413
2015-10-03,0.018243
2015-10-04,0.024385
2015-10-05,0.023557
2015-10-06,0.029443
2015-10-07,0.031301
2015-10-08,0.019844
2015-10-09,0.03059
2015-10-10,0.012553
2015-10-11,0.016396
2015-10-12,0.016327
2015-10-13,0.014044
2015-10-14,0.022745
2015-10-15,0.027303
2015-10-16,0.020051
2015-10-17,0.018514
2015-10-18,0.015372
2015-10-19,0.015332
2015-10-20,0.015182
2015-10-21,0.013219
2015-10-22,0.014608
2015-10-23,0.017764
2015-10-24,0.010817
2015-10-25,0.011033
2015-10-26,0.009635
2015-10-27,0.007475
2015-10-28,0.008777
2015-10-29,0.00735
2015-10-30,0.006097
2015-10-31,0.006967
2015-11-01,0.00814
2015-11-02,0.007293
2015-11-03,0.011223
2015-11-04,0.008479
2015-11-05,0.006627
2015-11-06,0.007383
2015-11-07,0.007555
2015-11-08,0.010484
2015-11-09,0.008984
2015-11-10,0.01301
2015-11-11,0.014264
2015-11-12,0.014026
2015-11-13,0.01149
2015-11-14,0.015301
2015-11-15,0.01216
2015-11-16,0.018419
2015-11-17,0.014298
2015-11-18,0.021177
2015-11-19,0.01761
2015-11-20,0.015396
2015-11-21,0.015331
2015-11-22,0.015813
2015-11-23,0.013709
2015-11-24,0.014691
2015-11-25,0.01421
2015-11-26,0.014742
2015-11-27,0.013097
2015-11-28,0.013721
2015-11-29,0.014265
2015-11-30,0.012113
2015-12-01,0.016578
2015-12-02,0.014547
2015-12-03,0.016659
2015-12-04,0.0138
2015-12-05,0.016716
2015-12-06,0.017567
2015-12-07,0.017392
2015-12-08,0.015132
2015-12-09,0.017218
2015-12-10,0.01754
2015-12-11,0.01175
2015-12-12,0.014919
2015-12-13,0.013332
2015-12-14,0.017965
2015-12-15,0.020283
2015-12-16,0.021294
2015-12-17,0.017827
2015-12-18,0.016676
2015-12-19,0.020412
2015-12-20,0.017149
2015-12-21,0.017404
2015-12-22,0.010438
2015-12-23,0.010002
2015-12-24,0.013741
2015-12-25,0.014769
2015-12-26,0.015463
2015-12-27,0.013808
2015-12-28,0.020249
2015-12-29,0.020309
2015-12-30,0.021877
2015-12-31,0.012371
2016-01-01,0.018135
2016-01-02,0.020742
2016-01-03,0.013391
2016-01-04,0.013121
2016-01-05,0.015663
2016-01-06,0.012654
2016-01-07,0.014671
2016-01-08,0.011333
2016-01-09,0.009686
2016-01-10,0.013212
2016-01-11,0.014757
2016-01-12,0.01429
2016-01-13,0.01174
2016-01-14,0.014261
2016-01-15,0.014299
2016-01-16,0.011278
2016-01-17,0.012246
2016-01-18,0.015584
2016-01-19,0.011892
2016-01-20,0.014777
2016-01-21,0.019517
2016-01-22,0.018626
2016-01-23,0.021177
2016-01-24,0.016286
2016-01-25,0.020169
2016-01-26,0.021321
2016-01-27,0.025394
2016-01-28,0.020849
2016-01-29,0.01769
2016-01-30,0.013322
2016-01-31,0.018698
2016-02-01,0.014765
2016-02-02,0.015091
2016-02-03,0.023531
2016-02-04,0.019506
2016-02-05,0.012011
2016-02-06,0.014816
2016-02-07,0.013119
2016-02-08,0.014682
2016-02-09,0.018224
2016-02-10,0.01689
2016-02-11,0.016764
2016-02-12,0.013676
2016-02-13,0.00824
2016-02-14,0.009447
2016-02-15,0.015883
2016-02-16,0.011263
2016-02-17,0.015081
2016-02-18,0.018881
2016-02-19,0.012117
2016-02-20,0.010648
2016-02-21,0.008461
2016-02-22,0.016085
2016-02-23,0.014678
2016-02-24,0.021042
2016-02-25,0.020317
2016-02-26,0.020682
2016-02-27,0.020106
2016-02-28,0.016617
2016-02-29,0.020891
2016-03-01,0.013511
2016-03-02,0.020203
2016-03-03,0.018415
2016-03-04,0.025903
2016-03-05,0.012946
2016-03-06,0.013071
2016-03-07,0.019429
2016-03-08,0.020593
2016-03-09,0.024879
2016-03-10,0.020261
2016-03-11,0.021181
2016-03-12,0.016358
2016-03-13,0.014365
2016-03-14,0.017138
2016-03-15,0.018575
2016-03-16,0.018778
2016-03-17,0.014563
2016-03-18,0.014799
2016-03-19,0.015692
2016-03-20,0.018348
2016-03-21,0.01913
2016-03-22,0.015183
2016-03-23,0.012972
2016-03-24,0.009319
2016-03-25,0.018301
2016-03-26,0.018193
2016-03-27,0.013387
2016-03-28,0.01267
2016-03-29,0.01422
2016-03-30,0.015591
2016-03-31,0.016976
2016-04-01,0.013736
2016-04-02,0.012756
2016-04-03,0.013118
2016-04-04,0.014191
2016-04-05,0.014275
2016-04-06,0.017098
2016-04-07,0.014443
2016-04-08,0.011068
2016-04-09,0.007083
2016-04-10,0.01113
2016-04-11,0.008804
2016-04-12,0.007645
2016-04-13,0.007166
2016-04-14,0.010899
2016-04-15,0.014928
2016-04-16,0.010377
2016-04-17,0.008515
2016-04-18,0.00999
2016-04-19,0.01059
2016-04-20,0.011379
2016-04-21,0.010939
2016-04-22,0.011205
2016-04-23,0.009949
2016-04-24,0.00872
2016-04-25,0.008455
2016-04-26,0.00758
2016-04-27,0.007482
2016-04-28,0.006084
2016-04-29,0.013405
2016-04-30,0.009257
2016-05-01,0.008466
2016-05-02,0.010655
2016-05-03,0.010572
2016-05-04,0.007307
2016-05-05,0.005515
2016-05-06,0.00625
2016-05-07,0.010713
2016-05-08,0.008452
2016-05-09,0.007318
2016-05-10,0.006699
2016-05-11,0.007269
2016-05-12,0.007977
2016-05-13,0.007928
2016-05-14,0.011887
2016-05-15,0.007487
2016-05-16,0.008193
2016-05-17,0.009345
2016-05-18,0.008401
2016-05-19,0.008772
2016-05-20,0.010815
2016-05-21,0.010369
2016-05-22,0.010913
2016-05-23,0.011314
2016-05-24,0.011249
2016-05-25,0.009092
2016-05-26,0.01054
2016-05-27,0.010045
2016-05-28,0.009198
2016-05-29,0.009417
2016-05-30,0.006724
2016-05-31,0.008988
2016-06-01,0.010372
2016-06-02,0.011478
2016-06-03,0.008627
2016-06-04,0.008423
2016-06-05,0.008267
2016-06-06,0.012617
2016-06-07,0.015134
2016-06-08,0.014706
2016-06-09,0.008934
2016-06-10,0.009478
2016-06-11,0.007737
2016-06-12,0.013265
2016-06-13,0.010495
2016-06-14,0.011612
2016-06-15,0.010314
2016-06-16,0.009843
2016-06-17,0.00784
2016-06-18,0.007445
2016-06-19,0.007199
2016-06-20,0.009736
2016-06-21,0.010043
2016-06-22,0.008644
2016-06-23,0.008164
2016-06-24,0.007469
2016-06-25,0.009169
2016-06-26,0.008116
2016-06-27,0.009632
2016-06-28,0.011264
2016-06-29,0.00999
2016-06-30,0.008863
2016-07-01,0.009343
2016-07-02,0.011482
2016-07-03,0.008143
2016-07-04,0.010159
2016-07-05,0.008082
2016-07-06,0.007147
2016-07-07,0.012608
2016-07-08,0.014729
2016-07-09,0.016512
2016-07-10,0.017633
2016-07-11,0.016691
2016-07-12,0.013455
2016-07-13,0.010254
2016-07-14,0.01149
2016-07-15,0.010112
2016-07-16,0.009127
2016-07-17,0.014636
2016-07-18,0.008686
2016-07-19,0.011496
2016-07-20,0.009077
2016-07-21,0.008467
2016-07-22,0.011118
2016-07-23,0.012525
2016-07-24,0.011018
2016-07-25,0.010636
2016-07-26,0.008027
2016-07-27,0.008456
2016-07-28,0.010622
2016-07-29,0.008693
2016-07-30,0.008298
2016-07-31,0.008246
2016-08-01,0.009933
2016-08-02,0.008649
2016-08-03,0.016167
2016-08-04,0.0149
2016-08-05,0.015713
2016-08-06,0.009591
2016-08-07,0.008055
2016-08-08,0.008922
2016-08-09,0.009669
2016-08-10,0.011201
2016-08-11,0.009206
2016-08-12,0.008916
2016-08-13,0.01202
2016-08-14,0.013627
2016-08-15,0.013539
2016-08-16,0.012223
2016-08-17,0.017229
2016-08-18,0.010149
2016-08-19,0.012133
2016-08-20,0.011427
2016-08-21,0.008037
2016-08-22,0.009631
2016-08-23,0.01312
2016-08-24,0.012374
2016-08-25,0.009155
2016-08-26,0.008522
2016-08-27,0.013333
2016-08-28,0.015631
2016-08-29,0.014827
2016-08-30,0.015209
2016-08-31,0.013593
2016-09-01,0.012254
2016-09-02,0.012447
2016-09-03,0.02009
2016-09-04,0.016728
2016-09-05,0.012972
2016-09-06,0.01561
2016-09-07,0.022638
2016-09-08,0.00719
2016-09-09,0.008551
2016-09-10,0.009999
2016-09-11,0.009958
2016-09-12,0.011372
2016-09-13,0.016587
2016-09-14,0.009416
2016-09-15,0.012735
2016-09-16,0.016195
2016-09-17,0.020221
2016-09-18,0.020594
2016-09-19,0.017431
2016-09-20,0.016994
2016-09-21,0.015766
2016-09-22,0.014492
2016-09-23,0.014093
2016-09-24,0.01078
2016-09-25,0.014408
2016-09-26,0.016133
2016-09-27,0.017213
2016-09-28,0.01709
2016-09-29,0.023775
2016-09-30,0.016274
2016-10-01,0.029039
2016-10-02,0.017287
2016-10-03,0.01181
2016-10-04,0.009932
2016-10-05,0.009682
2016-10-06,0.013321
2016-10-07,0.010569
2016-10-08,0.011553
2016-10-09,0.008307
2016-10-10,0.01199
2016-10-11,0.009229
2016-10-12,0.010212
2016-10-13,0.010707
2016-10-14,0.009032
2016-10-15,0.007215
2016-10-16,0.012692
2016-10-17,0.007347
2016-10-18,0.007912
2016-10-19,0.006556
2016-10-20,0.007178
2016-10-21,0.006217
2016-10-22,0.006339
2016-10-23,0.009508
2016-10-24,0.009575
2016-10-25,0.010553
2016-10-26,0.012043
2016-10-27,0.010264
2016-10-28,0.011768
2016-10-29,0.016441
2016-10-30,0.011354
2016-10-31,0.009324
2016-11-01,0.009741
2016-11-02,0.01151
2016-11-03,0.009042
2016-11-04,0.008999
2016-11-05,0.010819
2016-11-06,0.009124
2016-11-07,0.010663
2016-11-08,0.008632
2016-11-09,0.012591
2016-11-10,0.011327
2016-11-11,0.011192
2016-11-12,0.010873
2016-11-13,0.012726
2016-11-14,0.013964
2016-11-15,0.01263
2016-11-16,0.011002
2016-11-17,0.0144
2016-11-18,0.013956
2016-11-19,0.014232
2016-11-20,0.010535
2016-11-21,0.01253
2016-11-22,0.010241
2016-11-23,0.008982
2016-11-24,0.012456
2016-11-25,0.010937
2016-11-26,0.012361
2016-11-27,0.013243
2016-11-28,0.013214
2016-11-29,0.014139
2016-11-30,0.015518
2016-12-01,0.016362
2016-12-02,0.012202
2016-12-03,0.010719
2016-12-04,0.011475
2016-12-05,0.014003
2016-12-06,0.013925
2016-12-07,0.015817
2016-12-08,0.016702
2016-12-09,0.017793
2016-12-10,0.017576
2016-12-11,0.018314
2016-12-12,0.017536
2016-12-13,0.013921
2016-12-14,0.016632
2016-12-15,0.017315
2016-12-16,0.013835
2016-12-17,0.013255
2016-12-18,0.013882
2016-12-19,0.013658
2016-12-20,0.01545
2016-12-21,0.014597
2016-12-22,0.015924
2016-12-23,0.013242
2016-12-24,0.01096
2016-12-25,0.012525
2016-12-26,0.013626
2016-12-27,0.012652
2016-12-28,0.010875
2016-12-29,0.015195
2016-12-30,0.014747
2016-12-31,0.015867
2017-01-01,0.013833
2017-01-02,0.011136
2017-01-03,0.015365
2017-01-04,0.014868
2017-01-05,0.014957
2017-01-06,0.018518
2017-01-07,0.015887
2017-01-08,0.019589
2017-01-09,0.015603
2017-01-10,0.011442
2017-01-11,0.011508
2017-01-12,0.017266
2017-01-13,0.013257
2017-01-14,0.015353
2017-01-15,0.015086
2017-01-16,0.015122
2017-01-17,0.02259
2017-01-18,0.023798
2017-01-19,0.017406
2017-01-20,0.021378
2017-01-21,0.017691
2017-01-22,0.020274
2017-01-23,0.0206
2017-01-24,0.02134
2017-01-25,0.018454
2017-01-26,0.019358
2017-01-27,0.017876
2017-01-28,0.015671
2017-01-29,0.018136
2017-01-30,0.019007
2017-01-31,0.020834
2017-02-01,0.02038
2017-02-02,0.018999
2017-02-03,0.018028
2017-02-04,0.023809
2017-02-05,0.016601
2017-02-06,0.016844
2017-02-07,0.017484
2017-02-08,0.019634
2017-02-09,0.025211
2017-02-10,0.020128
2017-02-11,0.020093
2017-02-12,0.018926
2017-02-13,0.021495
2017-02-14,0.022591
2017-02-15,0.020574
2017-02-16,0.018747
2017-02-17,0.019362
2017-02-18,0.018001
2017-02-19,0.018374
2017-02-20,0.016144
2017-02-21,0.015841
2017-02-22,0.017535
2017-02-23,0.017112
2017-02-24,0.01852
2017-02-25,0.016299
2017-02-26,0.01699
2017-02-27,0.014265
2017-02-28,0.011226
2017-03-01,0.016342
2017-03-02,0.018239
2017-03-03,0.020755
2017-03-04,0.018023
2017-03-05,0.016929
2017-03-06,0.019682
2017-03-07,0.015896
2017-03-08,0.017415
2017-03-09,0.017756
2017-03-10,0.019919
2017-03-11,0.022314
2017-03-12,0.023321
2017-03-13,0.021389
2017-03-14,0.022193
2017-03-15,0.019502
2017-03-16,0.015954
2017-03-17,0.015758
2017-03-18,0.018955
2017-03-19,0.022941
2017-03-20,0.023584
2017-03-21,0.018605
2017-03-22,0.019163
2017-03-23,0.019846
2017-03-24,0.017518
2017-03-25,0.015305
2017-03-26,0.017776
2017-03-27,0.022323
2017-03-28,0.020539
2017-03-29,0.018813
2017-03-30,0.025314
2017-03-31,0.029224
2017-04-01,0.025544
2017-04-02,0.020226
2017-04-03,0.022258
2017-04-04,0.018367
2017-04-05,0.028101
2017-04-06,0.02807
2017-04-07,0.02362
2017-04-08,0.024189
2017-04-09,0.017375
2017-04-10,0.02148
2017-04-11,0.020384
2017-04-12,0.020917
2017-04-13,0.023338
2017-04-14,0.025023
2017-04-15,0.025991
2017-04-16,0.028941
2017-04-17,0.018267
2017-04-18,0.017377
2017-04-19,0.019029
2017-04-20,0.020315
2017-04-21,0.024089
2017-04-22,0.021309
2017-04-23,0.020663
2017-04-24,0.018394
2017-04-25,0.02634
2017-04-26,0.025252
2017-04-27,0.024253
2017-04-28,0.02955
2017-04-29,0.027602
2017-04-30,0.026979
2017-05-01,0.024637
2017-05-02,0.026287
2017-05-03,0.022267
2017-05-04,0.030385
2017-05-05,0.029246
2017-05-06,0.029359
2017-05-07,0.031908
2017-05-08,0.029509
2017-05-09,0.029196
2017-05-10,0.027505
2017-05-11,0.028953
2017-05-12,0.033023
2017-05-13,0.038148
2017-05-14,0.035087
2017-05-15,0.030383
2017-05-16,0.031866
2017-05-17,0.028443
2017-05-18,0.025074
2017-05-19,0.036697
2017-05-20,0.026967
2017-05-21,0.028289
2017-05-22,0.024845
2017-05-23,0.02928
2017-05-24,0.037476
2017-05-25,0.032606
2017-05-26,0.026408
2017-05-27,0.063186
2017-05-28,0.067322
2017-05-29,0.03534
2017-05-30,0.039272
2017-05-31,0.032751
2017-06-01,0.048736
2017-06-02,0.048496
2017-06-03,0.036746
2017-06-04,0.045419
2017-06-05,0.04562
2017-06-06,0.035623
2017-06-07,0.027497
2017-06-08,0.030244
2017-06-09,0.032201
2017-06-10,0.033194
2017-06-11,0.044901
2017-06-12,0.034547
2017-06-13,0.0382
2017-06-14,0.0415
2017-06-15,0.03877
2017-06-16,0.062348
2017-06-17,0.051151
2017-06-18,0.050265
2017-06-19,0.043664
2017-06-20,0.060427
2017-06-21,0.043579
2017-06-22,0.056426
2017-06-23,0.055985
2017-06-24,0.053194
2017-06-25,0.053687
2017-06-26,0.041562
2017-06-27,0.033967
2017-06-28,0.042912
2017-06-29,0.035747
2017-06-30,0.035795
2017-07-01,0.028432
2017-07-02,0.045302
2017-07-03,0.049457
2017-07-04,0.043824
2017-07-05,0.04283
2017-07-06,0.037114
2017-07-07,0.032807
2017-07-08,0.034329
2017-07-09,0.034578
2017-07-10,0.033933
2017-07-11,0.036083
2017-07-12,0.038846
2017-07-13,0.043215
2017-07-14,0.041743
2017-07-15,0.045025
2017-07-16,0.067008
2017-07-17,0.048038
2017-07-18,0.062016
2017-07-19,0.0579
2017-07-20,0.048061
2017-07-21,0.040403
2017-07-22,0.036698
2017-07-23,0.051357
2017-07-24,0.039969
2017-07-25,0.050228
2017-07-26,0.047199
2017-07-27,0.043944
2017-07-28,0.048943
2017-07-29,0.049002
2017-07-30,0.049223
2017-07-31,0.052552
2017-08-01,0.048863
2017-08-02,0.042188
2017-08-03,0.036618
2017-08-04,0.046799
2017-08-05,0.047181
2017-08-06,0.04519
2017-08-07,0.049815
2017-08-08,0.049671
2017-08-09,0.045685
2017-08-10,0.045574
2017-08-11,0.049796
2017-08-12,0.048534
2017-08-13,0.042377
2017-08-14,0.051736
2017-08-15,0.042446
2017-08-16,0.043126
2017-08-17,0.039545
2017-08-18,0.040903
2017-08-19,0.044633
2017-08-20,0.032282
2017-08-21,0.048946
2017-08-22,0.038345
2017-08-23,0.040614
2017-08-24,0.034662
2017-08-25,0.034144
2017-08-26,0.038608
2017-08-27,0.038776
2017-08-28,0.039935
2017-08-29,0.040633
2017-08-30,0.047328
2017-08-31,0.042048
2017-09-01,0.057092
2017-09-02,0.039536
2017-09-03,0.057974
2017-09-04,0.053995
2017-09-05,0.053331
2017-09-06,0.06896
2017-09-07,0.055967
2017-09-08,0.055855
2017-09-09,0.070404
2017-09-10,0.06521
2017-09-11,0.060973
2017-09-12,0.064971
2017-09-13,0.062703
2017-09-14,0.05476
2017-09-15,0.062272
2017-09-16,0.058942
2017-09-17,0.052408
2017-09-18,0.054616
2017-09-19,0.050623
2017-09-20,0.053896
2017-09-21,0.051056
2017-09-22,0.044373
2017-09-23,0.04703
2017-09-24,0.051167
2017-09-25,0.045559
2017-09-26,0.064076
2017-09-27,0.062442
2017-09-28,0.063467
2017-09-29,0.060602
2017-09-30,0.050225
2017-10-01,0.057742
2017-10-02,0.047766
2017-10-03,0.055628
2017-10-04,0.059269
2017-10-05,0.053706
2017-10-06,0.042784
2017-10-07,0.059998
2017-10-08,0.052098
2017-10-09,0.053589
2017-10-10,0.055255
2017-10-11,0.060022
2017-10-12,0.065624
2017-10-13,0.064328
2017-10-14,0.065533
2017-10-15,0.066945
2017-10-16,0.041258
2017-10-17,0.051042
2017-10-18,0.0563
2017-10-19,0.048219
2017-10-20,0.049135
2017-10-21,0.043368
2017-10-22,0.039624
2017-10-23,0.036178
2017-10-24,0.039753
2017-10-25,0.040628
2017-10-26,0.035906
2017-10-27,0.031775
2017-10-28,0.035275
2017-10-29,0.031773
2017-10-30,0.027305
2017-10-31,0.02969
2017-11-01,0.039313
2017-11-02,0.049169
2017-11-03,0.039617
2017-11-04,0.033987
2017-11-05,0.031877
2017-11-06,0.028304
2017-11-07,0.024739
2017-11-08,0.033721
2017-11-09,0.03423
2017-11-10,0.032759
2017-11-11,0.038361
2017-11-12,0.035996
2017-11-13,0.034462
2017-11-14,0.036275
2017-11-15,0.045954
2017-11-16,0.028401
2017-11-17,0.029578
2017-11-18,0.026465
2017-11-19,0.028861
2017-11-20,0.028065
2017-11-21,0.028739
2017-11-22,0.036216
2017-11-23,0.027622
2017-11-24,0.026562
2017-11-25,0.027044
2017-11-26,0.02525
2017-11-27,0.037203
2017-11-28,0.032996
2017-11-29,0.033773
2017-11-30,0.029881
2017-12-01,0.037776
2017-12-02,0.031877
2017-12-03,0.038881
2017-12-04,0.043279
2017-12-05,0.036259
2017-12-06,0.04012
2017-12-07,0.039471
2017-12-08,0.043439
2017-12-09,0.043249
2017-12-10,0.040768
2017-12-11,0.039927
2017-12-12,0.043554
2017-12-13,0.047903
2017-12-14,0.04931
2017-12-15,0.045714
2017-12-16,0.052428
2017-12-17,0.049962
2017-12-18,0.053055
2017-12-19,0.053884
2017-12-20,0.046941
2017-12-21,0.057629
2017-12-22,0.048987
2017-12-23,0.050781
2017-12-24,0.046812
2017-12-25,0.052074
2017-12-26,0.046726
2017-12-27,0.052894
2017-12-28,0.048107
2017-12-29,0.053008
2017-12-30,0.065834
2017-12-31,0.068918
2018-01-01,0.071003
2018-01-02,0.064171
2018-01-03,0.077107
2018-01-04,0.070835
2018-01-05,0.081136
2018-01-06,0.07056
2018-01-07,0.070057
2018-01-08,0.073588
2018-01-09,0.089541
2018-01-10,0.080677
2018-01-11,0.081141
2018-01-12,0.083444
2018-01-13,0.082509
2018-01-14,0.075262
2018-01-15,0.083491
2018-01-16,0.102171
2018-01-17,0.100557
2018-01-18,0.109308
2018-01-19,0.095341
2018-01-20,0.091852
2018-01-21,0.10111
2018-01-22,0.092733
2018-01-23,0.089335
2018-01-24,0.10214
2018-01-25,0.098659
2018-01-26,0.077518
2018-01-27,0.104969
2018-01-28,0.089836
2018-01-29,0.089723
2018-01-30,0.086513
2018-01-31,0.100259
2018-02-01,0.088311
2018-02-02,0.087124
2018-02-03,0.091648
2018-02-04,0.091238
2018-02-05,0.088235
2018-02-06,0.090606
2018-02-07,0.090275
2018-02-08,0.074717
2018-02-09,0.094912
2018-02-10,0.069264
2018-02-11,0.079337
2018-02-12,0.078847
2018-02-13,0.10355
2018-02-14,0.100415
2018-02-15,0.107021
2018-02-16,0.099361
2018-02-17,0.095509
2018-02-18,0.083645
2018-02-19,0.083117
2018-02-20,0.068681
2018-02-21,0.072214
2018-02-22,0.079149
2018-02-23,0.063376
2018-02-24,0.066859
2018-02-25,0.07188
2018-02-26,0.065224
2018-02-27,0.061616
2018-02-28,0.056612
2018-03-01,0.057354
2018-03-02,0.058257
2018-03-03,0.06301
2018-03-04,0.058401
2018-03-05,0.056668
2018-03-06,0.062924
2018-03-07,0.047551
2018-03-08,0.081301
2018-03-09,0.077725
2018-03-10,0.082584
2018-03-11,0.096111
2018-03-12,0.084588
2018-03-13,0.064796
2018-03-14,0.076909
2018-03-15,0.076948
2018-03-16,0.069731
2018-03-17,0.067794
2018-03-18,0.075649
2018-03-19,0.06365
2018-03-20,0.051459
2018-03-21,0.057976
2018-03-22,0.062044
2018-03-23,0.060514
2018-03-24,0.070204
2018-03-25,0.063649
2018-03-26,0.070165
2018-03-27,0.066199
2018-03-28,0.058278
2018-03-29,0.057401
2018-03-30,0.052107
2018-03-31,0.065069
2018-04-01,0.058534
2018-04-02,0.063062
2018-04-03,0.073943
2018-04-04,0.071349
2018-04-05,0.0634
2018-04-06,0.061328
2018-04-07,0.059491
2018-04-08,0.050655
2018-04-09,0.05153
2018-04-10,0.050745
2018-04-11,0.046237
2018-04-12,0.048575
2018-04-13,0.058326
2018-04-14,0.063396
2018-04-15,0.054167
2018-04-16,0.062439
2018-04-17,0.056663
2018-04-18,0.066142
2018-04-19,0.058597
2018-04-20,0.058449
2018-04-21,0.053557
2018-04-22,0.05709
2018-04-23,0.060932
2018-04-24,0.054163
2018-04-25,0.057003
2018-04-26,0.053011
2018-04-27,0.046525
2018-04-28,0.053948
2018-04-29,0.054547
2018-04-30,0.057632
2018-05-01,0.052114
2018-05-02,0.04858
2018-05-03,0.061859
2018-05-04,0.065006
2018-05-05,0.062726
2018-05-06,0.060083
2018-05-07,0.059177
2018-05-08,0.047187
2018-05-09,0.060296
2018-05-10,0.059641
2018-05-11,0.063658
2018-05-12,0.065708
2018-05-13,0.055682
2018-05-14,0.05644
2018-05-15,0.044222
2018-05-16,0.050392
2018-05-17,0.044567
2018-05-18,0.04732
2018-05-19,0.046179
2018-05-20,0.05068
2018-05-21,0.043563
2018-05-22,0.04254
2018-05-23,0.041581
2018-05-24,0.048085
2018-05-25,0.04336
2018-05-26,0.045002
2018-05-27,0.050581
2018-05-28,0.052133
2018-05-29,0.059932
2018-05-30,0.057726
2018-05-31,0.04229
2018-06-01,0.049695
2018-06-02,0.051872
2018-06-03,0.052379
2018-06-04,0.052334
2018-06-05,0.050719
2018-06-06,0.062112
2018-06-07,0.059857
2018-06-08,0.044694
2018-06-09,0.048851
2018-06-10,0.046494
2018-06-11,0.054304
2018-06-12,0.049751
2018-06-13,0.047969
2018-06-14,0.050889
2018-06-15,0.057588
2018-06-16,0.053006
2018-06-17,0.063693
2018-06-18,0.058571
2018-06-19,0.059505
2018-06-20,0.064808
2018-06-21,0.066379
2018-06-22,0.060589
2018-06-23,0.065083
2018-06-24,0.06489
2018-06-25,0.059577
2018-06-26,0.047947
2018-06-27,0.051352
2018-06-28,0.047908
2018-06-29,0.054347
2018-06-30,0.042941
2018-07-01,0.052841
2018-07-02,0.047025
2018-07-03,0.051824
2018-07-04,0.040392
2018-07-05,0.042238
2018-07-06,0.039568
2018-07-07,0.034813
2018-07-08,0.038587
2018-07-09,0.038072
2018-07-10,0.03285
2018-07-11,0.028855
2018-07-12,0.033347
2018-07-13,0.031166
2018-07-14,0.03127
2018-07-15,0.03167
2018-07-16,0.032532
2018-07-17,0.038525
2018-07-18,0.033807
2018-07-19,0.035706
2018-07-20,0.033663
2018-07-21,0.032001
2018-07-22,0.037479
2018-07-23,0.043682
2018-07-24,0.042341
2018-07-25,0.039634
2018-07-26,0.037468
2018-07-27,0.03387
2018-07-28,0.04389
2018-07-29,0.034863
2018-07-30,0.024355
2018-07-31,0.024995
2018-08-01,0.030626
2018-08-02,0.03235
2018-08-03,0.028198
2018-08-04,0.028861
2018-08-05,0.030936
2018-08-06,0.035283
2018-08-07,0.041981
2018-08-08,0.042066
2018-08-09,0.037391
2018-08-10,0.036065
2018-08-11,0.034245
2018-08-12,0.036109
2018-08-13,0.038148
2018-08-14,0.032043
2018-08-15,0.031538
2018-08-16,0.02756
2018-08-17,0.03154
2018-08-18,0.028845
2018-08-19,0.02801
2018-08-20,0.025979
2018-08-21,0.028621
2018-08-22,0.024641
2018-08-23,0.024181
2018-08-24,0.030252
2018-08-25,0.029458
2018-08-26,0.033565
2018-08-27,0.03212
2018-08-28,0.038103
2018-08-29,0.036284
2018-08-30,0.03597
2018-08-31,0.038352
2018-09-01,0.040064
2018-09-02,0.036063
2018-09-03,0.032547
2018-09-04,0.030236
2018-09-05,0.032752
2018-09-06,0.036811
2018-09-07,0.035199
2018-09-08,0.038325
2018-09-09,0.040539
2018-09-10,0.034658
2018-09-11,0.033576
2018-09-12,0.034452
2018-09-13,0.033083
2018-09-14,0.031518
2018-09-15,0.032797
2018-09-16,0.031904
2018-09-17,0.031169
2018-09-18,0.033772
2018-09-19,0.03733
2018-09-20,0.03148
2018-09-21,0.032819
2018-09-22,0.037535
2018-09-23,0.03907
2018-09-24,0.037233
2018-09-25,0.033862
2018-09-26,0.032657
2018-09-27,0.034735
2018-09-28,0.038138
2018-09-29,0.039926
2018-09-30,0.036283
2018-10-01,0.037436
2018-10-02,0.030191
2018-10-03,0.031146
2018-10-04,0.032528
2018-10-05,0.027313
2018-10-06,0.031346
2018-10-07,0.034037
2018-10-08,0.033106
2018-10-09,0.037167
2018-10-10,0.030566
2018-10-11,0.037469
2018-10-12,0.036953
2018-10-13,0.039503
2018-10-14,0.041871
2018-10-15,0.044818
2018-10-16,0.038387
2018-10-17,0.041372
2018-10-18,0.038475
2018-10-19,0.032784
2018-10-20,0.033788
2018-10-21,0.030216
2018-10-22,0.026266
2018-10-23,0.035879
2018-10-24,0.032874
2018-10-25,0.025876
2018-10-26,0.024475
2018-10-27,0.026502
2018-10-28,0.031429
2018-10-29,0.028696
2018-10-30,0.033299
2018-10-31,0.028328
2018-11-01,0.029752
2018-11-02,0.025873
2018-11-03,0.01871
2018-11-04,0.028079
2018-11-05,0.025607
2018-11-06,0.027963
2018-11-07,0.031187
2018-11-08,0.034072
2018-11-09,0.035021
2018-11-10,0.026843
2018-11-11,0.031613
2018-11-12,0.033649
2018-11-13,0.033642
2018-11-14,0.037059
2018-11-15,0.029958
2018-11-16,0.035994
2018-11-17,0.034158
2018-11-18,0.038042
2018-11-19,0.02779
2018-11-20,0.033039
2018-11-21,0.036297
2018-11-22,0.031412
2018-11-23,0.029978
2018-11-24,0.032279
2018-11-25,0.044338
2018-11-26,0.032838
2018-11-27,0.037534
2018-11-28,0.035275
2018-11-29,0.029619
2018-11-30,0.043596
2018-12-01,0.029336
2018-12-02,0.035384
2018-12-03,0.051302
2018-12-04,0.032716
2018-12-05,0.037532
2018-12-06,0.04921
2018-12-07,0.0327
2018-12-08,0.029715
2018-12-09,0.038143
2018-12-10,0.037526
2018-12-11,0.035838
2018-12-12,0.033386
2018-12-13,0.040655
2018-12-14,0.042911
2018-12-15,0.038726
2018-12-16,0.036691
2018-12-17,0.034404
2018-12-18,0.045852
2018-12-19,0.053257
2018-12-20,0.042189
2018-12-21,0.046224
2018-12-22,0.047056
2018-12-23,0.045277
2018-12-24,0.051469
2018-12-25,0.044778
2018-12-26,0.041682
2018-12-27,0.053665
2018-12-28,0.049042
2018-12-29,0.049683
2018-12-30,0.048508
2018-12-31,0.054648
2019-01-01,0.052627
2019-01-02,0.055297
2019-01-03,0.049526
2019-01-04,0.052603
2019-01-05,0.061317
2019-01-06,0.054071
2019-01-07,0.052005
2019-01-08,0.053061
2019-01-09,0.056725
2019-01-10,0.057522
2019-01-11,0.057181
2019-01-12,0.051159
2019-01-13,0.047008
2019-01-14,0.051002
2019-01-15,0.044679
2019-01-16,0.052059
2019-01-17,0.060073
2019-01-18,0.057478
2019-01-19,0.055477
2019-01-20,0.054773
2019-01-21,0.047003
2019-01-22,0.03702
2019-01-23,0.036682
2019-01-24,0.038431
2019-01-25,0.036581
2019-01-26,0.040968
2019-01-27,0.050487
2019-01-28,0.048344
2019-01-29,0.049761
2019-01-30,0.046772
2019-01-31,0.04564
2019-02-01,0.042109
2019-02-02,0.036247
2019-02-03,0.036065
2019-02-04,0.033641
2019-02-05,0.039594
2019-02-06,0.037689
2019-02-07,0.030961
2019-02-08,0.03956
2019-02-09,0.043882
2019-02-10,0.029059
2019-02-11,0.028028
2019-02-12,0.029549
2019-02-13,0.031368
2019-02-14,0.026903
2019-02-15,0.028195
2019-02-16,0.02399
2019-02-17,0.024543
2019-02-18,0.030869
2019-02-19,0.025592
2019-02-20,0.023289
2019-02-21,0.021309
2019-02-22,0.026296
2019-02-23,0.027631
2019-02-24,0.034976
2019-02-25,0.032058
2019-02-26,0.029033
2019-02-27,0.032642
2019-02-28,0.028377
2019-03-01,0.029278
2019-03-02,0.029439
2019-03-03,0.031935
2019-03-04,0.028147
2019-03-05,0.026398
2019-03-06,0.023621
2019-03-07,0.02474
2019-03-08,0.027231
2019-03-09,0.024812
2019-03-10,0.020958
2019-03-11,0.018994
2019-03-12,0.018991
2019-03-13,0.021062
2019-03-14,0.02622
2019-03-15,0.018809
2019-03-16,0.018028
2019-03-17,0.023497
2019-03-18,0.020571
2019-03-19,0.025153
2019-03-20,0.023757
2019-03-21,0.027308
2019-03-22,0.030625
2019-03-23,0.02612
2019-03-24,0.027119
2019-03-25,0.026819
2019-03-26,0.026639
2019-03-27,0.026754
2019-03-28,0.031152
2019-03-29,0.024607
2019-03-30,0.026022
2019-03-31,0.022889
2019-04-01,0.027202
2019-04-02,0.02642
2019-04-03,0.034987
2019-04-04,0.030903
2019-04-05,0.036434
2019-04-06,0.035429
2019-04-07,0.03091
2019-04-08,0.026865
2019-04-09,0.02687
2019-04-10,0.028648
2019-04-11,0.031013
2019-04-12,0.03431
2019-04-13,0.028924
2019-04-14,0.032716
2019-04-15,0.031573
2019-04-16,0.032826
2019-04-17,0.033807
2019-04-18,0.03133
2019-04-19,0.029817
2019-04-20,0.027466
2019-04-21,0.032657
2019-04-22,0.027129
2019-04-23,0.027448
2019-04-24,0.025272
2019-04-25,0.022249
2019-04-26,0.020536
2019-04-27,0.021233
2019-04-28,0.016772
2019-04-29,0.018119
2019-04-30,0.018424
2019-05-01,0.022522
2019-05-02,0.021374
2019-05-03,0.028599
2019-05-04,0.023451
2019-05-05,0.024653
2019-05-06,0.029327
2019-05-07,0.024272
2019-05-08,0.028635
2019-05-09,0.031076
2019-05-10,0.031486
2019-05-11,0.033059
2019-05-12,0.030066
2019-05-13,0.029238
2019-05-14,0.0328
2019-05-15,0.030308
2019-05-16,0.031779
2019-05-17,0.031939
2019-05-18,0.030818
2019-05-19,0.033179
2019-05-20,0.029073
2019-05-21,0.034946
2019-05-22,0.031189
2019-05-23,0.027267
2019-05-24,0.029798
2019-05-25,0.028883
2019-05-26,0.027169
2019-05-27,0.03226
2019-05-28,0.031545
2019-05-29,0.024896
2019-05-30,0.036166
2019-05-31,0.034811
2019-06-01,0.035035
2019-06-02,0.034498
2019-06-03,0.033505
2019-06-04,0.034097
2019-06-05,0.037198
2019-06-06,0.038234
2019-06-07,0.041272
2019-06-08,0.037685
2019-06-09,0.040676
2019-06-10,0.039303
2019-06-11,0.04043
2019-06-12,0.0403
2019-06-13,0.036804
2019-06-14,0.036633
2019-06-15,0.038778
2019-06-16,0.034145
2019-06-17,0.037547
2019-06-18,0.0306
2019-06-19,0.025961
2019-06-20,0.023697
2019-06-21,0.025106
2019-06-22,0.033748
2019-06-23,0.022982
2019-06-24,0.030405
2019-06-25,0.026208
2019-06-26,0.031887
2019-06-27,0.038081
2019-06-28,0.035333
2019-06-29,0.036731
2019-06-30,0.034543
2019-07-01,0.039909
2019-07-02,0.03743
2019-07-03,0.042394
2019-07-04,0.03222
2019-07-05,0.035548
2019-07-06,0.039211
2019-07-07,0.042666
2019-07-08,0.037673
2019-07-09,0.036967
2019-07-10,0.033329
2019-07-11,0.04125
2019-07-12,0.040654
2019-07-13,0.042786
2019-07-14,0.042213
2019-07-15,0.041689
2019-07-16,0.043298
2019-07-17,0.040741
2019-07-18,0.04631
2019-07-19,0.046922
2019-07-20,0.039535
2019-07-21,0.043522
2019-07-22,0.031881
2019-07-23,0.041536
2019-07-24,0.044353
2019-07-25,0.047026
2019-07-26,0.04019
2019-07-27,0.043129
2019-07-28,0.04158
2019-07-29,0.036593
2019-07-30,0.039973
2019-07-31,0.034011
2019-08-01,0.032705
2019-08-02,0.035514
2019-08-03,0.03103
2019-08-04,0.036
2019-08-05,0.037523
2019-08-06,0.037161
2019-08-07,0.039688
2019-08-08,0.034432
2019-08-09,0.037314
2019-08-10,0.038235
2019-08-11,0.037513
2019-08-12,0.034617
2019-08-13,0.03521
2019-08-14,0.035257
2019-08-15,0.031799
2019-08-16,0.036601
2019-08-17,0.034406
2019-08-18,0.034799
2019-08-19,0.033053
2019-08-20,0.034568
2019-08-21,0.033284
2019-08-22,0.035007
2019-08-23,0.032078
2019-08-24,0.030464
2019-08-25,0.032602
2019-08-26,0.033007
2019-08-27,0.033136
2019-08-28,0.02839
2019-08-29,0.037543
2019-08-30,0.036247
2019-08-31,0.031174
2019-09-01,0.030352
2019-09-02,0.030731
2019-09-03,0.031617
2019-09-04,0.031813
2019-09-05,0.030151
2019-09-06,0.035092
2019-09-07,0.032858
2019-09-08,0.029026
2019-09-09,0.031243
2019-09-10,0.025357
2019-09-11,0.028156
2019-09-12,0.039795
2019-09-13,0.036633
2019-09-14,0.032689
2019-09-15,0.029828
2019-09-16,0.034132
2019-09-17,0.031284
2019-09-18,0.026461
2019-09-19,0.025982
2019-09-20,0.028198
2019-09-21,0.023184
2019-09-22,0.024455
2019-09-23,0.023992
2019-09-24,0.028636
2019-09-25,0.02767
2019-09-26,0.026757
2019-09-27,0.028796
2019-09-28,0.028697
2019-09-29,0.030482
2019-09-30,0.037642
2019-10-01,0.03105
2019-10-02,0.032027
2019-10-03,0.030212
2019-10-04,0.031623
2019-10-05,0.028552
2019-10-06,0.022319
2019-10-07,0.025179
2019-10-08,0.02751
2019-10-09,0.024009
2019-10-10,0.032595
2019-10-11,0.024687
2019-10-12,0.024034
2019-10-13,0.027118
2019-10-14,0.024793
2019-10-15,0.031795
2019-10-16,0.027799
2019-10-17,0.027677
2019-10-18,0.031989
2019-10-19,0.029149
2019-10-20,0.026344
2019-10-21,0.024708
2019-10-22,0.025051
2019-10-23,0.030219
2019-10-24,0.027674
2019-10-25,0.033736
2019-10-26,0.025834
2019-10-27,0.033542
2019-10-28,0.02694
2019-10-29,0.030666
2019-10-30,0.022703
2019-10-31,0.023955
2019-11-01,0.022683
2019-11-02,0.027787
2019-11-03,0.025041
2019-11-04,0.022725
2019-11-05,0.026138
2019-11-06,0.025465
2019-11-07,0.029923
2019-11-08,0.029001
2019-11-09,0.026757
2019-11-10,0.02939
2019-11-11,0.023176
2019-11-12,0.02535
2019-11-13,0.021017
2019-11-14,0.021635
2019-11-15,0.021445
2019-11-16,0.021709
2019-11-17,0.022451
2019-11-18,0.020544
2019-11-19,0.020887
2019-11-20,0.021052
2019-11-21,0.026107
2019-11-22,0.028246
2019-11-23,0.036931
2019-11-24,0.028101
2019-11-25,0.023466
2019-11-26,0.019736
2019-11-27,0.020675
2019-11-28,0.020649
2019-11-29,0.023971
2019-11-30,0.02092
2019-12-01,0.021421
2019-12-02,0.018475
2019-12-03,0.022695
2019-12-04,0.020161
2019-12-05,0.023316
2019-12-06,0.019784
2019-12-07,0.020982
2019-12-08,0.021463
2019-12-09,0.020961
2019-12-10,0.017636
2019-12-11,0.021578
2019-12-12,0.018372
2019-12-13,0.019433
2019-12-14,0.019162
2019-12-15,0.01797
2019-12-16,0.018423
2019-12-17,0.020473
2019-12-18,0.023387
2019-12-19,0.021771
2019-12-20,0.027106
2019-12-21,0.025571
2019-12-22,0.024591
2019-12-23,0.024862
2019-12-24,0.022853
2019-12-25,0.022096
2019-12-26,0.019641
2019-12-27,0.023067
2019-12-28,0.023735
2019-12-29,0.02481
2019-12-30,0.022176
2019-12-31,0.023242
2020-01-01,0.021247
2020-01-02,0.025838
2020-01-03,0.021229
2020-01-04,0.021794
2020-01-05,0.020864
2020-01-06,0.023386
2020-01-07,0.021499
2020-01-08,0.023843
2020-01-09,0.025735
2020-01-10,0.033023
2020-01-11,0.029648
2020-01-12,0.030422
2020-01-13,0.028626
2020-01-14,0.027457
2020-01-15,0.030641
2020-01-16,0.031445
2020-01-17,0.030527
2020-01-18,0.036125
2020-01-19,0.030047
2020-01-20,0.024566
2020-01-21,0.027882
2020-01-22,0.02576
2020-01-23,0.025357
2020-01-24,0.025605
2020-01-25,0.022623
2020-01-26,0.024298
2020-01-27,0.027028
2020-01-28,0.028565
2020-01-29,0.030637
2020-01-30,0.02679
2020-01-31,0.030611
2020-02-01,0.026957
2020-02-02,0.026972
2020-02-03,0.027676
2020-02-04,0.027728
2020-02-05,0.026397
2020-02-06,0.024134
2020-02-07,0.029853
2020-02-08,0.031255
2020-02-09,0.032283
2020-02-10,0.031174
2020-02-11,0.029624
2020-02-12,0.031117
2020-02-13,0.030152
2020-02-14,0.031226
2020-02-15,0.0353
2020-02-16,0.037977
2020-02-17,0.038108
2020-02-18,0.033803
2020-02-19,0.028409
2020-02-20,0.026415
2020-02-21,0.027597
2020-02-22,0.03111
2020-02-23,0.035878
2020-02-24,0.03219
2020-02-25,0.035105
2020-02-26,0.031937
2020-02-27,0.028974
2020-02-28,0.034907
2020-02-29,0.039188
2020-03-01,0.035163
2020-03-02,0.04107
2020-03-03,0.040641
2020-03-04,0.042461
2020-03-05,0.041143
2020-03-06,0.046745
2020-03-07,0.052777
2020-03-08,0.064981
2020-03-09,0.057377
2020-03-10,0.041396
2020-03-11,0.050667
2020-03-12,0.077912
2020-03-13,0.100374
2020-03-14,0.076917
2020-03-15,0.075453
2020-03-16,0.046657
2020-03-17,0.070403
2020-03-18,0.092162
2020-03-19,0.088509
2020-03-20,0.10417
2020-03-21,0.095458
2020-03-22,0.086628
2020-03-23,0.079803
2020-03-24,0.083836
2020-03-25,0.080035
2020-03-26,0.082206
2020-03-27,0.088739
2020-03-28,0.078339
2020-03-29,0.09651
2020-03-30,0.097349
2020-03-31,0.071794
2020-04-01,0.088978
2020-04-02,0.086004
2020-04-03,0.073507
2020-04-04,0.100738
2020-04-05,0.062255
2020-04-06,0.082145
2020-04-07,0.083457
2020-04-08,0.054186
2020-04-09,0.078403
2020-04-10,0.08189
2020-04-11,0.071873
2020-04-12,0.090467
2020-04-13,0.084784
2020-04-14,0.087211
2020-04-15,0.081874
2020-04-16,0.108865
2020-04-17,0.119492
2020-04-18,0.094384
2020-04-19,0.099609
2020-04-20,0.095345
2020-04-21,0.095231
2020-04-22,0.093424
2020-04-23,0.11014
2020-04-24,0.107791
2020-04-25,0.106856
2020-04-26,0.106108
2020-04-27,0.102932
2020-04-28,0.091249
2020-04-29,0.104876
2020-04-30,0.112007
2020-05-01,0.112015
2020-05-02,0.112821
2020-05-03,0.107249
2020-05-04,0.075238
2020-05-05,0.108571
2020-05-06,0.099122
2020-05-07,0.071798
2020-05-08,0.060908
2020-05-09,0.070541
2020-05-10,0.077124
2020-05-11,0.062173
2020-05-12,0.05372
2020-05-13,0.06995
2020-05-14,0.048486
2020-05-15,0.037976
2020-05-16,0.046109
2020-05-17,0.04694
2020-05-18,0.051823
2020-05-19,0.054074
2020-05-20,0.0448
2020-05-21,0.041655
2020-05-22,0.029486
2020-05-23,0.026061
2020-05-24,0.034828
2020-05-25,0.026065
2020-05-26,0.023572
2020-05-27,0.0271
2020-05-28,0.033381
2020-05-29,0.039745
2020-05-30,0.041518
2020-05-31,0.040436
2020-06-01,0.03076
2020-06-02,0.035355
2020-06-03,0.04031
2020-06-04,0.039854
2020-06-05,0.035704
2020-06-06,0.035308
2020-06-07,0.029821
2020-06-08,0.036159
2020-06-09,0.029363
2020-06-10,0.030958
2020-06-11,0.036795
2020-06-12,0.033077
2020-06-13,0.036693
2020-06-14,0.032715
2020-06-15,0.033689
2020-06-16,0.042793
2020-06-17,0.033719
2020-06-18,0.035421
2020-06-19,0.036385
2020-06-20,0.030236
2020-06-21,0.029566
2020-06-22,0.025927
2020-06-23,0.025642
2020-06-24,0.025581
2020-06-25,0.025451
2020-06-26,0.022545
2020-06-27,0.024094
2020-06-28,0.023607
2020-06-29,0.022961
2020-06-30,0.022761
2020-07-01,0.025805
2020-07-02,0.019534
2020-07-03,0.026092
2020-07-04,0.025536
2020-07-05,0.020873
2020-07-06,0.019068
2020-07-07,0.029326
2020-07-08,0.021635
2020-07-09,0.025185
2020-07-10,0.030742
2020-07-11,0.029618
2020-07-12,0.024072
2020-07-13,0.030229
2020-07-14,0.023727
2020-07-15,0.025163
2020-07-16,0.022383
2020-07-17,0.026185
2020-07-18,0.023139
2020-07-19,0.022195
2020-07-20,0.025548
2020-07-21,0.021567
2020-07-22,0.021328
2020-07-23,0.022866
2020-07-24,0.019798
2020-07-25,0.020305
2020-07-26,0.019575
2020-07-27,0.025976
2020-07-28,0.018683
2020-07-29,0.018722
2020-07-30,0.018244
2020-07-31,0.017785
2020-08-01,0.018503
2020-08-02,0.020259
2020-08-03,0.019455
2020-08-04,0.018426
2020-08-05,0.018742
2020-08-06,0.020093
2020-08-07,0.018518
2020-08-08,0.023069
2020-08-09,0.022874
2020-08-10,0.026149
2020-08-11,0.024374
2020-08-12,0.020778
2020-08-13,0.025056
2020-08-14,0.022796
2020-08-15,0.023507
2020-08-16,0.022409
2020-08-17,0.019963
2020-08-18,0.02101
2020-08-19,0.022823
2020-08-20,0.021409
2020-08-21,0.026624
2020-08-22,0.025125
2020-08-23,0.021251
2020-08-24,0.023556
2020-08-25,0.026408
2020-08-26,0.02472
2020-08-27,0.023147
2020-08-28,0.025834
2020-08-29,0.027251
2020-08-30,0.023072
2020-08-31,0.019194
2020-09-01,0.023083
2020-09-02,0.025915
2020-09-03,0.022341
2020-09-04,0.040894
2020-09-05,0.043802
2020-09-06,0.035005
2020-09-07,0.040632
2020-09-08,0.028324
2020-09-09,0.025837
2020-09-10,0.029124
2020-09-11,0.028115
2020-09-12,0.035032
2020-09-13,0.025257
2020-09-14,0.032873
2020-09-15,0.031907
2020-09-16,0.03216
2020-09-17,0.032576
2020-09-18,0.030506
2020-09-19,0.031962
2020-09-20,0.033643
2020-09-21,0.034461
2020-09-22,0.030606
2020-09-23,0.033517
2020-09-24,0.031339
2020-09-25,0.032894
2020-09-26,0.035918
2020-09-27,0.031313
2020-09-28,0.030939
2020-09-29,0.031463
2020-09-30,0.030007
2020-10-01,0.029395
2020-10-02,0.032789
2020-10-03,0.034233
2020-10-04,0.034628
2020-10-05,0.036289
2020-10-06,0.033519
2020-10-07,0.036057
2020-10-08,0.034584
2020-10-09,0.038213
2020-10-10,0.033164
2020-10-11,0.029213
2020-10-12,0.038426
2020-10-13,0.033733
2020-10-14,0.036683
2020-10-15,0.025065
2020-10-16,0.030616
2020-10-17,0.032545
2020-10-18,0.03423
2020-10-19,0.030136
2020-10-20,0.02497
2020-10-21,0.027617
2020-10-22,0.024321
2020-10-23,0.028875
2020-10-24,0.029475
2020-10-25,0.026518
2020-10-26,0.025522
2020-10-27,0.029968
2020-10-28,0.030374
2020-10-29,0.039438
2020-10-30,0.032921
2020-10-31,0.038377
2020-11-01,0.032309
2020-11-02,0.022012
2020-11-03,0.026392
2020-11-04,0.029523
2020-11-05,0.042102
2020-11-06,0.019893
2020-11-07,0.021299
2020-11-08,0.020314
2020-11-09,0.02122
2020-11-10,0.01991
2020-11-11,0.019508
2020-11-12,0.019743
2020-11-13,0.018963
2020-11-14,0.018046
2020-11-15,0.017517
2020-11-16,0.021493
2020-11-17,0.023696
2020-11-18,0.022899
2020-11-19,0.016837
2020-11-20,0.024759
2020-11-21,0.019309
2020-11-22,0.022499
2020-11-23,0.02096
2020-11-24,0.027649
2020-11-25,0.030769
2020-11-26,0.02721
2020-11-27,0.025423
2020-11-28,0.024434
2020-11-29,0.021534
2020-11-30,0.021675
2020-12-01,0.02438
2020-12-02,0.026381
2020-12-03,0.026508
2020-12-04,0.027703
2020-12-05,0.025764
2020-12-06,0.028078
2020-12-07,0.027033
2020-12-08,0.041059
2020-12-09,0.031105
2020-12-10,0.030178
2020-12-11,0.031535
2020-12-12,0.03156
2020-12-13,0.031316
2020-12-14,0.032408
2020-12-15,0.039752
2020-12-16,0.033418
2020-12-17,0.033228
2020-12-18,0.040892
2020-12-19,0.036568
2020-12-20,0.033989
2020-12-21,0.032288
2020-12-22,0.032726
2020-12-23,0.033881
2020-12-24,0.035367
2020-12-25,0.033066
2020-12-26,0.031593
2020-12-27,0.032817
2020-12-28,0.035601
2020-12-29,0.029612
2020-12-30,0.033157
2020-12-31,0.035754
2021-01-01,0.039384
2021-01-02,0.038353
2021-01-03,0.037971
2021-01-04,0.041215
2021-01-05,0.045372
2021-01-06,0.051172
2021-01-07,0.040342
2021-01-08,0.041744
2021-01-09,0.037257
2021-01-10,0.047701
2021-01-11,0.046871
2021-01-12,0.059465
2021-01-13,0.049443
2021-01-14,0.049654
2021-01-15,0.041918
2021-01-16,0.045076
2021-01-17,0.058019
2021-01-18,0.06099
2021-01-19,0.049711
2021-01-20,0.051005
2021-01-21,0.057641
2021-01-22,0.064652
2021-01-23,0.06068
2021-01-24,0.060785
2021-01-25,0.058836
2021-01-26,0.061524
2021-01-27,0.057517
2021-01-28,0.049415
2021-01-29,0.060124
2021-01-30,0.065804
2021-01-31,0.065088
2021-02-01,0.073246
2021-02-02,0.082329
2021-02-03,0.080294
2021-02-04,0.074945
2021-02-05,0.075793
2021-02-06,0.068843
2021-02-07,0.071148
2021-02-08,0.07666
2021-02-09,0.073461
2021-02-10,0.072517
2021-02-11,0.063425
2021-02-12,0.074734
2021-02-13,0.069276
2021-02-14,0.060197
2021-02-15,0.080181
2021-02-16,0.079392
2021-02-17,0.074245
2021-02-18,0.072733
2021-02-19,0.074702
2021-02-20,0.067292
2021-02-21,0.079057
2021-02-22,0.087327
2021-02-23,0.084623
2021-02-24,0.095109
2021-02-25,0.107358
2021-02-26,0.10614
2021-02-27,0.097893
2021-02-28,0.095028
2021-03-01,0.109178
2021-03-02,0.093409
2021-03-03,0.101258
2021-03-04,0.084376
2021-03-05,0.080207
2021-03-06,0.078546
2021-03-07,0.098556
2021-03-08,0.101845
2021-03-09,0.090231
2021-03-10,0.09016
2021-03-11,0.083436
2021-03-12,0.082218
2021-03-13,0.088522
2021-03-14,0.091249
2021-03-15,0.08107
2021-03-16,0.084091
2021-03-17,0.072002
2021-03-18,0.084494
2021-03-19,0.05832
2021-03-20,0.06161
2021-03-21,0.060562
2021-03-22,0.054677
2021-03-23,0.059167
2021-03-24,0.04826
2021-03-25,0.057198
2021-03-26,0.053788
2021-03-27,0.067522
2021-03-28,0.062425
2021-03-29,0.053306
2021-03-30,0.051693
2021-03-31,0.057348
2021-04-01,0.044373
2021-04-02,0.042486
2021-04-03,0.057007
2021-04-04,0.048435
2021-04-05,0.053138
2021-04-06,0.048736
2021-04-07,0.047204
2021-04-08,0.056864
2021-04-09,0.043298
2021-04-10,0.042259
2021-04-11,0.041458
2021-04-12,0.053327
2021-04-13,0.036362
2021-04-14,0.040435
2021-04-15,0.033105
2021-04-16,0.046083
2021-04-17,0.037848
2021-04-18,0.033525
2021-04-19,0.035102
2021-04-20,0.035835
2021-04-21,0.042651
2021-04-22,0.036812
2021-04-23,0.045588
2021-04-24,0.046784
2021-04-25,0.038332
2021-04-26,0.040538
2021-04-27,0.04496
2021-04-28,0.036047
2021-04-29,0.039931
2021-04-30,0.038997
2021-05-01,0.038379
2021-05-02,0.038736
2021-05-03,0.035644
2021-05-04,0.038998
2021-05-05,0.03751
2021-05-06,0.029519
2021-05-07,0.037628
2021-05-08,0.038959
2021-05-09,0.037745
2021-05-10,0.041304
2021-05-11,0.033369
2021-05-12,0.04052
2021-05-13,0.045371
2021-05-14,0.043929
2021-05-15,0.043772
2021-05-16,0.055065
2021-05-17,0.056795
2021-05-18,0.040602
2021-05-19,0.037104
2021-05-20,0.052074
2021-05-21,0.052571
2021-05-22,0.049207
2021-05-23,0.047902
2021-05-24,0.037906
2021-05-25,0.043411
2021-05-26,0.041612
2021-05-27,0.046048
2021-05-28,0.052212
2021-05-29,0.050806
2021-05-30,0.049873
2021-05-31,0.043553
2021-06-01,0.042569
2021-06-02,0.043588
2021-06-03,0.041399
2021-06-04,0.040292
2021-06-05,0.049971
2021-06-06,0.067428
2021-06-07,0.063939
2021-06-08,0.066286
2021-06-09,0.068917
2021-06-10,0.052708
2021-06-11,0.053273
2021-06-12,0.055941
2021-06-13,0.052804
2021-06-14,0.065091
2021-06-15,0.065221
2021-06-16,0.067487
2021-06-17,0.052843
2021-06-18,0.075675
2021-06-19,0.07138
2021-06-20,0.082262
2021-06-21,0.084522
2021-06-22,0.088755
2021-06-23,0.067274
2021-06-24,0.077299
2021-06-25,0.074052
2021-06-26,0.063586
2021-06-27,0.059744
2021-06-28,0.068484
2021-06-29,0.056812
2021-06-30,0.043207
2021-07-01,0.049264
2021-07-02,0.051777
2021-07-03,0.045267
2021-07-04,0.042707
2021-07-05,0.04125
2021-07-06,0.058196
2021-07-07,0.053817
2021-07-08,0.056665
2021-07-09,0.042018
2021-07-10,0.048194
2021-07-11,0.052813
2021-07-12,0.05313
2021-07-13,0.042505
2021-07-14,0.044898
2021-07-15,0.041931
2021-07-16,0.038696
2021-07-17,0.041766
2021-07-18,0.055154
2021-07-19,0.041029
2021-07-20,0.040057
2021-07-21,0.038309
2021-07-22,0.034483
2021-07-23,0.028435
2021-07-24,0.032381
2021-07-25,0.036082
2021-07-26,0.043033
2021-07-27,0.035425
2021-07-28,0.037854
2021-07-29,0.037306
2021-07-30,0.0413
2021-07-31,0.035397
2021-08-01,0.034876
2021-08-02,0.044607
2021-08-03,0.034048
2021-08-04,0.03548
2021-08-05,0.035112
2021-08-06,0.040386
2021-08-07,0.046406
2021-08-08,0.039266
2021-08-09,0.038268
2021-08-10,0.035104
2021-08-11,0.035572
2021-08-12,0.036098
2021-08-13,0.040948
2021-08-14,0.041275
2021-08-15,0.044359
2021-08-16,0.049446
2021-08-17,0.047251
2021-08-18,0.045744
2021-08-19,0.037701
2021-08-20,0.044573
2021-08-21,0.043369
2021-08-22,0.04772
2021-08-23,0.043434
2021-08-24,0.0436
2021-08-25,0.032373
2021-08-26,0.038138
2021-08-27,0.049269
2021-08-28,0.038715
2021-08-29,0.04172
2021-08-30,0.046089
2021-08-31,0.045168
2021-09-01,0.044117
2021-09-02,0.041038
2021-09-03,0.042018
2021-09-04,0.044591
2021-09-05,0.040574
2021-09-06,0.041492
2021-09-07,0.050742
2021-09-08,0.046459
2021-09-09,0.041011
2021-09-10,0.044745
2021-09-11,0.049219
2021-09-12,0.048297
2021-09-13,0.051253
2021-09-14,0.050584
2021-09-15,0.044442
2021-09-16,0.040588
2021-09-17,0.039044
2021-09-18,0.043585
2021-09-19,0.053784
2021-09-20,0.052788
2021-09-21,0.049763
2021-09-22,0.04052
2021-09-23,0.044909
2021-09-24,0.058293
2021-09-25,0.051228
2021-09-26,0.055118
2021-09-27,0.044699
2021-09-28,0.033624
2021-09-29,0.029309
2021-09-30,0.030776
2021-10-01,0.040889
2021-10-02,0.033025
2021-10-03,0.030195
2021-10-04,0.034891
2021-10-05,0.035274
2021-10-06,0.036576
2021-10-07,0.032268
2021-10-08,0.035022
2021-10-09,0.038956
2021-10-10,0.033919
2021-10-11,0.034373
2021-10-12,0.037356
2021-10-13,0.03918
2021-10-14,0.039955
2021-10-15,0.038656
2021-10-16,0.033305
2021-10-17,0.039418
2021-10-18,0.04873
2021-10-19,0.04315
2021-10-20,0.034512
2021-10-21,0.03181
2021-10-22,0.036603
2021-10-23,0.039899
2021-10-24,0.041668
2021-10-25,0.033473
2021-10-26,0.035921
2021-10-27,0.035452
2021-10-28,0.034565
2021-10-29,0.035488
2021-10-30,0.034907
2021-10-31,0.030172
2021-11-01,0.037613
2021-11-02,0.033475
2021-11-03,0.034326
2021-11-04,0.03811
2021-11-05,0.036743
2021-11-06,0.033562
2021-11-07,0.048582
2021-11-08,0.051009
2021-11-09,0.03856
2021-11-10,0.040733
2021-11-11,0.043756
2021-11-12,0.039827
2021-11-13,0.045442
2021-11-14,0.039883
2021-11-15,0.036779
2021-11-16,0.040492
2021-11-17,0.036262
2021-11-18,0.043488
2021-11-19,0.041659
2021-11-20,0.037291
2021-11-21,0.037102
2021-11-22,0.050224
2021-11-23,0.056514
2021-11-24,0.039356
2021-11-25,0.034798
2021-11-26,0.038817
2021-11-27,0.039639
2021-11-28,0.044858
2021-11-29,0.039966
2021-11-30,0.040022
2021-12-01,0.045191
2021-12-02,0.040967
2021-12-03,0.035169
2021-12-04,0.043208
2021-12-05,0.046234
2021-12-06,0.0461
2021-12-07,0.053169
2021-12-08,0.0401
2021-12-09,0.044956
2021-12-10,0.038875
2021-12-11,0.040369
2021-12-12,0.043953
2021-12-13,0.040505
2021-12-14,0.035979
2021-12-15,0.032291
2021-12-16,0.034802
2021-12-17,0.037698
2021-12-18,0.033197
2021-12-19,0.037083
2021-12-20,0.034108
2021-12-21,0.035128
2021-12-22,0.033308
2021-12-23,0.033856
2021-12-24,0.035243
2021-12-25,0.03596
2021-12-26,0.047628
2021-12-27,0.047498
2021-12-28,0.033799
2021-12-29,0.035605
2021-12-30,0.047603
2021-12-31,0.043002
2022-01-01,0.033036
2022-01-02,0.036982
2022-01-03,0.032822
2022-01-04,0.031953
2022-01-05,0.027473
2022-01-06,0.032298
2022-01-07,0.033234
2022-01-08,0.036569
2022-01-09,0.037635
2022-01-10,0.031188
2022-01-11,0.032634
2022-01-12,0.030852
2022-01-13,0.036383
2022-01-14,0.030014
2022-01-15,0.028577
2022-01-16,0.02986
2022-01-17,0.030063
2022-01-18,0.025626
2022-01-19,0.029743
2022-01-20,0.032497
2022-01-21,0.028588
2022-01-22,0.032757
2022-01-23,0.036443
2022-01-24,0.035203
2022-01-25,0.03319
2022-01-26,0.027467
2022-01-27,0.023095
2022-01-28,0.025154
2022-01-29,0.025425
2022-01-30,0.028892
2022-01-31,0.027509
2022-02-01,0.024692
2022-02-02,0.029345
2022-02-03,0.031518
2022-02-04,0.030869
2022-02-05,0.029611
2022-02-06,0.025339
2022-02-07,0.038812
2022-02-08,0.032294
2022-02-09,0.041827
2022-02-10,0.029697
2022-02-11,0.035316
2022-02-12,0.029982
2022-02-13,0.034709
2022-02-14,0.037418
2022-02-15,0.031109
2022-02-16,0.031863
2022-02-17,0.031408
2022-02-18,0.033938
2022-02-19,0.028169
2022-02-20,0.032484
2022-02-21,0.042119
2022-02-22,0.034143
2022-02-23,0.028131
2022-02-24,0.025489
2022-02-25,0.036018
2022-02-26,0.026559
2022-02-27,0.032414
2022-02-28,0.036921
2022-03-01,0.037061
2022-03-02,0.034997
2022-03-03,0.033551
2022-03-04,0.027662
2022-03-05,0.029423
2022-03-06,0.026907
2022-03-07,0.034882
2022-03-08,0.027451
2022-03-09,0.030529
2022-03-10,0.028052
2022-03-11,0.027216
2022-03-12,0.02429
2022-03-13,0.024915
2022-03-14,0.026055
2022-03-15,0.026316
2022-03-16,0.028102
2022-03-17,0.030524
2022-03-18,0.031086
2022-03-19,0.031219
2022-03-20,0.032435
2022-03-21,0.035965
2022-03-22,0.033811
2022-03-23,0.034954
2022-03-24,0.033585
2022-03-25,0.036813
2022-03-26,0.039483
2022-03-27,0.034109
2022-03-28,0.032154
2022-03-29,0.035828
2022-03-30,0.033999
2022-03-31,0.036989
2022-04-01,0.033968
2022-04-02,0.03797
2022-04-03,0.028283
2022-04-04,0.029156
2022-04-05,0.035916
2022-04-06,0.033598
2022-04-07,0.015921
2022-04-08,0.023364
2022-04-09,0.010679
2022-04-10,0.01995
2022-04-11,0.022286
2022-04-12,0.038379
2022-04-13,0.032531
2022-04-14,0.032575
2022-04-15,0.030515
2022-04-16,0.026543
2022-04-17,0.020536
2022-04-18,0.016053
2022-04-19,0.014247
2022-04-20,0.015939
2022-04-21,0.015744
2022-04-22,0.020547
2022-04-23,0.022239
2022-04-24,0.020435
2022-04-25,0.025489
2022-04-26,0.025745
2022-04-27,0.023341
2022-04-28,0.026857
2022-04-29,0.027468
2022-04-30,0.023844
2022-05-01,0.023016
2022-05-02,0.026713
2022-05-03,0.023835
2022-05-04,0.022662
2022-05-05,0.028631
2022-05-06,0.033726
2022-05-07,0.026235
2022-05-08,0.025669
2022-05-09,0.02853
2022-05-10,0.046175
2022-05-11,0.0375
