,date,EDC_M
1,20150618,-0.000343009852503656
2,20150619,-0.000336071092790822
3,20150620,-0.000373667570611976
4,20150621,-0.000375011667728889
5,20150622,-0.000662459239786338
6,20150623,-0.0012645680447017
7,20150624,-0.000949958046172435
8,20150625,-0.00101531558032553
9,20150626,-0.00107028956229098
10,20150627,-0.00115635474366347
11,20150628,-0.00112329724656197
12,20150629,-0.00134616517552731
13,20150630,-0.00140113067532262
14,20150701,-0.00133808464077486
15,20150702,-0.00160842486374193
16,20150703,-0.00148273581773995
17,20150704,-0.00155410268065888
18,20150705,-0.00127420604729565
19,20150706,-0.00123126697976515
20,20150707,-0.00127970572360163
21,20150708,-0.00143165523353823
22,20150709,-0.00149593659384813
23,20150710,-0.00176429840619077
24,20150711,-0.00157541069500072
25,20150712,-0.00134244605162463
26,20150713,-0.00181059819311033
27,20150714,-0.00177668748151952
28,20150715,-0.00178508290891662
29,20150716,-0.00182915519012733
30,20150717,-0.00177967110157821
31,20150718,-0.0019296958249017
32,20150719,-0.00202302026728983
33,20150720,-0.00192587741767639
34,20150721,-0.00195241842950737
35,20150722,-0.00183632776575908
36,20150723,-0.00203736555252529
37,20150724,-0.00201944181679987
38,20150725,-0.00181840149758718
39,20150726,-0.00197518704738253
40,20150727,-0.0020155414168249
41,20150728,-0.00195620398643342
42,20150729,-0.00199730170678792
43,20150730,-0.00198583370386073
44,20150731,-0.00211120831442682
45,20150801,-0.00217032394852763
46,20150802,-0.00245348886982572
47,20150803,-0.00282317198553475
48,20150804,-0.00241093415848527
49,20150805,-0.00249678471130441
50,20150806,-0.00250539995050505
51,20150807,-0.00267957651907421
52,20150808,-0.00254228088560935
53,20150809,-0.00285790460884515
54,20150810,-0.00292318170461313
55,20150811,-0.00285750974442211
56,20150812,-0.00285647011254966
57,20150813,-0.00283017147467919
58,20150814,-0.0028713684333366
59,20150815,-0.00277124599756655
60,20150816,-0.00297165752879063
61,20150817,-0.00300511059969537
62,20150818,-0.00346620736371524
63,20150819,-0.00337888784053308
64,20150820,-0.00362754897738825
65,20150821,-0.00354235209363797
66,20150822,-0.00359819904167426
67,20150823,-0.0038949057436849
68,20150824,-0.00401024795219951
69,20150825,-0.00390609375545843
70,20150826,-0.00385059948623421
71,20150827,-0.00400749724272026
72,20150828,-0.00397163537787486
73,20150829,-0.00406318831964575
74,20150830,-0.00397272531029281
75,20150831,-0.0038308404361512
76,20150901,-0.00372578849120913
77,20150902,-0.00386516646697913
78,20150903,-0.00370846310696069
79,20150904,-0.00341863812825991
80,20150905,-0.00359817446561888
81,20150906,-0.00340894805266602
82,20150907,-0.00331046494447937
83,20150908,-0.00339481109873239
84,20150909,-0.00399977325945605
85,20150910,-0.00409325954651686
86,20150911,-0.00395397888696304
87,20150912,-0.00393237695797596
88,20150913,-0.00386118494297868
89,20150914,-0.00360154647585831
90,20150915,-0.00335127336638828
91,20150916,-0.00318567945507247
92,20150917,-0.00325920247401041
93,20150918,-0.00317772089548259
94,20150919,-0.00331795318680815
95,20150920,-0.00319133128270495
96,20150921,-0.00321563039478276
97,20150922,-0.0033013278452511
98,20150923,-0.00374692666814288
99,20150924,-0.00376024720289711
100,20150925,-0.003911431874441
101,20150926,-0.00392135597786779
102,20150927,-0.00397217498805924
103,20150928,-0.00425624584401006
104,20150929,-0.00398182670576392
105,20150930,-0.0040483114679012
106,20151001,-0.0040926264699955
107,20151002,-0.00423531007919581
108,20151003,-0.00441265445087688
109,20151004,-0.00450355194694333
110,20151005,-0.00436803038769319
111,20151006,-0.00431231025402846
112,20151007,-0.00460135981462549
113,20151008,-0.00471040463053663
114,20151009,-0.00483498044514767
115,20151010,-0.0047693565583037
116,20151011,-0.00471565390254964
117,20151012,-0.004744712696788
118,20151013,-0.00492946860893009
119,20151014,-0.00466663345906235
120,20151015,-0.00454394840443137
121,20151016,-0.00466514802212217
122,20151017,-0.00461366592824171
123,20151018,-0.00455782461862322
124,20151019,-0.00452092842538601
125,20151020,-0.00522430809998152
126,20151021,-0.00520800509165918
127,20151022,-0.00499161732576008
128,20151023,-0.00506655319230932
129,20151024,-0.00512032587887093
130,20151025,-0.00501232258835779
131,20151026,-0.00477554401229322
132,20151027,-0.0046988163331907
133,20151028,-0.00476137510824646
134,20151029,-0.00487394541303695
135,20151030,-0.00516379535566608
136,20151031,-0.00476731473653048
137,20151101,-0.00510865104917604
138,20151102,-0.00529005330734233
139,20151103,-0.00574670114618328
140,20151104,-0.0057384447766229
141,20151105,-0.00566068885248189
142,20151106,-0.00563502516234554
143,20151107,-0.00595254841196512
144,20151108,-0.0058193438774211
145,20151109,-0.00572946926914389
146,20151110,-0.00566664677388803
147,20151111,-0.00556242002706591
148,20151112,-0.00561509191556736
149,20151113,-0.00554443255658967
150,20151114,-0.00543202691420376
151,20151115,-0.00533881988423947
152,20151116,-0.00545566601200025
153,20151117,-0.00581174975928238
154,20151118,-0.00592613912383299
155,20151119,-0.00580690522901407
156,20151120,-0.00570918926550976
157,20151121,-0.00570819451774234
158,20151122,-0.00573089796356832
159,20151123,-0.00561566965518376
160,20151124,-0.00533497116282025
161,20151125,-0.00517682405119126
162,20151126,-0.00520497854775606
163,20151127,-0.00521174895726454
164,20151128,-0.00515717399548859
165,20151129,-0.00510249997946643
166,20151130,-0.00509496533426421
167,20151201,-0.00508926726016853
168,20151202,-0.00496124189116098
169,20151203,-0.0049276467090898
170,20151204,-0.00492289557803071
171,20151205,-0.00526289590825558
172,20151206,-0.00508772604740671
173,20151207,-0.00505318283029355
174,20151208,-0.00539238286969552
175,20151209,-0.00565808647660632
176,20151210,-0.00588818787630452
177,20151211,-0.00572265777113176
178,20151212,-0.00609985619105274
179,20151213,-0.00613920117366185
180,20151214,-0.00632977394868795
181,20151215,-0.00612080712387503
182,20151216,-0.0062194608272021
183,20151217,-0.00623809034562746
184,20151218,-0.00628100058022773
185,20151219,-0.00628327694016487
186,20151220,-0.00613234850385263
187,20151221,-0.00850240402136642
188,20151222,-0.00843378720643916
189,20151223,-0.0086059468795915
190,20151224,-0.00848231971979248
191,20151225,-0.00844655651342623
192,20151226,-0.00816387802634226
193,20151227,-0.00827151174620994
194,20151228,-0.008573392050058
195,20151229,-0.00841470488602162
196,20151230,-0.00824333452070998
197,20151231,-0.0081325351802574
198,20160101,-0.00806112552835993
199,20160102,-0.00795211334383043
200,20160103,-0.00782939787904142
201,20160104,-0.00777778544746146
202,20160105,-0.00766624765796621
203,20160106,-0.00756664423517196
204,20160107,-0.00742547301343674
205,20160108,-0.00731145156256036
206,20160109,-0.00705275953420529
207,20160110,-0.00694656236032042
208,20160111,-0.00713326227579452
209,20160112,-0.00707237002877663
210,20160113,-0.00709482080313533
211,20160114,-0.00688615361226281
212,20160115,-0.00691841001062614
213,20160116,-0.00666249132999795
214,20160117,-0.00671355300236466
215,20160118,-0.00694796680949801
216,20160119,-0.00693667361540552
217,20160120,-0.0066278145661687
218,20160121,-0.00689416362725259
219,20160122,-0.00698324231203402
220,20160123,-0.00699542994362582
221,20160124,-0.00690735379778859
222,20160125,-0.00625655208555338
223,20160126,-0.00638659673845352
224,20160127,-0.00634287386923262
225,20160128,-0.00640332349936283
226,20160129,-0.00634728685281779
227,20160130,-0.00637274989181279
228,20160131,-0.00625055711358242
229,20160201,-0.00625204806309631
230,20160202,-0.00648767742488104
231,20160203,-0.00635941678702765
232,20160204,-0.00639164669147729
233,20160205,-0.00619018910889648
234,20160206,-0.00624679336149605
235,20160207,-0.00624419126844998
236,20160208,-0.00608873546732203
237,20160209,-0.00577514705661875
238,20160210,-0.00554719675379162
239,20160211,-0.00567652934027987
240,20160212,-0.00535029426802354
241,20160213,-0.0054089273125161
242,20160214,-0.00523127706038879
243,20160215,-0.00529625519567554
244,20160216,-0.00538043335361981
245,20160217,-0.00569334309953321
246,20160218,-0.00527425942736839
247,20160219,-0.0048274055182938
248,20160220,-0.00464079338068123
249,20160221,-0.0045891842964246
250,20160222,-0.00483978132282689
251,20160223,-0.00512991238388965
252,20160224,-0.00477802139235448
253,20160225,-0.00474438829005865
254,20160226,-0.00467895018645581
255,20160227,-0.00469446058618659
256,20160228,-0.00452531935949991
257,20160229,-0.00435114994988742
258,20160301,-0.003844803694265
259,20160302,-0.00387382894141309
260,20160303,-0.00344885688923117
261,20160304,-0.00350948532383943
262,20160305,-0.0033503928761069
263,20160306,-0.00302343977421244
264,20160307,-0.00285971496066989
265,20160308,-0.00270423475442191
266,20160309,-0.00287991201722193
267,20160310,-0.00264683259472141
268,20160311,-0.00244101590640463
269,20160312,-0.00194804264057894
270,20160313,-0.00170903535393939
271,20160314,-0.00199261827926523
272,20160315,-0.00188167782716013
273,20160316,-0.00176429246408891
274,20160317,-0.00238928788852855
275,20160318,-0.00220195722401972
276,20160319,-0.0023605914577976
277,20160320,-0.00238226392990384
278,20160321,-0.00209835386569889
279,20160322,-0.00212123098162475
280,20160323,-0.00230211862262502
281,20160324,-0.00189673082258105
282,20160325,-0.00221204901475892
283,20160326,-0.00224172201911248
284,20160327,-0.00234111923327576
285,20160328,-0.00233777240137011
286,20160329,-0.00270040449035103
287,20160330,-0.00223517544811984
288,20160331,-0.00208807131501558
289,20160401,-0.00198208726798485
290,20160402,-0.00168431497225443
291,20160403,-0.00181289996317056
292,20160404,-0.00199503656922556
293,20160405,-0.0017940941707535
294,20160406,-0.00156253707978533
295,20160407,-0.00123394843574211
296,20160408,-0.00131405885691501
297,20160409,-0.000552407164584446
298,20160410,-0.000384770588917137
299,20160411,-9.8348296768658e-05
300,20160412,0.00014036477907586
301,20160413,0.000247400019108818
302,20160414,0.00014855280398746
303,20160415,0.000411984062331191
304,20160416,-2.76588905965879e-05
305,20160417,-1.45948739044115e-06
306,20160418,-0.000110149693996822
307,20160419,-0.000253437331445003
308,20160420,0.000121821481676902
309,20160421,0.000468199730721813
310,20160422,0.000759625822703001
311,20160423,0.000775830364129049
312,20160424,0.000711774557409711
313,20160425,0.00117317113325113
314,20160426,0.00129411225449943
315,20160427,0.000399862806075501
316,20160428,0.000609884912881912
317,20160429,0.000354136272630404
318,20160430,0.000196678843945458
319,20160501,0.000233465784784407
320,20160502,-0.000207339477012079
321,20160503,-0.000316833233063542
322,20160504,-0.000220335175912846
323,20160505,-0.000547435216587743
324,20160506,-0.000753843022743965
325,20160507,-0.000742569110693522
326,20160508,-0.00069572374735678
327,20160509,-0.000676603481848291
328,20160510,-0.000548461801194219
329,20160511,-0.000640431299415639
330,20160512,-0.000593026473689273
331,20160513,-0.000271543939514131
332,20160514,-0.000230024553532556
333,20160515,-0.000173494061272358
334,20160516,2.10808401544638e-06
335,20160517,0.000537672366325796
336,20160518,0.000772122578849305
337,20160519,0.000687549513515689
338,20160520,0.00148855418322547
339,20160521,0.00154581764900616
340,20160522,0.00176325374960101
341,20160523,0.00195069034051808
342,20160524,0.0019643802091596
343,20160525,0.00203039911395742
344,20160526,0.00221140109638336
345,20160527,0.00201788617857478
346,20160528,0.00185105851074203
347,20160529,0.00156567268305025
348,20160530,0.00140365498221641
349,20160531,0.00166564690032595
350,20160601,0.00162140300105599
351,20160602,0.00166288450595018
352,20160603,0.00136044049322999
353,20160604,0.00153716901608976
354,20160605,0.00188516994896126
355,20160606,0.00180200301191999
356,20160607,0.00168213438796737
357,20160608,0.00164651888113461
358,20160609,0.00156863517263854
359,20160610,0.00160707471593059
360,20160611,0.00163954032747434
361,20160612,0.00133485011357657
362,20160613,0.00133965008573235
363,20160614,0.00131127211091531
364,20160615,0.0011038477434705
365,20160616,0.00101270497665801
366,20160617,0.000566058926569738
367,20160618,0.000641764379572135
368,20160619,0.000758892089390889
369,20160620,0.000925937861600273
370,20160621,0.000663888357387536
371,20160622,0.00057119702685965
372,20160623,0.000938201435204477
373,20160624,0.000794970153507792
374,20160625,0.00100684580410483
375,20160626,0.00119481947353513
376,20160627,0.00135926931144237
377,20160628,0.00128752430965976
378,20160629,0.00135947051450729
379,20160630,0.00166820332530697
380,20160701,0.00159655452891788
381,20160702,0.00163855528048933
382,20160703,0.00153459284031866
383,20160704,0.00162375507955857
384,20160705,0.00170934659796583
385,20160706,0.00200051886752729
386,20160707,0.00193633206422344
387,20160708,0.00217628898196694
388,20160709,0.00211966332367455
389,20160710,0.00222496227677456
390,20160711,0.00225239570281395
391,20160712,0.0022327028067333
392,20160713,0.0022382317007289
393,20160714,0.00210984757719778
394,20160715,0.00216427445184723
395,20160716,0.00217755187112875
396,20160717,0.0019834924060659
397,20160718,0.00183526024560653
398,20160719,0.00160223836180138
399,20160720,0.00161629395308179
400,20160721,0.00142137167565593
401,20160722,0.00120859868619086
402,20160723,0.00111852552728237
403,20160724,0.00112332561174686
404,20160725,0.00138282384453633
405,20160726,0.00138546242226608
406,20160727,0.00103618287876411
407,20160728,0.000470057294076866
408,20160729,0.000537516347835867
409,20160730,0.000466691671813484
410,20160731,0.000722174413900062
411,20160801,0.000763748223132699
412,20160802,0.000274867004544938
413,20160803,0.000678646667352772
414,20160804,0.000762578576872372
415,20160805,0.000785522136066198
416,20160806,0.000903301961847304
417,20160807,0.000790523573932787
418,20160808,0.000948660753156962
419,20160809,0.00122414886917438
420,20160810,0.00107270078126675
421,20160811,0.000913309621096791
422,20160812,0.000711261217292216
423,20160813,0.000731910540978456
424,20160814,0.000491605462664595
425,20160815,0.000330116490147964
426,20160816,0.000645433017905309
427,20160817,0.000232433199497071
428,20160818,0.000538399395482902
429,20160819,0.000176424990093579
430,20160820,0.000361143329628143
431,20160821,0.000449395332449192
432,20160822,0.000684150522164064
433,20160823,0.000791709620869275
434,20160824,0.00146047018298792
435,20160825,0.00121242963681234
436,20160826,0.00136844786537893
437,20160827,0.0012254849190893
438,20160828,0.000711091118321864
439,20160829,0.000546448064701056
440,20160830,0.000627594458736012
441,20160831,0.000230496794022796
442,20160901,0.00032613956835876
443,20160902,0.000527500353738565
444,20160903,0.000424204533053748
445,20160904,0.000449479913461195
446,20160905,0.000472903293718039
447,20160906,0.000199177963459945
448,20160907,7.38632779726162e-05
449,20160908,8.07485681917146e-05
450,20160909,-0.000119645265560172
451,20160910,-0.000107370375888524
452,20160911,0.000219684302622686
453,20160912,-0.000149224108116726
454,20160913,-3.60980287353413e-05
455,20160914,0.000102026536352642
456,20160915,-0.000377013098699211
457,20160916,-0.000427062853114442
458,20160917,-0.000599286891057534
459,20160918,-0.000395959512692063
460,20160919,-0.000278030977777431
461,20160920,-0.000531209548404619
462,20160921,-0.000571996954619372
463,20160922,-0.000823014010290795
464,20160923,-0.000536020970216196
465,20160924,-0.000546753169131437
466,20160925,-0.000726977956177148
467,20160926,-0.000795469154161823
468,20160927,-0.00106671456807097
469,20160928,-0.0012281553466283
470,20160929,-0.0014311677532634
471,20160930,-0.00130310167507998
472,20161001,-0.00108649661386635
473,20161002,-0.00102686029117276
474,20161003,-0.000931117616569315
475,20161004,-0.000187956546669232
476,20161005,-0.0004532520742154
477,20161006,-0.000435951216001912
478,20161007,-0.000352183015153489
479,20161008,-0.000642496810408897
480,20161009,-0.000546733148934172
481,20161010,-0.000640530250939352
482,20161011,-0.000722063399968365
483,20161012,-0.00043498584403616
484,20161013,-0.000252605373872716
485,20161014,-0.000348127428674692
486,20161015,-0.000353665583099194
487,20161016,-0.000448165252563718
488,20161017,-0.000415259132444856
489,20161018,-0.000443666913385041
490,20161019,-0.000386895111990681
491,20161020,-0.000393538383410008
492,20161021,-0.000503645572949359
493,20161022,-0.000394214493031962
494,20161023,-0.000448358862096789
495,20161024,-0.000575163669479857
496,20161025,-0.000451846082034437
497,20161026,-0.000725311442411637
498,20161027,-0.00089288905458581
499,20161028,-0.000894895578077433
500,20161029,-0.000916078677560779
501,20161030,-0.00113050864919497
502,20161031,-0.00105016177386169
503,20161101,-0.000979528738421405
504,20161102,-0.00114535455325236
505,20161103,-0.00117216754122376
506,20161104,-0.00112872603257383
507,20161105,-0.00125669157075431
508,20161106,-0.00127625191691998
509,20161107,-0.00147879925869851
510,20161108,-0.00152727158519013
511,20161109,-0.00143513015453365
512,20161110,-0.00136987280015498
513,20161111,-0.001183068719228
514,20161112,-0.00125584009509714
515,20161113,-0.0013740899338206
516,20161114,-0.00148134562607251
517,20161115,-0.00138493579463383
518,20161116,-0.00141265015794466
519,20161117,-0.00140389616324445
520,20161118,-0.00133346019066983
521,20161119,-0.00126609315322912
522,20161120,-0.00134428828203786
523,20161121,-0.00137561500589258
524,20161122,-0.001375374820317
525,20161123,-0.00143348866018623
526,20161124,-0.00125041801600046
527,20161125,-0.00117318375895186
528,20161126,-0.00118264422484408
529,20161127,-0.00121002123962192
530,20161128,-0.000925082739308168
531,20161129,-0.000910269785984788
532,20161130,-0.00101450096190135
533,20161201,-0.000994333430932051
534,20161202,-0.00100886095408445
535,20161203,-0.001034348440667
536,20161204,-0.0010765940004264
537,20161205,-0.000991741213215643
538,20161206,-0.000725836379942307
539,20161207,-0.000852230379021917
540,20161208,-0.000798064759182419
541,20161209,-0.000831484043482893
542,20161210,-0.000842114329297609
543,20161211,-0.00089427913692835
544,20161212,-0.000909425242402547
545,20161213,-0.00110247222095899
546,20161214,-0.00102463218650306
547,20161215,-0.000939689896511093
548,20161216,0.000556029198800359
549,20161217,0.000371788341317127
550,20161218,0.000311436108674543
551,20161219,0.000246465085440775
552,20161220,0.000264430247435104
553,20161221,0.000188171466610885
554,20161222,0.000187817683313911
555,20161223,0.000405733106714642
556,20161224,0.000494724795449782
557,20161225,0.000370636599014408
558,20161226,0.00053214359075248
559,20161227,0.000526635651295792
560,20161228,0.000680869252267095
561,20161229,0.000956851712767491
562,20161230,0.000882972648975426
563,20161231,0.000911223826131919
564,20170101,0.000931907577580126
565,20170102,0.00101897793748144
566,20170103,0.00125481005245663
567,20170104,0.00178654089251112
568,20170105,0.00122936407958132
569,20170106,0.000621958820918668
570,20170107,0.000270982164265423
571,20170108,0.000130090189125277
572,20170109,5.1676211347345e-05
573,20170110,-0.000102600572769325
574,20170111,-0.000661311821427991
575,20170112,-0.000576186491031025
576,20170113,-0.000788456652202242
577,20170114,-0.000438566461948456
578,20170115,-0.000632878138297762
579,20170116,-0.000705681223186927
580,20170117,-0.000468713515004998
581,20170118,-0.000448626536018466
582,20170119,-0.000226338541893067
583,20170120,-0.000352524994645347
584,20170121,-0.000393808160172163
585,20170122,0.000608006449618397
586,20170123,0.000455944029402331
587,20170124,0.000750352527920126
588,20170125,0.000642112709087045
589,20170126,0.000941979456283753
590,20170127,0.00055902525533338
591,20170128,0.000653496317156498
592,20170129,0.000487282638902847
593,20170130,0.000331644481816253
594,20170131,0.000590644236620137
595,20170201,0.000557255167063385
596,20170202,0.000720734325919913
597,20170203,0.00107532763376076
598,20170204,0.00138393814763591
599,20170205,0.00148111185787646
600,20170206,0.00135802156288296
601,20170207,0.00152452880669038
602,20170208,0.00174287624448081
603,20170209,0.0017514750545574
604,20170210,0.00176137307619197
605,20170211,0.00196642509384489
606,20170212,0.00212426885677713
607,20170213,0.00240515414098591
608,20170214,0.00259030512366595
609,20170215,0.00199676432069549
610,20170216,0.00136399528745038
611,20170217,0.000701761112733858
612,20170218,0.000199099151520328
613,20170219,0.000146672375312243
614,20170220,0.000310842260685929
615,20170221,-0.000531395156110209
616,20170222,-0.000169538600253432
617,20170223,-0.000596703785091858
618,20170224,-0.000124648925729197
619,20170225,-0.000354484393828478
620,20170226,-0.000552819184910749
621,20170227,-0.000237187979859703
622,20170228,-0.000523758362348156
623,20170301,-0.000544969195512584
624,20170302,-0.000854978121556817
625,20170303,-0.000777908519045939
626,20170304,-0.000610574618141731
627,20170305,-0.0006640468824067
628,20170306,-0.000600136689255647
629,20170307,-0.000610661954460072
630,20170308,-0.000525194488396716
631,20170309,-0.000840017516757091
632,20170310,-0.000992114638133278
633,20170311,-0.00155719026135707
634,20170312,-0.00188475923237716
635,20170313,-0.00213624423481885
636,20170314,-0.00184048938031246
637,20170315,-0.00178054149297403
638,20170316,-0.00182844408857392
639,20170317,-0.00156424279507843
640,20170318,-0.00150243082738798
641,20170319,-0.00164270490538331
642,20170320,-0.00177299445036444
643,20170321,-0.00195098032964569
644,20170322,-0.00184097475735011
645,20170323,-0.00166007529761053
646,20170324,-0.00161588553480564
647,20170325,-0.00126149948655494
648,20170326,-0.0013502584943299
649,20170327,-0.0013304717845694
650,20170328,-0.00182282324225327
651,20170329,-0.00217251807470409
652,20170330,-0.00280594630274901
653,20170331,-0.0029644393563751
654,20170401,-0.00298965102636565
655,20170402,-0.00370345214153827
656,20170403,-0.00323493207049602
657,20170404,-0.00313447322233568
658,20170405,-0.00345697438406239
659,20170406,-0.00324348680130103
660,20170407,-0.00313411567656437
661,20170408,-0.00360529718618035
662,20170409,-0.00287564486919041
663,20170410,-0.00333016370374197
664,20170411,-0.00359071775619705
665,20170412,-0.00387766476100198
666,20170413,-0.00389342325913373
667,20170414,-0.00369044246145392
668,20170415,-0.00375576065995946
669,20170416,-0.00360563375074942
670,20170417,-0.00313687419875549
671,20170418,-0.00316805826991171
672,20170419,-0.0033103624657487
673,20170420,-0.00358346845585824
674,20170421,-0.00398236069143241
675,20170422,-0.00412820668913706
676,20170423,-0.00403216493010391
677,20170424,-0.00391214693728113
678,20170425,-0.00389762036163657
679,20170426,-0.00435606403078037
680,20170427,-0.00462112108329558
681,20170428,-0.00472441978644844
682,20170429,-0.00478808844955315
683,20170430,-0.00483126978783468
684,20170501,-0.00504237619632506
685,20170502,-0.00514140789347978
686,20170503,-0.00505366312591066
687,20170504,-0.00522346720604046
688,20170505,-0.00515791029782876
689,20170506,-0.00570177076967915
690,20170507,-0.00554054813694827
691,20170508,-0.00574536253585055
692,20170509,-0.00642970805358351
693,20170510,-0.00650813527497821
694,20170511,-0.00653497405733072
695,20170512,-0.00672477449392787
696,20170513,-0.00765909582585193
697,20170514,-0.00713762831428124
698,20170515,-0.00742044921317101
699,20170516,-0.00757598377785739
700,20170517,-0.00724279675731667
701,20170518,-0.0070095543669189
702,20170519,-0.00716989797774181
703,20170520,-0.0055204474943914
704,20170521,-0.00557869666757391
705,20170522,-0.00550938436651199
706,20170523,-0.0048812216727243
707,20170524,-0.0049515813246185
708,20170525,-0.00581564643820334
709,20170526,-0.00614255525243638
710,20170527,-0.00632096990886721
711,20170528,-0.00576280723105601
712,20170529,-0.00561401882142523
713,20170530,-0.00569611316724873
714,20170531,-0.00578039528534979
715,20170601,-0.00512399515768541
716,20170602,-0.00487806069015712
717,20170603,-0.00413696874645885
718,20170604,-0.00424938960856177
719,20170605,-0.0037598331563281
720,20170606,-0.00394657825175757
721,20170607,-0.00472675047469446
722,20170608,-0.00482981912497038
723,20170609,-0.00446174761211833
724,20170610,-0.00430157732770501
725,20170611,-0.00407667911070644
726,20170612,-0.00474911365207076
727,20170613,-0.00460700640408171
728,20170614,-0.00441880173058765
729,20170615,-0.00404484484604532
730,20170616,-0.00383653248370965
731,20170617,-0.00295051942424758
732,20170618,-0.00238017550464876
733,20170619,-0.002361214717634
734,20170620,-0.0020528408963163
735,20170621,-0.00218139979017292
736,20170622,-0.00211343550808656
737,20170623,-0.00198794027076013
738,20170624,-0.00206587854127439
739,20170625,-0.0025095321436762
740,20170626,-0.00321978861254839
741,20170627,-0.002894844497283
742,20170628,-0.00242482436425318
743,20170629,-0.00216746435395723
744,20170630,-0.00139317773110022
745,20170701,-0.00156483425543485
746,20170702,-0.00120472328361288
747,20170703,-0.00027891312874593
748,20170704,-0.00018356702156967
749,20170705,-0.00103476405010358
750,20170706,-0.00135964366708764
751,20170707,-0.00164929644956492
752,20170708,-0.00124290643684963
753,20170709,-0.000901060043849734
754,20170710,-0.000800929951910926
755,20170711,-0.000945914418208869
756,20170712,-0.000275023600905013
757,20170713,-6.35910134086592e-05
758,20170714,0.000660589563304452
759,20170715,0.000928723086623204
760,20170716,0.00191520726379284
761,20170717,0.00116889306374255
762,20170718,0.000310496506023229
763,20170719,0.000403446101251655
764,20170720,0.000417371920426926
765,20170721,0.000627487776930526
766,20170722,0.00035262790641221
767,20170723,-8.36553972106135e-05
768,20170724,0.000221888412124737
769,20170725,0.00116640939078105
770,20170726,0.00191304424037405
771,20170727,0.00238109250831462
772,20170728,0.00348382067938333
773,20170729,0.00373892665065099
774,20170730,0.00446850231654528
775,20170731,0.00446207925374122
776,20170801,0.00401293732260852
777,20170802,0.00436470984918772
778,20170803,0.00428326534732088
779,20170804,0.00398908273291416
780,20170805,0.00332618958714152
781,20170806,0.00280402075672018
782,20170807,0.00294330564457466
783,20170808,0.00337486174662919
784,20170809,0.00363810657410689
785,20170810,0.00356628169146544
786,20170811,0.00314889492067023
787,20170812,0.00347270480027557
788,20170813,0.00354919332883883
789,20170814,0.0034597633945649
790,20170815,0.00353643237840197
791,20170816,0.00344047854957406
792,20170817,0.003563650951832
793,20170818,0.0042270661654095
794,20170819,0.00446094942518144
795,20170820,0.00465800712254393
796,20170821,0.00479576313277529
797,20170822,0.00483302588263385
798,20170823,0.00494906666636116
799,20170824,0.00519131101660264
800,20170825,0.00525478732195921
801,20170826,0.00591877985321762
802,20170827,0.00531576352602155
803,20170828,0.00506153562079459
804,20170829,0.00505051107063989
805,20170830,0.00462901521948961
806,20170831,0.00428791236037316
807,20170901,0.00318649297637597
808,20170902,0.00383814401312761
809,20170903,0.00363452842990702
810,20170904,0.00503950418955494
811,20170905,0.00516911852890099
812,20170906,0.00521688267312311
813,20170907,0.00515903369332602
814,20170908,0.00560914625929046
815,20170909,0.00681711267349163
816,20170910,0.0062484793575016
817,20170911,0.00589054295809764
818,20170912,0.00616549455411679
819,20170913,0.00599492198054489
820,20170914,0.00633500592201065
821,20170915,0.00555363819228055
822,20170916,0.00563726726222552
823,20170917,0.00550391845083553
824,20170918,0.00506986207499885
825,20170919,0.00559820969828704
826,20170920,0.00565782090374418
827,20170921,0.00565806733006427
828,20170922,0.00568002008684557
829,20170923,0.00549677339560018
830,20170924,0.00512526440791593
831,20170925,0.00519331456922368
832,20170926,0.00505826871258377
833,20170927,0.00484326927358306
834,20170928,0.00541032005335703
835,20170929,0.00572471756199227
836,20170930,0.00558393845612818
837,20171001,0.00607409213578279
838,20171002,0.00611122280703479
839,20171003,0.00627366518896981
840,20171004,0.00652721227431896
841,20171005,0.00647251869143347
842,20171006,0.00650194391754044
843,20171007,0.00664543995977708
844,20171008,0.00675367797949576
845,20171009,0.00681759039674982
846,20171010,0.00671694958249534
847,20171011,0.00629218265720419
848,20171012,0.00602849053933456
849,20171013,0.00685932292162851
850,20171014,0.0066501222601398
851,20171015,0.00714310727854686
852,20171016,0.00787733745532659
853,20171017,0.00803463599314477
854,20171018,0.00765625173755436
855,20171019,0.00836302567032875
856,20171020,0.00929051654443487
857,20171021,0.0087049402279222
858,20171022,0.00879540265305555
859,20171023,0.00875993391538579
860,20171024,0.00902894464937918
861,20171025,0.00934759799686577
862,20171026,0.00716675429354289
863,20171027,0.00632920551770678
864,20171028,0.00594090850877642
865,20171029,0.00529780256181203
866,20171030,0.00491313291673695
867,20171031,0.00460399641447435
868,20171101,0.00509325937672452
869,20171102,0.00561186338337265
870,20171103,0.00607677903754373
871,20171104,0.00570021718004893
872,20171105,0.00549259054680763
873,20171106,0.00553099198072946
874,20171107,0.00514988244068914
875,20171108,0.00498342131029224
876,20171109,0.00569755474193407
877,20171110,0.00388051989565393
878,20171111,0.00378671255232892
879,20171112,0.00295128357967179
880,20171113,0.00331907384205013
881,20171114,0.00394370429130639
882,20171115,0.00419024847121405
883,20171116,0.00414936855920976
884,20171117,0.00406770414029925
885,20171118,0.00389235915942025
886,20171119,0.00690711990213848
887,20171120,0.00650075793229315
888,20171121,0.00673942968511496
889,20171122,0.00783340238876045
890,20171123,0.00723059828669966
891,20171124,0.00670065558600855
892,20171125,0.00659053405667773
893,20171126,0.00686697460470076
894,20171127,0.00784496273297092
895,20171128,0.00773906150107568
896,20171129,0.00738519124003565
897,20171130,0.00772297158787514
898,20171201,0.00831643131819008
899,20171202,0.00887788416317799
900,20171203,0.00902005258975448
901,20171204,0.00966556949095472
902,20171205,0.00826014697020772
903,20171206,0.00845433096328804
904,20171207,0.00778393822105023
905,20171208,0.00836534620734597
906,20171209,0.00697250596486385
907,20171210,0.00267003572120611
908,20171211,0.0034523506445804
909,20171212,0.00505178228605869
910,20171213,0.00612089493474751
911,20171214,0.00719462879852711
912,20171215,0.00690941383736116
913,20171216,0.00600003584972989
914,20171217,0.00463360774236957
915,20171218,0.00465416221112211
916,20171219,0.00440700954229395
917,20171220,0.0045527290639928
918,20171221,0.00293385758298687
919,20171222,0.00315950954776994
920,20171223,0.00122045951636023
921,20171224,0.00221468825748176
922,20171225,0.0031252331591977
923,20171226,0.00274712168616043
924,20171227,0.00299318286780266
925,20171228,0.00347641685514783
926,20171229,0.003642358929242
927,20171230,0.00439400157370692
928,20171231,0.00356047273798683
929,20180101,0.0023922847937085
930,20180102,0.00283444262851873
931,20180103,0.00182098089042478
932,20180104,0.000970672462895544
933,20180105,0.00105654995162351
934,20180106,-0.000492653015095334
935,20180107,4.19862928637817e-05
936,20180108,0.00174989237490118
937,20180109,0.00155653778799712
938,20180110,0.00226277684127038
939,20180111,0.00357079945244013
940,20180112,0.00410329585749581
941,20180113,0.00411617880253152
942,20180114,0.00536656141963015
943,20180115,0.00637785555237598
944,20180116,0.00830786202750068
945,20180117,0.00847611300900085
946,20180118,0.00932935896404958
947,20180119,0.0079389344893706
948,20180120,0.00698751825085157
949,20180121,0.00915251437862554
950,20180122,0.0105951445970008
951,20180123,0.0113443421427433
952,20180124,0.0119045609414529
953,20180125,0.0118239013556826
954,20180126,0.0127865780144138
955,20180127,0.0117459871606698
956,20180128,0.01142756360161
957,20180129,0.0116685079906188
958,20180130,0.0118506005088854
959,20180131,0.0114499886290298
960,20180201,0.0128736299953734
961,20180202,0.013875206713477
962,20180203,0.0141681343498666
963,20180204,0.0151984387810878
964,20180205,0.0154040058732924
965,20180206,0.0150677738331998
966,20180207,0.0160818825393509
967,20180208,0.016192794693191
968,20180209,0.0152350767661681
969,20180210,0.0151036409112655
970,20180211,0.013030141445968
971,20180212,0.0125388029521063
972,20180213,0.0144381351597731
973,20180214,0.0138349091809324
974,20180215,0.0131100710799303
975,20180216,0.0119062846030163
976,20180217,0.0109105298572576
977,20180218,0.0127055071244286
978,20180219,0.0128726232113096
979,20180220,0.0129009629880469
980,20180221,0.0128030713786583
981,20180222,0.0139249915259077
982,20180223,0.013367080407574
983,20180224,0.0146884763070443
984,20180225,0.0159648076157203
985,20180226,0.0172617104502689
986,20180227,0.0172784231924871
987,20180228,0.0168201092079638
988,20180301,0.0170578075750754
989,20180302,0.0170669038254237
990,20180303,0.0183197463012349
991,20180304,0.0188093033281654
992,20180305,0.0192384660290972
993,20180306,0.0200738958880613
994,20180307,0.0194852256837691
995,20180308,0.0192641056103213
996,20180309,0.0196184778916093
997,20180310,0.0193149456114341
998,20180311,0.0194347198067356
999,20180312,0.0205225066897296
1000,20180313,0.0204038430237946
1001,20180314,0.0221718567825463
1002,20180315,0.0226905361174389
1003,20180316,0.0223160686489934
1004,20180317,0.0231637539828318
1005,20180318,0.0241172850992373
1006,20180319,0.0232993263088137
1007,20180320,0.0240974114739936
1008,20180321,0.0237884094895967
1009,20180322,0.0223975416231335
1010,20180323,0.0227770368435477
1011,20180324,0.0221666358502788
1012,20180325,0.021636707425331
1013,20180326,0.0218708366524615
1014,20180327,0.0217295628921935
1015,20180328,0.0214218383105883
1016,20180329,0.0210483035341369
1017,20180330,0.0205807442647357
1018,20180331,0.0213259768967795
1019,20180401,0.0208378675746464
1020,20180402,0.0216673276139578
1021,20180403,0.0214636629492901
1022,20180404,0.021036554079282
1023,20180405,0.0211367924425181
1024,20180406,0.0213171864558081
1025,20180407,0.0217454556915751
1026,20180408,0.0215428166609399
1027,20180409,0.0213009500003569
1028,20180410,0.0221353109676514
1029,20180411,0.0228123469435131
1030,20180412,0.0232416059121817
1031,20180413,0.0233811946530643
1032,20180414,0.02363213806519
1033,20180415,0.0244976940577074
1034,20180416,0.0249066085123849
1035,20180417,0.0245265309296124
1036,20180418,0.0247316597587962
1037,20180419,0.0261331506701074
1038,20180420,0.0266091576736727
1039,20180421,0.0266996566071405
1040,20180422,0.0263546710592995
1041,20180423,0.0264250194386455
1042,20180424,0.0274767229819939
1043,20180425,0.0256442947084482
1044,20180426,0.0265878977660245
1045,20180427,0.0258272860673464
1046,20180428,0.0266511031862147
1047,20180429,0.0268122271739958
1048,20180430,0.026731954116665
1049,20180501,0.0260371813246497
1050,20180502,0.0267303647022591
1051,20180503,0.0266675755548608
1052,20180504,0.0260948316302631
1053,20180505,0.025586631114108
1054,20180506,0.0249096699108461
1055,20180507,0.0238969703992812
1056,20180508,0.0248261023648518
1057,20180509,0.0233742890734333
1058,20180510,0.0222870277049933
1059,20180511,0.0211290196469884
1060,20180512,0.0211768182432551
1061,20180513,0.0222182077375875
1062,20180514,0.0220155473390375
1063,20180515,0.019993458101653
1064,20180516,0.0197061275150893
1065,20180517,0.0186272054617263
1066,20180518,0.0190967653434153
1067,20180519,0.0195469601097579
1068,20180520,0.0186424396122687
1069,20180521,0.0185154127911514
1070,20180522,0.0187174345031536
1071,20180523,0.0186989787270985
1072,20180524,0.0189578595233982
1073,20180525,0.0195704293240826
1074,20180526,0.0208212187406555
1075,20180527,0.0205963991478126
1076,20180528,0.0200863762413207
1077,20180529,0.0206735667075318
1078,20180530,0.0221242661265404
1079,20180531,0.0213293489625152
1080,20180601,0.022373905946514
1081,20180602,0.0218738604986193
1082,20180603,0.0218462196179639
1083,20180604,0.0230610812569278
1084,20180605,0.0212006933480526
1085,20180606,0.0218536046654842
1086,20180607,0.0216163224885319
1087,20180608,0.022087448992144
1088,20180609,0.0230654902928223
1089,20180610,0.0249056573358031
1090,20180611,0.024685447556228
1091,20180612,0.0263680719582184
1092,20180613,0.0269153530210406
1093,20180614,0.0260257540345414
1094,20180615,0.0269240267057155
1095,20180616,0.0268177618084486
1096,20180617,0.0247089486021788
1097,20180618,0.0246056137123164
1098,20180619,0.0232848362940773
1099,20180620,0.021633572496046
1100,20180621,0.0222269723526304
1101,20180622,0.0234440210625676
1102,20180623,0.0227491800029762
1103,20180624,0.0218787372726464
1104,20180625,0.0179920939228933
1105,20180626,0.0180473987886943
1106,20180627,0.0174130762625809
1107,20180628,0.0180746718623385
1108,20180629,0.0187353744544951
1109,20180630,0.016945844612781
1110,20180701,0.0150201287924423
1111,20180702,0.0138850715610491
1112,20180703,0.0139344929179905
1113,20180704,0.0140825134408199
1114,20180705,0.0148639699135029
1115,20180706,0.0153266143331843
1116,20180707,0.015366412955895
1117,20180708,0.0152829205044222
1118,20180709,0.0147178489163909
1119,20180710,0.0155675116529085
1120,20180711,0.0131416382032092
1121,20180712,0.0135073420926071
1122,20180713,0.0138288188447718
1123,20180714,0.0132573455403334
1124,20180715,0.0127776254858671
1125,20180716,0.0129572255608159
1126,20180717,0.0120602995043758
1127,20180718,0.0134170500817282
1128,20180719,0.0140862165329015
1129,20180720,0.0152164799185974
1130,20180721,0.0166835212987722
1131,20180722,0.0192133715453025
1132,20180723,0.0202335540470304
1133,20180724,0.0209264529788697
1134,20180725,0.0207393055305693
1135,20180726,0.0220160209431085
1136,20180727,0.0224825401882952
1137,20180728,0.0210882824312014
1138,20180729,0.0208676420789792
1139,20180730,0.0207751939587417
1140,20180731,0.0202718032049677
1141,20180801,0.0206678530433501
1142,20180802,0.0221359154646823
1143,20180803,0.0212135012897711
1144,20180804,0.0214133083095082
1145,20180805,0.0189717631931827
1146,20180806,0.0201014192002879
1147,20180807,0.0202640958568148
1148,20180808,0.020996835338236
1149,20180809,0.0211475088775785
1150,20180810,0.0203206574088756
1151,20180811,0.0198540321604479
1152,20180812,0.0190984254898613
1153,20180813,0.0197172736555228
1154,20180814,0.0195589803255516
1155,20180815,0.0192398747322745
1156,20180816,0.0192055196692083
1157,20180817,0.0189099197902348
1158,20180818,0.018686559583033
1159,20180819,0.0179137241239057
1160,20180820,0.0186651967721278
1161,20180821,0.0171063270344695
1162,20180822,0.0169702454766201
1163,20180823,0.0171587459884562
1164,20180824,0.0166451002670839
1165,20180825,0.0156245251525739
1166,20180826,0.0160524849259457
1167,20180827,0.0154452475974481
1168,20180828,0.0162252068509568
1169,20180829,0.0170478346607008
1170,20180830,0.0174692826756098
1171,20180831,0.017229907152207
1172,20180901,0.0178346034217896
1173,20180902,0.0173956449734825
1174,20180903,0.017566755808496
1175,20180904,0.0175590718168095
1176,20180905,0.0175125302566387
1177,20180906,0.017645889648514
1178,20180907,0.0172316841369307
1179,20180908,0.0177247202933618
1180,20180909,0.0176455448927993
1181,20180910,0.0173174792215628
1182,20180911,0.0173682006133657
1183,20180912,0.0173161653754129
1184,20180913,0.0177510263808092
1185,20180914,0.0177709624990501
1186,20180915,0.0175851515385233
1187,20180916,0.0184442541040482
1188,20180917,0.017475900243064
1189,20180918,0.0177396166008329
1190,20180919,0.0165301275475731
1191,20180920,0.0170751416276946
1192,20180921,0.017772650713829
1193,20180922,0.0167488078060251
1194,20180923,0.0173431843003372
1195,20180924,0.0165862500326049
1196,20180925,0.0144631943372364
1197,20180926,0.0138669493188158
1198,20180927,0.0135780534933551
1199,20180928,0.0139172340067912
1200,20180929,0.013820539381916
1201,20180930,0.0134416994383417
1202,20181001,0.0121228607804018
1203,20181002,0.014052703543647
1204,20181003,0.0125934544726989
1205,20181004,0.0131946027570137
1206,20181005,0.0124992196635201
1207,20181006,0.0118261964961581
1208,20181007,0.0123674399115357
1209,20181008,0.0127037419120354
1210,20181009,0.0123614780044899
1211,20181010,0.0120065706599676
1212,20181011,0.0109127398604891
1213,20181012,0.0112852159913983
1214,20181013,0.0112613331849722
1215,20181014,0.011477974951621
1216,20181015,0.0120084417182636
1217,20181016,0.011642279313877
1218,20181017,0.0121148938520423
1219,20181018,0.0126488082236893
1220,20181019,0.0123105744379305
1221,20181020,0.0116288316472226
1222,20181021,0.0111194881323769
1223,20181022,0.0119976563968105
1224,20181023,0.012163788618473
1225,20181024,0.0129743871812366
1226,20181025,0.0123136253223094
1227,20181026,0.0122363584035563
1228,20181027,0.0124674028789603
1229,20181028,0.0116708539310484
1230,20181029,0.0114978964666542
1231,20181030,0.0107634184633128
1232,20181031,0.0108416372829182
1233,20181101,0.0113790338412413
1234,20181102,0.0103446585386289
1235,20181103,0.0109721972061323
1236,20181104,0.0101049670147815
1237,20181105,0.00871217945189009
1238,20181106,0.00771942060670644
1239,20181107,0.00787071791474556
1240,20181108,0.00848238162661967
1241,20181109,0.00883864196892498
1242,20181110,0.00835576477584662
1243,20181111,0.00717284105741664
1244,20181112,0.00911584398804493
1245,20181113,0.00777931133430064
1246,20181114,0.00941079476565351
1247,20181115,0.00862983429307827
1248,20181116,0.00779590195308691
1249,20181117,0.007222436759204
1250,20181118,0.00756095214968411
1251,20181119,0.00813988557684458
1252,20181120,0.00806367227125864
1253,20181121,0.00678571875750051
1254,20181122,0.00721910230173786
1255,20181123,0.0077670211788419
1256,20181124,0.00866012448055431
1257,20181125,0.00960891589608732
1258,20181126,0.0103822947284898
1259,20181127,0.010493382696862
1260,20181128,0.0101984455762137
1261,20181129,0.0090436688909811
1262,20181130,0.00924034545918421
1263,20181201,0.0083789007128025
1264,20181202,0.00927442157443891
1265,20181203,0.00992514011626909
1266,20181204,0.0102295511399232
1267,20181205,0.0100978783949771
1268,20181206,0.0115611844790357
1269,20181207,0.0118225983263865
1270,20181208,0.0120559518676567
1271,20181209,0.0123730770623664
1272,20181210,0.0126416997454212
1273,20181211,0.0127217173331321
1274,20181212,0.0121786288167838
1275,20181213,0.0123325874007623
1276,20181214,0.0127424829305291
1277,20181215,0.0124516547601662
1278,20181216,0.0118254570507828
1279,20181217,0.0102513740637399
1280,20181218,0.0101642259014913
1281,20181219,0.0103528601941223
1282,20181220,0.0102358922400589
1283,20181221,0.0103245362803895
1284,20181222,0.010086711403637
1285,20181223,0.0105931031022525
1286,20181224,0.0109493523835416
1287,20181225,0.0127069948563897
1288,20181226,0.0125586922349626
1289,20181227,0.0124615458087361
1290,20181228,0.0109063716177836
1291,20181229,0.0110118459081016
1292,20181230,0.0118049678647617
1293,20181231,0.0128801672661597
1294,20190101,0.0127141381057837
1295,20190102,0.012694697542212
1296,20190103,0.0132922359543356
1297,20190104,0.0140747816143444
1298,20190105,0.0142376606092944
1299,20190106,0.0145588424376311
1300,20190107,0.0142141370835889
1301,20190108,0.0128528454648668
1302,20190109,0.0118019077847167
1303,20190110,0.0132636224491441
1304,20190111,0.0121481007542287
1305,20190112,0.0127357204225661
1306,20190113,0.0127358307592082
1307,20190114,0.0124393852238951
1308,20190115,0.0123502828981985
1309,20190116,0.0138294713473883
1310,20190117,0.0138725962162171
1311,20190118,0.0138995473101915
1312,20190119,0.0141494302392339
1313,20190120,0.0139980134067297
1314,20190121,0.0140513025228519
1315,20190122,0.0136074918672606
1316,20190123,0.0140583767573396
1317,20190124,0.0144523598032691
1318,20190125,0.0143686228502956
1319,20190126,0.0140735057123752
1320,20190127,0.0129777942079556
1321,20190128,0.0126616525360821
1322,20190129,0.0125351197650545
1323,20190130,0.0120029956559213
1324,20190131,0.0120894465283779
1325,20190201,0.0119647539661406
1326,20190202,0.0121398120434337
1327,20190203,0.0121209264626261
1328,20190204,0.0128100902950703
1329,20190205,0.0126699700551363
1330,20190206,0.0126383156395427
1331,20190207,0.0121411207233423
1332,20190208,0.0115619688665689
1333,20190209,0.0117347283258951
1334,20190210,0.0124248132163417
1335,20190211,0.0121833652415949
1336,20190212,0.0125362179485945
1337,20190213,0.012814143564865
1338,20190214,0.0128103437540515
1339,20190215,0.0130853371644846
1340,20190216,0.0124817199803941
1341,20190217,0.0123904552706704
1342,20190218,0.0130622575981162
1343,20190219,0.012897907082895
1344,20190220,0.0134611766639204
1345,20190221,0.0127837129141755
1346,20190222,0.0131394200739158
1347,20190223,0.013570600881965
1348,20190224,0.0126158671409807
1349,20190225,0.0124101240776144
1350,20190226,0.0123916161838335
1351,20190227,0.0115309477145248
1352,20190228,0.0108352554943067
1353,20190301,0.011441872630349
1354,20190302,0.0109858331824949
1355,20190303,0.0113260343151643
1356,20190304,0.0109933890038472
1357,20190305,0.011887391775065
1358,20190306,0.0114459339290797
1359,20190307,0.0117926502540934
1360,20190308,0.0116620619125458
1361,20190309,0.0119886054367587
1362,20190310,0.0119756509067288
1363,20190311,0.0119758392701854
1364,20190312,0.0125879700276275
1365,20190313,0.0124300116863335
1366,20190314,0.0121369065497852
1367,20190315,0.0125350040215942
1368,20190316,0.0124537690069904
1369,20190317,0.0119841853071754
1370,20190318,0.0120493907951885
1371,20190319,0.0124126284207233
1372,20190320,0.0140018659960567
1373,20190321,0.0130586058637066
1374,20190322,0.0132899287776029
1375,20190323,0.0134903716464841
1376,20190324,0.0128547502997431
1377,20190325,0.013441123909984
1378,20190326,0.0134226299360398
1379,20190327,0.0141361468268144
1380,20190328,0.0144838800253535
1381,20190329,0.0145559685245689
1382,20190330,0.014738522387522
1383,20190331,0.0157258252552302
1384,20190401,0.0155556385587018
1385,20190402,0.0170248292020461
1386,20190403,0.016977985274853
1387,20190404,0.0166642368859518
1388,20190405,0.0174175930263047
1389,20190406,0.0170520906856161
1390,20190407,0.0171488930667118
1391,20190408,0.0172041832744521
1392,20190409,0.0167154978090204
1393,20190410,0.0161419129725379
1394,20190411,0.0170741426799779
1395,20190412,0.0165913296671047
1396,20190413,0.0172113759175138
1397,20190414,0.0168100163410287
1398,20190415,0.0180567862121645
1399,20190416,0.0172493950494128
1400,20190417,0.0173112365807885
1401,20190418,0.0166529332773557
1402,20190419,0.016887979691534
1403,20190420,0.016881777608847
1404,20190421,0.0170759129534549
1405,20190422,0.0177501590825578
1406,20190423,0.0165121728994697
1407,20190424,0.0162392210929909
1408,20190425,0.0170216687409032
1409,20190426,0.0170266932631722
1410,20190427,0.0166351140566316
1411,20190428,0.0172003601177572
1412,20190429,0.0170716941072449
1413,20190430,0.0185513138747111
1414,20190501,0.017324167986843
1415,20190502,0.0172608661456643
1416,20190503,0.0162033357242498
1417,20190504,0.0159265908754811
1418,20190505,0.0152115555878278
1419,20190506,0.0152853185481795
1420,20190507,0.017209869034414
1421,20190508,0.0169817797245818
1422,20190509,0.0168350452606019
1423,20190510,0.017007539434272
1424,20190511,0.0160571709630304
1425,20190512,0.0156275906383075
1426,20190513,0.0167402195772366
1427,20190514,0.0158041511527086
1428,20190515,0.0133081371287414
1429,20190516,0.0137095244759257
1430,20190517,0.0143692685407293
1431,20190518,0.0149564395898502
1432,20190519,0.0140394466875507
1433,20190520,0.0141349165000525
1434,20190521,0.0141957921883581
1435,20190522,0.0142880156426247
1436,20190523,0.014120741250505
1437,20190524,0.0140055622442273
1438,20190525,0.0143184848437063
1439,20190526,0.0152004404653253
1440,20190527,0.0150993622334569
1441,20190528,0.0149269424383396
1442,20190529,0.0152847799683425
1443,20190530,0.0154356780216281
1444,20190531,0.0152942221442451
1445,20190601,0.0158943570271166
1446,20190602,0.0158839221815024
1447,20190603,0.0144303827874342
1448,20190604,0.0150139597244562
1449,20190605,0.014454356082637
1450,20190606,0.0148103708339141
1451,20190607,0.0146077212546625
1452,20190608,0.013404771999557
1453,20190609,0.0127662681562478
1454,20190610,0.0127245949494009
1455,20190611,0.0122536171145107
1456,20190612,0.012002962533673
1457,20190613,0.0106053766874614
1458,20190614,0.0108455620582569
1459,20190615,0.0106058431124612
1460,20190616,0.0106393755686874
1461,20190617,0.0117829402119978
1462,20190618,0.0117981055067046
1463,20190619,0.0107737420323391
1464,20190620,0.0109669639827232
1465,20190621,0.00974481021569512
1466,20190622,0.00989210508227506
1467,20190623,0.0092980072491142
1468,20190624,0.00814992986676483
1469,20190625,0.00635860439906983
1470,20190626,0.00668452974118993
1471,20190627,0.00773312611363681
1472,20190628,0.00802370472653309
1473,20190629,0.00673292387209958
1474,20190630,0.00719449966980281
1475,20190701,0.00742010898556944
1476,20190702,0.00724593196416913
1477,20190703,0.0071679134060225
1478,20190704,0.00705025252705735
1479,20190705,0.00722350699965165
1480,20190706,0.00749260353396888
1481,20190707,0.00755505330008694
1482,20190708,0.00757547179232395
1483,20190709,0.00830405956385629
1484,20190710,0.00868973564622113
1485,20190711,0.00891754413343214
1486,20190712,0.00941096171132874
1487,20190713,0.00926580791953099
1488,20190714,0.00859947606692502
1489,20190715,0.00968702515367498
1490,20190716,0.00815128618636466
1491,20190717,0.00865049355096027
1492,20190718,0.00895265792007542
1493,20190719,0.00897708655951939
1494,20190720,0.0090481186068272
1495,20190721,0.00881371437535925
1496,20190722,0.00916439963952723
1497,20190723,0.00845297167480246
1498,20190724,0.00857166550137736
1499,20190725,0.00836719916821166
1500,20190726,0.00876010372942504
1501,20190727,0.0073759854950165
1502,20190728,0.00706666615872568
1503,20190729,0.00687628588137357
1504,20190730,0.00577965217760078
1505,20190731,0.0067661204870785
1506,20190801,0.00589715804454305
1507,20190802,0.00526771873919085
1508,20190803,0.00627604169852839
1509,20190804,0.00564956237808651
1510,20190805,0.0064782267843968
1511,20190806,0.00586626974051183
1512,20190807,0.005934738934397
1513,20190808,0.00550717460692066
1514,20190809,0.00393545316817006
1515,20190810,0.00421430545593266
1516,20190811,0.00512254825970095
1517,20190812,0.00398484253524506
1518,20190813,0.00339892160573919
1519,20190814,0.00114879070965783
1520,20190815,0.00160161032517004
1521,20190816,0.0011933450599034
1522,20190817,0.0011714268849902
1523,20190818,0.00198638672539729
1524,20190819,0.000895534523430791
1525,20190820,0.000469810880416157
1526,20190821,-0.000406028669925029
1527,20190822,-0.000649406579639456
1528,20190823,-0.00125341923186829
1529,20190824,-0.00116359221923592
1530,20190825,-0.000825901571762294
1531,20190826,-0.00130623702497308
1532,20190827,-0.00153101985895945
1533,20190828,-0.00122424081388534
1534,20190829,-0.00164352455116614
1535,20190830,-0.00168845697972172
1536,20190831,-0.0016974130170602
1537,20190901,-0.00145843027644462
1538,20190902,-0.0015181879271603
1539,20190903,-0.00160881229774693
1540,20190904,-0.00153714432006016
1541,20190905,-0.00133992753742071
1542,20190906,-0.00224300537204197
1543,20190907,-0.00306338578735553
1544,20190908,-0.00306935337517114
1545,20190909,-0.00500921017308643
1546,20190910,-0.00494995693353479
1547,20190911,-0.00512629250482226
1548,20190912,-0.00588704337003756
1549,20190913,-0.00500184885720322
1550,20190914,-0.00581947429757682
1551,20190915,-0.00510695178230077
1552,20190916,-0.00561406636907697
1553,20190917,-0.00564960873283021
1554,20190918,-0.00628473609646782
1555,20190919,-0.0072731013773335
1556,20190920,-0.00794216228185799
1557,20190921,-0.00690376723991004
1558,20190922,-0.00801090738091395
1559,20190923,-0.00803564407691681
1560,20190924,-0.00941207666667408
1561,20190925,-0.00866604492118483
1562,20190926,-0.00911726931283816
1563,20190927,-0.00961428192589573
1564,20190928,-0.00901035774924313
1565,20190929,-0.00925379109571738
1566,20190930,-0.0105565766182572
1567,20191001,-0.0119463790603615
1568,20191002,-0.012918812862506
1569,20191003,-0.0129644039368047
1570,20191004,-0.0124735245050693
1571,20191005,-0.0124921749805537
1572,20191006,-0.0128902273842355
1573,20191007,-0.0131254154057469
1574,20191008,-0.0132697814235903
1575,20191009,-0.0141469822826058
1576,20191010,-0.013683419571914
1577,20191011,-0.0132946358810307
1578,20191012,-0.0132339337521115
1579,20191013,-0.0129478783063155
1580,20191014,-0.0139263719264239
1581,20191015,-0.0136627484473879
1582,20191016,-0.0136774537025952
1583,20191017,-0.0139042946103458
1584,20191018,-0.0129153767477134
1585,20191019,-0.0130610337262733
1586,20191020,-0.0139714892226833
1587,20191021,-0.0140911190556822
1588,20191022,-0.0126541328172308
1589,20191023,-0.0120872020251937
1590,20191024,-0.0132448812220135
1591,20191025,-0.0147144646003051
1592,20191026,-0.0136979312075821
1593,20191027,-0.0134392487562451
1594,20191028,-0.0132186719585821
1595,20191029,-0.0144692421542998
1596,20191030,-0.0133573542523915
1597,20191031,-0.013655757686518
1598,20191101,-0.0134255463624219
1599,20191102,-0.0130092744402134
1600,20191103,-0.0123308907138362
1601,20191104,-0.0116485296314881
1602,20191105,-0.0109885843298014
1603,20191106,-0.0115951923043895
1604,20191107,-0.0124148245050181
1605,20191108,-0.0129435840266412
1606,20191109,-0.0123977387173224
1607,20191110,-0.0137142288733162
1608,20191111,-0.0142519237792383
1609,20191112,-0.0150115613377233
1610,20191113,-0.0144475934637402
1611,20191114,-0.0140589653960158
1612,20191115,-0.013598830253201
1613,20191116,-0.0146423579220999
1614,20191117,-0.0142746882226361
1615,20191118,-0.0139367454974593
1616,20191119,-0.0141541730581545
1617,20191120,-0.0134982589743597
1618,20191121,-0.0128475817227422
1619,20191122,-0.0119972072176849
1620,20191123,-0.01261053322446
1621,20191124,-0.0124012306973291
1622,20191125,-0.0124413623101885
1623,20191126,-0.0127030671502194
1624,20191127,-0.0129530253749918
1625,20191128,-0.0111097352136573
1626,20191129,-0.0118881832630294
1627,20191130,-0.0110278321210097
1628,20191201,-0.0100919235609711
1629,20191202,-0.00853671789476493
1630,20191203,-0.00796731353642302
1631,20191204,-0.00926031881894565
1632,20191205,-0.0103522365716873
1633,20191206,-0.00928218990973749
1634,20191207,-0.00963956478780338
1635,20191208,-0.00987915122884696
1636,20191209,-0.0105938612743866
1637,20191210,-0.00972983083178686
1638,20191211,-0.00970832319580228
1639,20191212,-0.00964289725859225
1640,20191213,-0.0094445269006556
1641,20191214,-0.00958695606541838
1642,20191215,-0.0099668016468567
1643,20191216,-0.00880549015214505
1644,20191217,-0.00976926441606335
1645,20191218,-0.0100171730084562
1646,20191219,-0.0105071075935226
1647,20191220,-0.0101463025943029
1648,20191221,-0.0106819556187728
1649,20191222,-0.0115946659328695
1650,20191223,-0.0102792684054798
1651,20191224,-0.0101713705337156
1652,20191225,-0.0105380057835568
1653,20191226,-0.0101620689701815
1654,20191227,-0.0108784419550333
1655,20191228,-0.0104242884742611
1656,20191229,-0.011387192552607
1657,20191230,-0.0108290886262401
1658,20191231,-0.0108723160155268
1659,20200101,-0.0111128587910436
1660,20200102,-0.0100612419180684
1661,20200103,-0.00980866698999444
1662,20200104,-0.00953019436108833
1663,20200105,-0.00896756632847691
1664,20200106,-0.00887196519348179
1665,20200107,-0.00954859563992047
1666,20200108,-0.00883115064126165
1667,20200109,-0.00951881253080789
1668,20200110,-0.00915418761808334
1669,20200111,-0.00877372176284295
1670,20200112,-0.00841000738403615
1671,20200113,-0.00822555234531944
1672,20200114,-0.00606498789165423
1673,20200115,-0.00594809175705598
1674,20200116,-0.00434349410313139
1675,20200117,-0.00343315925341807
1676,20200118,-0.00414876214131306
1677,20200119,-0.00495109187821421
1678,20200120,-0.00763910993531878
1679,20200121,-0.00618046546447316
1680,20200122,-0.00603180849024386
1681,20200123,-0.00786666210532028
1682,20200124,-0.00663626756228101
1683,20200125,-0.00763085543523384
1684,20200126,-0.00640983733324271
1685,20200127,-0.00543477826754008
1686,20200128,-0.00543272039650329
1687,20200129,-0.00492953955522576
1688,20200130,-0.00520086139990349
1689,20200131,-0.0053940180915782
1690,20200201,-0.00574854871627455
1691,20200202,-0.00477670299598788
1692,20200203,-0.00420328725744308
1693,20200204,-0.00327857041750379
1694,20200205,-0.00162247893715185
1695,20200206,-0.00102822721508312
1696,20200207,-0.000119443544996499
1697,20200208,6.02574829093362e-05
1698,20200209,-1.10717298958683e-05
1699,20200210,-0.000287116098601953
1700,20200211,-0.000137434871954982
1701,20200212,0.000489480951897344
1702,20200213,0.00132207253523706
1703,20200214,0.00123752604341685
1704,20200215,0.00143359042727143
1705,20200216,0.00132040876760945
1706,20200217,0.00133053759609538
1707,20200218,0.0011106665410242
1708,20200219,0.000213136179606106
1709,20200220,0.00033908171563028
1710,20200221,0.000758849305242456
1711,20200222,0.00302445405208103
1712,20200223,0.000980474896180319
1713,20200224,0.00368087357319163
1714,20200225,0.0043904874652106
1715,20200226,0.00614615991690736
1716,20200227,0.00841474395616691
1717,20200228,0.0064918644952477
1718,20200229,0.00533652517192791
1719,20200301,0.00178085011518754
1720,20200302,0.00202660769193247
1721,20200303,0.00234657684002797
1722,20200304,0.000335137749105843
1723,20200305,0.00239802324116661
1724,20200306,0.00149284473018937
1725,20200307,0.00215662400516522
1726,20200308,0.00572412279482615
1727,20200309,0.00559358504988305
1728,20200310,0.0069429212433435
1729,20200311,0.00642408547448287
1730,20200312,0.0119228198664877
1731,20200313,0.00923227544242633
1732,20200314,0.00998906599953621
1733,20200315,0.0103674519828661
1734,20200316,0.0123172494762328
1735,20200317,0.0141794668601798
1736,20200318,0.0140357234797128
1737,20200319,0.0137715116131745
1738,20200320,0.0144140105204031
1739,20200321,0.0140759167832905
1740,20200322,0.0146310704604071
1741,20200323,0.014023383584563
1742,20200324,0.0143440473671529
1743,20200325,0.0149048386825792
1744,20200326,0.0144831180926773
1745,20200327,0.0156624485735432
1746,20200328,0.0157623309731149
1747,20200329,0.0163454778926804
1748,20200330,0.0146466374752158
1749,20200331,0.0127451455677697
1750,20200401,0.0129051389178815
1751,20200402,0.0139070267596678
1752,20200403,0.0160867353413484
1753,20200404,0.0134194422661752
1754,20200405,0.0130722600728045
1755,20200406,0.0136173004920314
1756,20200407,0.0134319876704761
1757,20200408,0.0144236474604545
1758,20200409,0.0130304615995358
1759,20200410,0.0138043592816437
1760,20200411,0.0129341351968426
1761,20200412,0.0136756330365929
1762,20200413,0.0145314962164719
1763,20200414,0.0140248640662069
1764,20200415,0.015197449253761
1765,20200416,0.0142288271076693
1766,20200417,0.014231632224809
1767,20200418,0.016404969773912
1768,20200419,0.0159233269634972
1769,20200420,0.0171284377224423
1770,20200421,0.0169246939011035
1771,20200422,0.0225179006028064
1772,20200423,0.0187303482765477
1773,20200424,0.0199605014418048
1774,20200425,0.0197944964047796
1775,20200426,0.0197720854109302
1776,20200427,0.019974029516202
1777,20200428,0.0190904007858333
1778,20200429,0.0167420173785022
1779,20200430,0.0166268096688154
1780,20200501,0.0167855388863351
1781,20200502,0.0169263906114012
1782,20200503,0.0159367437458669
1783,20200504,0.0157644744142676
1784,20200505,0.0164398456126642
1785,20200506,0.0155037165989596
1786,20200507,0.0178060070315177
1787,20200508,0.018264929986019
1788,20200509,0.018248309853485
1789,20200510,0.0164456354148093
1790,20200511,0.0157270749180309
1791,20200512,0.0161540851879305
1792,20200513,0.0166564541811869
1793,20200514,0.0164920145155454
1794,20200515,0.0163974725044405
1795,20200516,0.0162424620110523
1796,20200517,0.0159148927565678
1797,20200518,0.0153681289563172
1798,20200519,0.015345772896828
1799,20200520,0.0152575287736854
1800,20200521,0.0160848558955899
1801,20200522,0.0163385159335996
1802,20200523,0.0184629394176564
1803,20200524,0.0182470917485606
1804,20200525,0.0181351982654349
1805,20200526,0.0187527105272263
1806,20200527,0.0177917100372398
1807,20200528,0.0176369726875143
1808,20200529,0.0175665052460144
1809,20200530,0.0178107730986379
1810,20200531,0.0178812189554837
1811,20200601,0.0177661892636226
1812,20200602,0.0179930707548344
1813,20200603,0.017193446341747
1814,20200604,0.0172631412807325
1815,20200605,0.0173030799416317
1816,20200606,0.0168447369690641
1817,20200607,0.0170349637429294
1818,20200608,0.0164526762580245
1819,20200609,0.0161037914716467
1820,20200610,0.0156475850968393
1821,20200611,0.0156387826410967
1822,20200612,0.0142965593630111
1823,20200613,0.0144308227434885
1824,20200614,0.0143925210742763
1825,20200615,0.0142261823960838
1826,20200616,0.0140218120814295
1827,20200617,0.0148864651401626
1828,20200618,0.0126473367280276
1829,20200619,0.0122184827745853
1830,20200620,0.01098132360241
1831,20200621,0.0117000738753046
1832,20200622,0.00954859613025822
1833,20200623,0.00998572110889422
1834,20200624,0.00985352283822261
1835,20200625,0.00853876410630694
1836,20200626,0.0086758104466028
1837,20200627,0.00952382586898759
1838,20200628,0.0123562671584273
1839,20200629,0.0130678472540737
1840,20200630,0.0123583461913356
1841,20200701,0.0138116728492147
1842,20200702,0.0127506201492194
1843,20200703,0.0107239792981257
1844,20200704,0.0100299756589837
1845,20200705,0.00995660741938567
1846,20200706,0.00926952944378641
1847,20200707,0.00962078316355113
1848,20200708,0.00932875359316451
1849,20200709,0.00990543368647733
1850,20200710,0.0126450999109359
1851,20200711,0.0127847392069785
1852,20200712,0.0127028296565055
1853,20200713,0.0132058026835807
1854,20200714,0.0120301090123395
1855,20200715,0.0120691212085558
1856,20200716,0.0120655183934917
1857,20200717,0.0116526999289156
1858,20200718,0.0114498024459047
1859,20200719,0.0117864120342625
1860,20200720,0.011328040173793
1861,20200721,0.0106545882825723
1862,20200722,0.0109491004335816
1863,20200723,0.00979924522202999
1864,20200724,0.0109788529563857
1865,20200725,0.0108678757547299
1866,20200726,0.0110452653115284
1867,20200727,0.0108106847163261
1868,20200728,0.0120227042393846
1869,20200729,0.0117665467179107
1870,20200730,0.011434588746479
1871,20200731,0.011065350347659
1872,20200801,0.0111972835564483
1873,20200802,0.00884107399349376
1874,20200803,0.00930882726233509
1875,20200804,0.00913481303936892
1876,20200805,0.00784118642032801
1877,20200806,0.00836395969786772
1878,20200807,0.00840980236283594
1879,20200808,0.00793011961746832
1880,20200809,0.00811091381152891
1881,20200810,0.00804356955498116
1882,20200811,0.00843281713268886
1883,20200812,0.00919584877205897
1884,20200813,0.00877933047084899
1885,20200814,0.00760339426653066
1886,20200815,0.00619167005685998
1887,20200816,0.00531885671234279
1888,20200817,0.00560481730837806
1889,20200818,0.00508684621602546
1890,20200819,0.0011707577046207
1891,20200820,0.00270079935849944
1892,20200821,0.00150396186929692
1893,20200822,0.00233949116957646
1894,20200823,0.00139117214383254
1895,20200824,0.000705981520033381
1896,20200825,0.00080107375595984
1897,20200826,0.00328567333382262
1898,20200827,0.00260007320702115
1899,20200828,0.0026058868232472
1900,20200829,0.001851621213553
1901,20200830,0.00189640212144913
1902,20200831,0.00112340623199077
1903,20200901,0.00149630269992518
1904,20200902,0.00125843850558914
1905,20200903,0.00234439404576843
1906,20200904,0.00393017409461075
1907,20200905,0.00355002462512083
1908,20200906,0.0045587172177101
1909,20200907,0.00520393373449483
1910,20200908,0.00537495728970821
1911,20200909,0.00582581143880885
1912,20200910,0.00574460948637807
1913,20200911,0.00553095487741154
1914,20200912,0.00488986051797865
1915,20200913,0.00557672048893902
1916,20200914,0.00509553907050458
1917,20200915,0.0053872510583102
1918,20200916,0.00542094029615533
1919,20200917,0.00474846059696267
1920,20200918,0.00498031668571811
1921,20200919,-0.0081894042661435
1922,20200920,-0.0100570020248965
1923,20200921,-0.0107941943445132
1924,20200922,-0.0100810656597528
1925,20200923,-0.00983330582386328
1926,20200924,-0.0108522749468411
1927,20200925,-0.0122008327487459
1928,20200926,-0.01212092205108
1929,20200927,-0.0130248585482422
1930,20200928,-0.0130716505174211
1931,20200929,-0.0181683300454923
1932,20200930,-0.0158694014776989
1933,20201001,-0.0167574113077981
1934,20201002,-0.0159437956716639
1935,20201003,-0.0170631903534144
1936,20201004,-0.0168659967265337
1937,20201005,-0.0177595574462865
1938,20201006,-0.0147505625815855
1939,20201007,-0.0156846365407403
1940,20201008,-0.0150873058384117
1941,20201009,-0.0154174710705695
1942,20201010,-0.0148096123380909
1943,20201011,-0.0146179187723914
1944,20201012,-0.0149156852259809
1945,20201013,-0.0147345381606508
1946,20201014,-0.0151117287595671
1947,20201015,-0.0150881466079097
1948,20201016,-0.0162318331638188
1949,20201017,-0.0156949620099257
1950,20201018,-0.0155550058562976
1951,20201019,-0.0152356710528426
1952,20201020,-0.0151942322627353
1953,20201021,-0.0152291100830979
1954,20201022,-0.0153781439381856
1955,20201023,-0.0159864635426724
1956,20201024,-0.0152711955947825
1957,20201025,-0.015826212928371
1958,20201026,-0.0153955608113049
1959,20201027,-0.0151923220263764
1960,20201028,-0.0155757191116711
1961,20201029,-0.0157735583416476
1962,20201030,-0.0183915648164389
1963,20201031,-0.0188240588256241
1964,20201101,-0.0184126507259457
1965,20201102,-0.0186302715149841
1966,20201103,-0.0181863830054859
1967,20201104,-0.0178919973667339
1968,20201105,-0.0171382947585003
1969,20201106,-0.0171697695511059
1970,20201107,-0.0175799265977187
1971,20201108,-0.0173442933811419
1972,20201109,-0.0174647040000132
1973,20201110,-0.0169578159580959
1974,20201111,-0.0173389170382638
1975,20201112,-0.0172030605559224
1976,20201113,-0.016647028557462
1977,20201114,-0.0166248695020592
1978,20201115,-0.0166698988155442
1979,20201116,-0.0161401118620595
1980,20201117,-0.0167112882165459
1981,20201118,-0.0162452911202864
1982,20201119,-0.0148754913341355
1983,20201120,-0.0152016353450918
1984,20201121,-0.0148073081536298
1985,20201122,-0.0131615724185366
1986,20201123,-0.0135606418045158
1987,20201124,-0.0127151323988606
1988,20201125,-0.0117809393461025
1989,20201126,-0.0116880096784663
1990,20201127,-0.0116342453438404
1991,20201128,-0.0114465392768289
1992,20201129,-0.0106998576266706
1993,20201130,-0.0111318315110561
1994,20201201,-0.0134047589097558
1995,20201202,-0.0139865265037468
1996,20201203,-0.014694520520777
1997,20201204,-0.0146470253506305
1998,20201205,-0.0151913346632678
1999,20201206,-0.0150577734961923
2000,20201207,-0.0147088357103425
2001,20201208,-0.0146281402286305
2002,20201209,-0.0144006110542434
2003,20201210,-0.0141847246527369
2004,20201211,-0.0139873396848159
2005,20201212,-0.0134413088026421
2006,20201213,-0.0130389178955491
2007,20201214,-0.0135282079923608
2008,20201215,-0.0133544991647415
2009,20201216,-0.0137189911191635
2010,20201217,-0.0137203440037725
2011,20201218,-0.0135292533420333
2012,20201219,-0.0135865756402674
2013,20201220,-0.0137863959029941
2014,20201221,-0.0130116606369254
2015,20201222,-0.0140539623580029
2016,20201223,-0.0140005508787298
2017,20201224,-0.0142754803035987
2018,20201225,-0.013699097592711
2019,20201226,-0.0137944237074465
2020,20201227,-0.015594434368226
2021,20201228,-0.0155115667731014
2022,20201229,-0.0152142651600441
2023,20201230,-0.0141457734643284
2024,20201231,-0.0146477365274257
2025,20210101,-0.0142100589334013
2026,20210102,-0.0128161615495388
2027,20210103,-0.0133765948565841
2028,20210104,-0.0137216667770023
2029,20210105,-0.012314671215881
2030,20210106,-0.0124685250258455
2031,20210107,-0.0130010278950925
2032,20210108,-0.0128110484191788
2033,20210109,-0.0122056754163277
2034,20210110,-0.0120886177348133
2035,20210111,-0.0148545781863062
2036,20210112,-0.0140603158587679
2037,20210113,-0.013686223904084
2038,20210114,-0.0145790383527227
2039,20210115,-0.0154359888667155
2040,20210116,-0.0145514943773239
2041,20210117,-0.0154120417833805
2042,20210118,-0.0140576369365251
2043,20210119,-0.0148163872622526
2044,20210120,-0.0144141488636354
2045,20210121,-0.0136335339609499
2046,20210122,-0.0108925919283734
2047,20210123,-0.0123791426906888
2048,20210124,-0.0130226824975882
2049,20210125,-0.013162192686703
2050,20210126,-0.0138785890596689
2051,20210127,-0.0141680689470751
2052,20210128,-0.012833656385857
2053,20210129,-0.0130369418307913
2054,20210130,-0.0120505029385988
2055,20210131,-0.0110141638810653
2056,20210201,-0.0114455740522679
2057,20210202,-0.0121306879091203
2058,20210203,-0.012667051047603
2059,20210204,-0.0127856736771603
2060,20210205,-0.0128598855967437
2061,20210206,-0.0133971023921815
2062,20210207,-0.0132132026743992
2063,20210208,-0.0129492355418655
2064,20210209,-0.0124306536945316
2065,20210210,-0.0123023663612616
2066,20210211,-0.012387967072696
2067,20210212,-0.013558731901108
2068,20210213,-0.0129526391639242
2069,20210214,-0.014915933487797
2070,20210215,-0.0143009927301049
2071,20210216,-0.0136053315083659
2072,20210217,-0.0134993199574816
2073,20210218,-0.0127088471690405
2074,20210219,-0.0109370687610529
2075,20210220,-0.0108436726096972
2076,20210221,-0.00988537341526084
2077,20210222,-0.00789155353914736
2078,20210223,-0.00577224088868479
2079,20210224,-0.00693295247408386
2080,20210225,-0.00675079501695608
2081,20210226,-0.00543875748049948
2082,20210227,-0.00781772202708688
2083,20210228,-0.00676421362013021
2084,20210301,-0.00803886726507409
2085,20210302,-0.00775612788297371
2086,20210303,-0.00711389280298519
2087,20210304,-0.00485498034113545
2088,20210305,-0.00647969396293378
2089,20210306,-0.00578993545934321
2090,20210307,-0.00573320235536126
2091,20210308,-0.00539244122740718
2092,20210309,-0.00573582342386537
2093,20210310,-0.00365371051630044
2094,20210311,-0.00358603399934365
2095,20210312,-0.00236038986910001
2096,20210313,-0.00212710430618467
2097,20210314,-0.00105090116926087
2098,20210315,-0.00171477353486854
2099,20210316,-0.000901990017006655
2100,20210317,-0.00138189817634051
2101,20210318,-0.00032266488044929
2102,20210319,-0.00102715152365639
2103,20210320,-0.000115011159864438
2104,20210321,0.000526902158784996
2105,20210322,0.00156203669263073
2106,20210323,0.00180037826627786
2107,20210324,0.00186244187366663
2108,20210325,0.00160327873611929
2109,20210326,0.00238838247281595
2110,20210327,0.00197678448602365
2111,20210328,0.00221907484391392
2112,20210329,0.00252548792916508
2113,20210330,0.00336466472035653
2114,20210331,0.0036321153652424
2115,20210401,0.00394978525796396
2116,20210402,0.00366692531282511
2117,20210403,0.00449441942911263
2118,20210404,0.00441628254323071
2119,20210405,0.00593033396307909
2120,20210406,0.00629919179984977
2121,20210407,0.00667635498466169
2122,20210408,0.00695489592299876
2123,20210409,0.00720357509929197
2124,20210410,0.00757357508526815
2125,20210411,0.00726450049268242
2126,20210412,0.00796192079864464
2127,20210413,0.00814082130923562
2128,20210414,0.00758111434229858
2129,20210415,0.00690138619716925
2130,20210416,0.00696952641804112
2131,20210417,0.00706061869186657
2132,20210418,0.00635643427032129
2133,20210419,0.0060231144488118
2134,20210420,0.00601239244108536
2135,20210421,0.00500229873587719
2136,20210422,0.0050260962763432
2137,20210423,0.00530715620190192
2138,20210424,0.00587921051717745
2139,20210425,0.0057428389326917
2140,20210426,0.00653657874624263
2141,20210427,0.00678774578699213
2142,20210428,0.00571355885000129
2143,20210429,0.00556989087666176
2144,20210430,0.00544155035533224
2145,20210501,-0.00150185757173981
2146,20210502,-0.00227567925310503
2147,20210503,-0.00335561625859901
2148,20210504,-0.00387210094383918
2149,20210505,-0.00404559227807076
2150,20210506,-0.00258107088519409
2151,20210507,-0.00161692618462405
2152,20210508,-0.00196562788630369
2153,20210509,-0.00175920160208792
2154,20210510,-0.00139666950426146
2155,20210511,-0.00123974983156537
2156,20210512,-0.000897963575758984
2157,20210513,-0.00247784772823629
2158,20210514,-0.00202939685429085
2159,20210515,-0.00289826118229596
2160,20210516,-0.00291647447933792
2161,20210517,-0.00261155211572953
2162,20210518,-0.00352402475044626
2163,20210519,-0.00339808371148335
2164,20210520,-0.00418557131808519
2165,20210521,-0.00369801703990905
2166,20210522,-0.00458306865981856
2167,20210523,-0.00394274143155639
2168,20210524,-0.00296240108344676
2169,20210525,-0.00304844288065828
2170,20210526,-0.00384321155860283
2171,20210527,-0.00431875911104849
2172,20210528,-0.00323684370205639
2173,20210529,-0.00381169377990117
2174,20210530,-0.00425732636585354
2175,20210531,-0.00446125780726229
2176,20210601,-0.00400328564980275
2177,20210602,-0.00373504545046276
2178,20210603,-0.00425170991588495
2179,20210604,-0.00518202166664454
2180,20210605,-0.00501992791575631
2181,20210606,-0.00539570405420957
2182,20210607,-0.00485427225302666
2183,20210608,-0.00511470193541213
2184,20210609,-0.00502102347513804
2185,20210610,-0.00467521819574307
2186,20210611,-0.00508896188597355
2187,20210612,-0.00336456332327134
2188,20210613,-0.00417468942846476
2189,20210614,-0.00541285076118531
2190,20210615,-0.00428088523716133
2191,20210616,-0.00227113049353114
2192,20210617,-0.00226760398255806
2193,20210618,-0.00215004557938937
2194,20210619,-0.00240274491057258
2195,20210620,-0.00260607656132909
2196,20210621,-0.00308531853649353
2197,20210622,-0.000685888713690693
2198,20210623,-0.00131429781231389
2199,20210624,-0.00093064907646088
2200,20210625,-0.00160451898054481
2201,20210626,-0.000602042965870788
2202,20210627,-0.000594463789798693
2203,20210628,-0.0014151427352999
2204,20210629,-0.00268846881906139
2205,20210630,-0.00352374499335608
2206,20210701,-0.0058392459464611
2207,20210702,-0.00431454583545078
2208,20210703,-0.00512316484871275
2209,20210704,-0.00395340403388525
2210,20210705,-0.00364801100904943
2211,20210706,-0.00341782194503888
2212,20210707,-0.00456048408774992
2213,20210708,-0.00343182055026715
2214,20210709,-0.011982012412068
2215,20210710,-0.0116769668498216
2216,20210711,-0.011420072426099
2217,20210712,-0.011273534404492
2218,20210713,-0.0104385042978837
2219,20210714,-0.0098190323289684
2220,20210715,-0.0107071235718172
2221,20210716,-0.0090817226637794
2222,20210717,-0.00936024874730115
2223,20210718,-0.00903158264802651
2224,20210719,-0.00859323067565614
2225,20210720,-0.00723908852339295
2226,20210721,-0.00695178453327543
2227,20210722,-0.00691103130574184
2228,20210723,-0.00617264051694009
2229,20210724,-0.00597314629229095
2230,20210725,-0.00635609137307657
2231,20210726,-0.00637104682537999
2232,20210727,-0.0059398774033966
2233,20210728,-0.0068392869463658
2234,20210729,-0.00674177733926001
2235,20210730,-0.00686481076893857
2236,20210731,-0.00796931633869291
2237,20210801,-0.00928644325684865
2238,20210802,-0.00840980248084194
2239,20210803,-0.00756893922912091
2240,20210804,-0.00794398875855515
2241,20210805,-0.0086684126903328
2242,20210806,-0.00779849818420191
2243,20210807,-0.00753829941477658
2244,20210808,-0.00738386044320304
2245,20210809,-0.00815150756031413
2246,20210810,-0.00756013804222063
2247,20210811,-0.0101191773772581
2248,20210812,-0.00856892712183542
2249,20210813,-0.00922648179995189
2250,20210814,-0.00876657096499405
2251,20210815,-0.00876198681599761
2252,20210816,-0.00777300517856002
2253,20210817,-0.0076105620102223
2254,20210818,-0.00693910132885409
2255,20210819,-0.00653531890828905
2256,20210820,-0.00519000811514262
2257,20210821,-0.00557324069223723
2258,20210822,-0.00577863838709491
2259,20210823,-0.00575072752407923
2260,20210824,-0.00504141268206189
2261,20210825,-0.00535096331973605
2262,20210826,-0.00433978234375458
2263,20210827,-0.003861820292354
2264,20210828,-0.00378283202575014
2265,20210829,-0.00371874494303673
2266,20210830,-0.00233651528949731
2267,20210831,-0.00201797013094276
2268,20210901,-0.00142999152098007
2269,20210902,-0.00107047640453063
2270,20210903,-0.000765840345372828
2271,20210904,-0.000971971738120201
2272,20210905,-0.00146209700407256
2273,20210906,-0.00192587863025415
2274,20210907,-0.00294904663085535
2275,20210908,-0.0021993438857581
2276,20210909,-0.00105880273551453
2277,20210910,-0.000327879863353481
2278,20210911,-0.000663389829869976
2279,20210912,-0.000456421046427013
2280,20210913,-0.00111086837126067
2281,20210914,-0.00111243388648052
2282,20210915,-0.000743305087730546
2283,20210916,-0.000436179195905379
2284,20210917,-0.000724260954384455
2285,20210918,-0.000680878730845204
2286,20210919,-0.00068722270387565
2287,20210920,-0.00136234715206081
2288,20210921,-0.00204566863602127
2289,20210922,-0.00265798037241304
2290,20210923,-0.00460007324745496
2291,20210924,-0.00472919571277054
2292,20210925,-0.00437180779499833
2293,20210926,-0.00348787490090595
2294,20210927,-0.00202977258175139
2295,20210928,-0.00229664146965996
2296,20210929,-0.0013027071177062
2297,20210930,-0.000485908098751418
2298,20211001,-0.000118119012838128
2299,20211002,0.000375563213409951
2300,20211003,0.000567853110427371
2301,20211004,0.00093272492510609
2302,20211005,0.00117935764986873
2303,20211006,0.000970711778260174
2304,20211007,0.00121721760449615
2305,20211008,0.00111223215342388
2306,20211009,0.00104464076503354
2307,20211010,0.000773381537950953
2308,20211011,0.00156049786441015
2309,20211012,0.00143580966966957
2310,20211013,0.00162719965979325
2311,20211014,0.00155796578400065
2312,20211015,0.00124391978957696
2313,20211016,0.000922618452456719
2314,20211017,0.000538943227843229
2315,20211018,0.00213333181123126
2316,20211019,0.00262288807658505
2317,20211020,0.00462854999207831
2318,20211021,0.00436866385271144
2319,20211022,0.00555078246456921
2320,20211023,0.00634090409802136
2321,20211024,0.00572034783733618
2322,20211025,0.00698812389939562
2323,20211026,0.00768731491710594
2324,20211027,0.00749657718214648
2325,20211028,0.00793367395361803
2326,20211029,0.00886819027590209
2327,20211030,0.00895105929730756
2328,20211031,0.00852585555390941
2329,20211101,0.00664492911911991
2330,20211102,0.00612548352867075
2331,20211103,0.00554323174787034
2332,20211104,0.0049817623868906
2333,20211105,0.0051233973913039
2334,20211106,0.00544108179287956
2335,20211107,0.00645759084384422
2336,20211108,0.00592019990089845
2337,20211109,0.00664690653303905
2338,20211110,0.00650130054430321
2339,20211111,0.00809261879057185
2340,20211112,0.00886723014506337
2341,20211113,0.00955232361341975
2342,20211114,0.00976039913257896
2343,20211115,0.0102898396349304
2344,20211116,0.00955965579989133
2345,20211117,0.00903857918044958
2346,20211118,0.00879106883697592
2347,20211119,0.00896685110932304
2348,20211120,0.00877643865389415
2349,20211121,0.00918358147504029
2350,20211122,0.0091639568035806
2351,20211123,0.00956783965921735
2352,20211124,0.009458935565291
2353,20211125,0.00946015897204013
2354,20211126,0.00945356164839799
2355,20211127,0.00906738996694327
2356,20211128,0.00874994468798893
2357,20211129,0.00696763607976578
2358,20211130,0.00861554061777841
2359,20211201,0.00823692141250345
2360,20211202,0.00902438746649386
2361,20211203,-0.00948052840131451
2362,20211204,-0.00834863821048563
2363,20211205,-0.006941156631677
2364,20211206,-0.00714334752637743
2365,20211207,-0.00354382677115306
2366,20211208,-0.00489579425351605
2367,20211209,-0.0016540072233459
2368,20211210,-0.000162289257775128
2369,20211211,0.0010357464706015
2370,20211212,-0.00127702821408718
2371,20211213,-0.000835871632215653
2372,20211214,-0.0010284820873974
2373,20211215,-0.000746804605212499
2374,20211216,0.000193927317724236
2375,20211217,0.000442350253881262
2376,20211218,0.000223575688040341
2377,20211219,0.000544864866298084
2378,20211220,0.000601214688846395
2379,20211221,-0.000541227694833735
2380,20211222,0.000319824650718775
2381,20211223,-0.000204088028091586
2382,20211224,0.000310870535493562
2383,20211225,-8.4514966707712e-05
2384,20211226,0.000374366619355599
2385,20211227,-0.00119460331968439
2386,20211228,-0.000220669537646292
2387,20211229,0.000241895692124136
2388,20211230,0.00101697423366754
2389,20211231,0.00145708349629051
2390,20220101,0.000764316878111015
2391,20220102,0.00135684529391216
2392,20220103,0.00143871160401704
2393,20220104,0.00212252906802178
2394,20220105,0.00250472910558822
2395,20220106,0.00272530253324382
2396,20220107,0.00324731491176969
2397,20220108,0.00327195357008349
2398,20220109,0.00241910238079064
2399,20220110,0.00262441237754373
2400,20220111,0.00260707126404095
2401,20220112,0.00253789053770156
2402,20220113,0.00296928020919148
2403,20220114,0.0039781050313227
2404,20220115,0.00464386195039034
2405,20220116,0.0048583028830736
2406,20220117,0.00516229012866633
2407,20220118,0.00534062528762237
2408,20220119,0.00608835350354572
2409,20220120,0.00732101303831948
2410,20220121,0.00808465561596847
2411,20220122,0.008214491664973
2412,20220123,0.00894359771968314
2413,20220124,0.00853316809242411
2414,20220125,0.00801547564089474
2415,20220126,0.00830065997673435
2416,20220127,0.00910274209822688
2417,20220128,0.00885218458834711
2418,20220129,0.00890281882673036
2419,20220130,0.00869952382756514
2420,20220131,0.00827106872374761
2421,20220201,0.00825006214904026
2422,20220202,0.00748910885935559
2423,20220203,0.00736234769580889
2424,20220204,0.00711865892416349
2425,20220205,0.00670205009687171
2426,20220206,0.00550279950937139
2427,20220207,0.00679577874741911
2428,20220208,0.00734128793858974
2429,20220209,0.00734877229355958
2430,20220210,0.00917880518664532
2431,20220211,0.0103008614362958
2432,20220212,0.0109339704709002
2433,20220213,0.011002950787265
2434,20220214,0.0115559112616857
2435,20220215,0.0117703094374162
2436,20220216,0.0116971613754258
2437,20220217,0.012227485099652
2438,20220218,0.0124767358716658
2439,20220219,0.0120557459180073
2440,20220220,0.0121914160812973
2441,20220221,0.012140650619131
2442,20220222,0.0119672334377559
2443,20220223,0.0124572097523051
2444,20220224,0.0123655708131997
2445,20220225,0.0126808128600105
2446,20220226,0.0126213663506576
2447,20220227,0.0130299748153205
2448,20220228,0.0138028805001944
2449,20220301,0.0141836948546785
2450,20220302,0.0145173927643017
2451,20220303,0.0159262011485646
2452,20220304,0.016167830844863
2453,20220305,0.0163753517858528
2454,20220306,0.015772464148147
2455,20220307,0.0164144400807085
2456,20220308,0.0164214218829792
2457,20220309,0.0171045801808866
2458,20220310,0.0160910697008803
2459,20220311,0.0152477062685657
2460,20220312,0.0150292511603917
2461,20220313,0.0145850023497273
2462,20220314,0.0144963499444301
2463,20220315,0.0141923304366155
2464,20220316,0.0145016978850661
2465,20220317,0.0142239965099052
2466,20220318,0.0141866257634613
2467,20220319,0.0152242645228251
2468,20220320,0.0149381543158976
2469,20220321,0.0153382893340263
2470,20220322,0.0152306997815185
2471,20220323,0.0156538115546142
2472,20220324,0.0161295414023353
2473,20220325,0.0161697801604678
2474,20220326,0.0169720665232453
2475,20220327,0.0175449123841383
2476,20220328,0.016710953068252
2477,20220329,0.0162454582627253
2478,20220330,0.0164697890947369
2479,20220331,0.0159997028400756
2480,20220401,0.0160685356776478
2481,20220402,0.0158895477226045
2482,20220403,0.0161450652679873
2483,20220404,0.0163069424430195
2484,20220405,0.0173356730586952
2485,20220406,0.0151930145555639
2486,20220407,0.0152658788554393
2487,20220408,0.0152209492989814
2488,20220409,0.0149927553391608
2489,20220410,0.0154049503702999
2490,20220411,0.0142905614611573
2491,20220412,0.0138773483130683
2492,20220413,0.014488832453793
2493,20220414,0.0137139294834803
2494,20220415,0.0144417811144705
2495,20220416,0.0137279557394133
2496,20220417,0.0140377750267879
2497,20220418,0.0135538081955761
2498,20220419,0.0143995739053591
2499,20220420,0.0134393575094429
2500,20220421,0.0127378817032139
2501,20220422,0.012122519406685
2502,20220423,0.011755282872477
2503,20220424,0.0116973951433719
2504,20220425,0.0119608086020074
2505,20220426,0.0126252251971718
2506,20220427,0.012730659645815
2507,20220428,0.0124375893274511
2508,20220429,0.0132500368358095
2509,20220430,0.0131654463841829
2510,20220501,0.0135367625671694
2511,20220502,0.0132283445709915
2512,20220503,0.0135555821183341
2513,20220504,0.0136505938351857
2514,20220505,0.0134385289468871
2515,20220506,0.0138476337083703
2516,20220507,0.0145384935523496
2517,20220508,0.0140885973321841
2518,20220509,0.0143642484080048
2519,20220510,0.0145546329189149
2520,20220511,0.0157428340592407
