,date,EDC_simp
1,2015-01-29,0.00137612406600007
2,2015-01-30,0.00137494925028948
3,2015-01-31,0.00138742191402595
4,2015-02-01,0.00140337955806069
5,2015-02-02,0.00141910409929351
6,2015-02-03,0.00141938446196482
7,2015-02-04,0.00142401465693107
8,2015-02-05,0.00142804365089851
9,2015-02-06,0.00142794478278739
10,2015-02-07,0.00142778657543478
11,2015-02-08,0.0014315348525886
12,2015-02-09,0.00143929663925316
13,2015-02-10,0.00144032127438604
14,2015-02-11,0.00144031669360297
15,2015-02-12,0.00141889078544254
16,2015-02-13,0.00142201198680109
17,2015-02-14,0.00142471182953982
18,2015-02-15,0.00143097210993596
19,2015-02-16,0.00144171347344849
20,2015-02-17,0.001444247266489
21,2015-02-18,0.00144090595984045
22,2015-02-19,0.00144395981343101
23,2015-02-20,0.00149609349690281
24,2015-02-21,0.00149731161335041
25,2015-02-22,0.00149183859183995
26,2015-02-23,0.00149374373168203
27,2015-02-24,0.00149209280353327
28,2015-02-25,0.00149687114807714
29,2015-02-26,0.00150135333089465
30,2015-02-27,0.00150133509599686
31,2015-02-28,0.00149891464058812
32,2015-03-01,0.00148983700877108
33,2015-03-02,0.00150170165533807
34,2015-03-03,0.00147554121961138
35,2015-03-04,0.00148206048325099
36,2015-03-05,0.00148342020727986
37,2015-03-06,0.00147936719699893
38,2015-03-07,0.00146617609400146
39,2015-03-08,0.00146902149346526
40,2015-03-09,0.00147054986325552
41,2015-03-10,0.00144493503108544
42,2015-03-11,0.00143613093008902
43,2015-03-12,0.00143554185766117
44,2015-03-13,0.00143422092551611
45,2015-03-14,0.00144868355461936
46,2015-03-15,0.00145145829551498
47,2015-03-16,0.0014518000357074
48,2015-03-17,0.00129743017194555
49,2015-03-18,0.00127490053232847
50,2015-03-19,0.0012592381843563
51,2015-03-20,0.00127130518470613
52,2015-03-21,0.00126724888715308
53,2015-03-22,0.00126523688573621
54,2015-03-23,0.00126418848469828
55,2015-03-24,0.00129170608546918
56,2015-03-25,0.00127321485810891
57,2015-03-26,0.00126618862077311
58,2015-03-27,0.00126496653540541
59,2015-03-28,0.00125479592447436
60,2015-03-29,0.00125569147859936
61,2015-03-30,0.00125769714697327
62,2015-03-31,0.0012541131954459
63,2015-04-01,0.00124447840837924
64,2015-04-02,0.00157568732403128
65,2015-04-03,0.00155052542179962
66,2015-04-04,0.00134483862709059
67,2015-04-05,0.00130473435761802
68,2015-04-06,0.00132890902621198
69,2015-04-07,0.0012943636534697
70,2015-04-08,0.00130620100440299
71,2015-04-09,0.00131078019376157
72,2015-04-10,0.00133027103258829
73,2015-04-11,0.00132340417280967
74,2015-04-12,0.00132640476009932
75,2015-04-13,0.00133044072605209
76,2015-04-14,0.00132760053033819
77,2015-04-15,0.00132316801230335
78,2015-04-16,0.00134958203251072
79,2015-04-17,0.00133887898046968
80,2015-04-18,0.00132348953863871
81,2015-04-19,0.00124311729823463
82,2015-04-20,0.001241033431089
83,2015-04-21,0.00125571389237084
84,2015-04-22,0.00125337605885312
85,2015-04-23,0.00125482114411992
86,2015-04-24,0.0012497646600494
87,2015-04-25,0.00125075549425806
88,2015-04-26,0.0012640240744567
89,2015-04-27,0.00126586922620076
90,2015-04-28,0.0012805437824874
91,2015-04-29,0.00128326193640748
92,2015-04-30,0.00129493603445576
93,2015-05-01,0.00127671282171051
94,2015-05-02,0.0012842901775416
95,2015-05-03,0.001272419398051
96,2015-05-04,0.00126220041377711
97,2015-05-05,0.00126128916083601
98,2015-05-06,0.00126938846477474
99,2015-05-07,0.00126746810619868
100,2015-05-08,0.00128180980965229
101,2015-05-09,0.00128178361097619
102,2015-05-10,0.001289405283508
103,2015-05-11,0.00127610523529493
104,2015-05-12,0.00130555640855232
105,2015-05-13,0.00130002187959295
106,2015-05-14,0.00131168161835423
107,2015-05-15,0.00131819221324475
108,2015-05-16,0.00129933110108783
109,2015-05-17,0.001293362296853
110,2015-05-18,0.00126756695719681
111,2015-05-19,0.00128142397493768
112,2015-05-20,0.00119824590859916
113,2015-05-21,0.00118885153461
114,2015-05-22,0.00121237367596661
115,2015-05-23,0.00119804317157774
116,2015-05-24,0.00119548862054061
117,2015-05-25,0.00119167145877707
118,2015-05-26,0.00116405603769872
119,2015-05-27,0.00118340711902634
120,2015-05-28,0.00120626177936161
121,2015-05-29,0.0011952902897718
122,2015-05-30,0.00117982554472735
123,2015-05-31,0.00112048245057197
124,2015-06-01,0.00114123722027426
125,2015-06-02,0.00116882954862298
126,2015-06-03,0.00115849638342266
127,2015-06-04,0.00114416038493129
128,2015-06-05,0.00114699282851758
129,2015-06-06,0.00114987331447973
130,2015-06-07,0.00115646604434103
131,2015-06-08,0.00116426219105472
132,2015-06-09,0.00117246077341386
133,2015-06-10,0.00115766811520431
134,2015-06-11,0.0011625818793661
135,2015-06-12,0.00115063452008544
136,2015-06-13,0.00117266384985398
137,2015-06-14,0.00118624765195468
138,2015-06-15,0.00115349120927902
139,2015-06-16,0.00120805096069858
140,2015-06-17,0.0012147485530867
141,2015-06-18,0.00121620589587959
142,2015-06-19,0.00120345022344998
143,2015-06-20,0.00123466993430009
144,2015-06-21,0.00123054866127996
145,2015-06-22,0.00125256647086651
146,2015-06-23,0.00121456770261917
147,2015-06-24,0.00121328508987504
148,2015-06-25,0.00119822597515834
149,2015-06-26,0.0012334641437998
150,2015-06-27,0.0012635292420579
151,2015-06-28,0.0012752951594096
152,2015-06-29,0.00128297223600636
153,2015-06-30,0.00126634547436693
154,2015-07-01,0.00126602111784151
155,2015-07-02,0.00123469215701088
156,2015-07-03,0.00123701060689539
157,2015-07-04,0.00124229456811575
158,2015-07-05,0.00124645458914737
159,2015-07-06,0.00124420383143754
160,2015-07-07,0.00125517623214042
161,2015-07-08,0.00128124860901329
162,2015-07-09,0.001276537142579
163,2015-07-10,0.00110384987233115
164,2015-07-11,0.00109536450779263
165,2015-07-12,0.00112878595901607
166,2015-07-13,0.00114310728913715
167,2015-07-14,0.00113514300147744
168,2015-07-15,0.00115386528028108
169,2015-07-16,0.00118614615279646
170,2015-07-17,0.00118523537700867
171,2015-07-18,0.00119545773970957
172,2015-07-19,0.00119979626637742
173,2015-07-20,0.0012156811187574
174,2015-07-21,0.00121154041587262
175,2015-07-22,0.00121394080090388
176,2015-07-23,0.0012240076223319
177,2015-07-24,0.00123229641234726
178,2015-07-25,0.00122839597749196
179,2015-07-26,0.00122208550707108
180,2015-07-27,0.00122356375918645
181,2015-07-28,0.00122330814115853
182,2015-07-29,0.00122646288352112
183,2015-07-30,0.00120703269836548
184,2015-07-31,0.00120220986000324
185,2015-08-01,0.00120818455977285
186,2015-08-02,0.0012118489470194
187,2015-08-03,0.00118342056637542
188,2015-08-04,0.0011693089445296
189,2015-08-05,0.00117710995609145
190,2015-08-06,0.0011908497409628
191,2015-08-07,0.00115347533672178
192,2015-08-08,0.0013376456072126
193,2015-08-09,0.00133772596454837
194,2015-08-10,0.00132713743985824
195,2015-08-11,0.00133901001460177
196,2015-08-12,0.00134198201360963
197,2015-08-13,0.00134506672615694
198,2015-08-14,0.00134958053494545
199,2015-08-15,0.00133944124581294
200,2015-08-16,0.00133095271261491
201,2015-08-17,0.00132938569313225
202,2015-08-18,0.00168132995453366
203,2015-08-19,0.00168700494776022
204,2015-08-20,0.00169030191993377
205,2015-08-21,0.00169607023282189
206,2015-08-22,0.00168801594930482
207,2015-08-23,0.0017063552035955
208,2015-08-24,0.00171583921432835
209,2015-08-25,0.00177591467248185
210,2015-08-26,0.00178354441888844
211,2015-08-27,0.0017780508212304
212,2015-08-28,0.00178201005979066
213,2015-08-29,0.00177772507561411
214,2015-08-30,0.0017607148427309
215,2015-08-31,0.00174400721999565
216,2015-09-01,0.00176936849480366
217,2015-09-02,0.00176588239885393
218,2015-09-03,0.00176538238734913
219,2015-09-04,0.0017748937880544
220,2015-09-05,0.00176944990786231
221,2015-09-06,0.00179865484369471
222,2015-09-07,0.0017915137541954
223,2015-09-08,0.00178889120722741
224,2015-09-09,0.0017781318926776
225,2015-09-10,0.00178485785611848
226,2015-09-11,0.00198270006186505
227,2015-09-12,0.00199606611231167
228,2015-09-13,0.00198292592989947
229,2015-09-14,0.00189940245331866
230,2015-09-15,0.00191069916010475
231,2015-09-16,0.00191403796918428
232,2015-09-17,0.00192458330203923
233,2015-09-18,0.00191913975347859
234,2015-09-19,0.00191435789533175
235,2015-09-20,0.00192110306463363
236,2015-09-21,0.00191003207366252
237,2015-09-22,0.00191105236902377
238,2015-09-23,0.00189970523449702
239,2015-09-24,0.00190410784591154
240,2015-09-25,0.0018964257535628
241,2015-09-26,0.00184948068879806
242,2015-09-27,0.00184925476240011
243,2015-09-28,0.00184586246065022
244,2015-09-29,0.00184067459936329
245,2015-09-30,0.00183450021142469
246,2015-10-01,0.0018412083118439
247,2015-10-02,0.00182950202384746
248,2015-10-03,0.00184933295034017
249,2015-10-04,0.00184534395476513
250,2015-10-05,0.00184860824057347
251,2015-10-06,0.00185467862416023
252,2015-10-07,0.00185440935745684
253,2015-10-08,0.00184521723962283
254,2015-10-09,0.00187897729189157
255,2015-10-10,0.00190438987565689
256,2015-10-11,0.00190955552766947
257,2015-10-12,0.00190657271598329
258,2015-10-13,0.00190586487700299
259,2015-10-14,0.00188960312079985
260,2015-10-15,0.00188380120549904
261,2015-10-16,0.00188304584403423
262,2015-10-17,0.00188289881037229
263,2015-10-18,0.00189673818911273
264,2015-10-19,0.00188329834868397
265,2015-10-20,0.00147961644677552
266,2015-10-21,0.0014565472262603
267,2015-10-22,0.00143606775480222
268,2015-10-23,0.00142948868001004
269,2015-10-24,0.00145523801153531
270,2015-10-25,0.00145905281971804
271,2015-10-26,0.00131060519452707
272,2015-10-27,0.00129187440229428
273,2015-10-28,0.00129804187171936
274,2015-10-29,0.00136308562097357
275,2015-10-30,0.00135843787583156
276,2015-10-31,0.00146381499113271
277,2015-11-01,0.00150005673675741
278,2015-11-02,0.00152164267050868
279,2015-11-03,0.00154956607514245
280,2015-11-04,0.00156208598883397
281,2015-11-05,0.00159058917343508
282,2015-11-06,0.00155415619052854
283,2015-11-07,0.00156383041414253
284,2015-11-08,0.00156009621177255
285,2015-11-09,0.00156269105190503
286,2015-11-10,0.00158084445532419
287,2015-11-11,0.00159879952408291
288,2015-11-12,0.00162471632081216
289,2015-11-13,0.00161984910867249
290,2015-11-14,0.00161540593642398
291,2015-11-15,0.00161535766283257
292,2015-11-16,0.00166148444862475
293,2015-11-17,0.00160701985648994
294,2015-11-18,0.00160342640063882
295,2015-11-19,0.00159430564049991
296,2015-11-20,0.0015895139235156
297,2015-11-21,0.00158709456428195
298,2015-11-22,0.00157930630856223
299,2015-11-23,0.00158083143227461
300,2015-11-24,0.0015763211889394
301,2015-11-25,0.00158713746822489
302,2015-11-26,0.00159236936977208
303,2015-11-27,0.00158525172887222
304,2015-11-28,0.00160052462244713
305,2015-11-29,0.00160878350841397
306,2015-11-30,0.00163180395843783
307,2015-12-01,0.0016501901617843
308,2015-12-02,0.00166113404620636
309,2015-12-03,0.00165589562880119
310,2015-12-04,0.00167908986902637
311,2015-12-05,0.00169622460814272
312,2015-12-06,0.001697753589283
313,2015-12-07,0.0017091704469005
314,2015-12-08,0.0017203891744862
315,2015-12-09,0.00171578091954339
316,2015-12-10,0.00172688215819905
317,2015-12-11,0.00173958913119174
318,2015-12-12,0.00173697244672184
319,2015-12-13,0.00174020433027542
320,2015-12-14,0.00168032094345159
321,2015-12-15,0.00164316371039901
322,2015-12-16,0.00163803155645636
323,2015-12-17,0.00163617567225876
324,2015-12-18,0.00159848458028162
325,2015-12-19,0.00159496594279387
326,2015-12-20,0.00159668275158816
327,2015-12-21,0.00163270604356987
328,2015-12-22,0.00167577361307055
329,2015-12-23,0.00168036139797108
330,2015-12-24,0.00167551796323815
331,2015-12-25,0.0016883807451709
332,2015-12-26,0.00175864434508887
333,2015-12-27,0.00175386302091063
334,2015-12-28,0.00174744855133383
335,2015-12-29,0.0017558954500673
336,2015-12-30,0.00174246816225134
337,2015-12-31,0.00169782192091547
338,2016-01-01,0.00172183329253979
339,2016-01-02,0.00167477014440124
340,2016-01-03,0.00164421570007908
341,2016-01-04,0.00164305999487373
342,2016-01-05,0.00161757571342386
343,2016-01-06,0.00161380116525266
344,2016-01-07,0.00161386331745358
345,2016-01-08,0.0016571191064093
346,2016-01-09,0.00164965645368898
347,2016-01-10,0.00162196981807293
348,2016-01-11,0.00159829281206155
349,2016-01-12,0.00153546055932954
350,2016-01-13,0.00153826602709321
351,2016-01-14,0.00150767015530969
352,2016-01-15,0.00156820638364241
353,2016-01-16,0.00158227293435743
354,2016-01-17,0.00157605721485423
355,2016-01-18,0.00153682538928428
356,2016-01-19,0.00154789572842807
357,2016-01-20,0.00158918472724454
358,2016-01-21,0.00156478846173653
359,2016-01-22,0.00157322112459929
360,2016-01-23,0.00156669402961719
361,2016-01-24,0.00157434879354302
362,2016-01-25,0.00158103696837414
363,2016-01-26,0.00158307460621538
364,2016-01-27,0.00159772008962358
365,2016-01-28,0.00154300057715373
366,2016-01-29,0.00153555252000604
367,2016-01-30,0.00151153212362083
368,2016-01-31,0.00151525334787152
369,2016-02-01,0.00151203390338705
370,2016-02-02,0.00152226324449445
371,2016-02-03,0.00152568165116979
372,2016-02-04,0.00153079644462745
373,2016-02-05,0.00151920920919795
374,2016-02-06,0.00151800696802784
375,2016-02-07,0.00152563480336781
376,2016-02-08,0.00151944486374364
377,2016-02-09,0.00150152463694696
378,2016-02-10,0.00151363801776774
379,2016-02-11,0.001501208946057
380,2016-02-12,0.00149936112223512
381,2016-02-13,0.00148428408562416
382,2016-02-14,0.0014810148422482
383,2016-02-15,0.00152759244506514
384,2016-02-16,0.00157484075570404
385,2016-02-17,0.00153373991456261
386,2016-02-18,0.00153759854782375
387,2016-02-19,0.00157678505546813
388,2016-02-20,0.001579018462302
389,2016-02-21,0.0015652053115878
390,2016-02-22,0.00156278757869222
391,2016-02-23,0.0015761526553675
392,2016-02-24,0.00158431851316167
393,2016-02-25,0.0015859180126994
394,2016-02-26,0.00158095930153718
395,2016-02-27,0.00150733739603412
396,2016-02-28,0.00150972245200098
397,2016-02-29,0.00150600663789698
398,2016-03-01,0.00150576110198434
399,2016-03-02,0.00150158638153988
400,2016-03-03,0.00151607467746536
401,2016-03-04,0.00151114281334009
402,2016-03-05,0.00151054289710714
403,2016-03-06,0.00151768968735979
404,2016-03-07,0.0015019838894947
405,2016-03-08,0.00150110659864141
406,2016-03-09,0.0014793389063773
407,2016-03-10,0.0014574459043849
408,2016-03-11,0.00146226634281269
409,2016-03-12,0.0014460336234725
410,2016-03-13,0.00144953711755567
411,2016-03-14,0.00147266802859709
412,2016-03-15,0.00147004096549589
413,2016-03-16,0.00146959240850551
414,2016-03-17,0.00148503613319122
415,2016-03-18,0.00148547662708208
416,2016-03-19,0.00147438238301387
417,2016-03-20,0.00147273734943166
418,2016-03-21,0.00148455334057792
419,2016-03-22,0.00147941652740464
420,2016-03-23,0.00143585982053442
421,2016-03-24,0.0014624870022325
422,2016-03-25,0.00149454244606655
423,2016-03-26,0.00151468900808306
424,2016-03-27,0.00151223364688442
425,2016-03-28,0.0014704545488609
426,2016-03-29,0.00144455732506408
427,2016-03-30,0.00142708036165717
428,2016-03-31,0.0013845928289542
429,2016-04-01,0.00138298061922296
430,2016-04-02,0.00143983167146605
431,2016-04-03,0.00142220212845091
432,2016-04-04,0.00142299761875117
433,2016-04-05,0.00141397551313184
434,2016-04-06,0.00141112928244535
435,2016-04-07,0.00138713803889284
436,2016-04-08,0.00136642202429661
437,2016-04-09,0.00137459654277369
438,2016-04-10,0.00137701783322257
439,2016-04-11,0.00138247474229439
440,2016-04-12,0.00138290190200821
441,2016-04-13,0.00137779225024749
442,2016-04-14,0.0014184427572383
443,2016-04-15,0.00137390887820018
444,2016-04-16,0.00139522850370236
445,2016-04-17,0.0013906069622445
446,2016-04-18,0.0013993026507206
447,2016-04-19,0.00140671641743871
448,2016-04-20,0.00139044694444112
449,2016-04-21,0.00139181502906504
450,2016-04-22,0.00138143110408219
451,2016-04-23,0.00138086341343273
452,2016-04-24,0.00138980947072096
453,2016-04-25,0.00139879759380922
454,2016-04-26,0.00139987876009537
455,2016-04-27,0.00134456650195847
456,2016-04-28,0.00133724922767401
457,2016-04-29,0.00134177913261266
458,2016-04-30,0.00131529488592225
459,2016-05-01,0.00131665973741038
460,2016-05-02,0.00131677372724183
461,2016-05-03,0.00131000657890317
462,2016-05-04,0.00130843444891975
463,2016-05-05,0.00129920181146322
464,2016-05-06,0.00130786466217272
465,2016-05-07,0.00129521237729525
466,2016-05-08,0.00128703346735575
467,2016-05-09,0.00128162377444843
468,2016-05-10,0.00126683862620419
469,2016-05-11,0.00134392463746258
470,2016-05-12,0.00135215666037941
471,2016-05-13,0.00133895054602852
472,2016-05-14,0.00136416604814196
473,2016-05-15,0.00136475952057701
474,2016-05-16,0.0013411878690112
475,2016-05-17,0.00134564531134399
476,2016-05-18,0.00135514145254884
477,2016-05-19,0.00133940229738647
478,2016-05-20,0.00118792695022959
479,2016-05-21,0.00117958820585514
480,2016-05-22,0.00117505603496682
481,2016-05-23,0.00117039996329018
482,2016-05-24,0.00115914942185767
483,2016-05-25,0.00117065832452208
484,2016-05-26,0.00116205219837538
485,2016-05-27,0.00115904573447585
486,2016-05-28,0.00116884182127267
487,2016-05-29,0.00117140792455891
488,2016-05-30,0.0011834793096331
489,2016-05-31,0.00117848787366196
490,2016-06-01,0.0012033794761796
491,2016-06-02,0.00121832982050258
492,2016-06-03,0.00125330499810642
493,2016-06-04,0.00125004305942098
494,2016-06-05,0.00123809888013668
495,2016-06-06,0.00124203587074974
496,2016-06-07,0.00124072424852711
497,2016-06-08,0.00123586613794825
498,2016-06-09,0.00124615997475247
499,2016-06-10,0.00128069997232583
500,2016-06-11,0.00122570870857528
501,2016-06-12,0.00126797036099223
502,2016-06-13,0.00127796064725769
503,2016-06-14,0.00129852458842188
504,2016-06-15,0.00128590195901575
505,2016-06-16,0.00129944186244847
506,2016-06-17,0.00135529817969315
507,2016-06-18,0.00131245194622193
508,2016-06-19,0.00132510563097009
509,2016-06-20,0.00134894453609057
510,2016-06-21,0.00159190896555826
511,2016-06-22,0.00166073097360573
512,2016-06-23,0.00167126891647848
513,2016-06-24,0.00168255175276818
514,2016-06-25,0.0016729835462761
515,2016-06-26,0.00165857449709237
516,2016-06-27,0.00169562846266957
517,2016-06-28,0.00163012407916359
518,2016-06-29,0.00158477969238569
519,2016-06-30,0.00158152904973599
520,2016-07-01,0.00156004666907068
521,2016-07-02,0.00156435813883979
522,2016-07-03,0.00158311801304038
523,2016-07-04,0.00158891118562365
524,2016-07-05,0.00160477381953264
525,2016-07-06,0.00161632877802262
526,2016-07-07,0.00163739226673954
527,2016-07-08,0.00165844975605975
528,2016-07-09,0.00166837674732612
529,2016-07-10,0.00166984348015891
530,2016-07-11,0.00167192027166296
531,2016-07-12,0.00167893231181721
532,2016-07-13,0.00167229998016553
533,2016-07-14,0.00167049931482777
534,2016-07-15,0.00167416281064675
535,2016-07-16,0.00167861426053325
536,2016-07-17,0.0016795049174894
537,2016-07-18,0.00167073890659809
538,2016-07-19,0.00166557287904326
539,2016-07-20,0.00164752520349308
540,2016-07-21,0.00165289110023419
541,2016-07-22,0.00165462020100304
542,2016-07-23,0.00165949526640423
543,2016-07-24,0.00165697971459224
544,2016-07-25,0.0017126951801115
545,2016-07-26,0.00184808624322778
546,2016-07-27,0.00179029015862431
547,2016-07-28,0.00179114194560458
548,2016-07-29,0.00179034540785124
549,2016-07-30,0.00178570981638137
550,2016-07-31,0.00179712815649246
551,2016-08-01,0.00181479158918598
552,2016-08-02,0.00202106332099947
553,2016-08-03,0.00202802102687261
554,2016-08-04,0.00203298926314558
555,2016-08-05,0.00203493736417166
556,2016-08-06,0.00203980065832734
557,2016-08-07,0.00206024732507371
558,2016-08-08,0.00201796858730381
559,2016-08-09,0.00201357295840819
560,2016-08-10,0.00201692505960891
561,2016-08-11,0.00202189333552855
562,2016-08-12,0.00201694939796698
563,2016-08-13,0.00201828943508896
564,2016-08-14,0.00200886418130902
565,2016-08-15,0.00196690635723973
566,2016-08-16,0.00192370193922397
567,2016-08-17,0.00192828510707478
568,2016-08-18,0.0019117285017143
569,2016-08-19,0.00192002830418498
570,2016-08-20,0.00198775219595527
571,2016-08-21,0.00198562798172795
572,2016-08-22,0.00198322992958444
573,2016-08-23,0.0019272912294632
574,2016-08-24,0.00197768371812462
575,2016-08-25,0.00194611751567983
576,2016-08-26,0.00192734270155097
577,2016-08-27,0.00194038128492568
578,2016-08-28,0.00196267305331761
579,2016-08-29,0.00190503498722257
580,2016-08-30,0.00194856143587953
581,2016-08-31,0.0020254581164256
582,2016-09-01,0.00202235904963077
583,2016-09-02,0.00205746681979836
584,2016-09-03,0.00205403961838166
585,2016-09-04,0.0020870483546491
586,2016-09-05,0.00207062633562103
587,2016-09-06,0.00206006680386828
588,2016-09-07,0.00205377542146086
589,2016-09-08,0.00208649412967866
590,2016-09-09,0.00206812660332977
591,2016-09-10,0.0020935368629969
592,2016-09-11,0.00210723318584198
593,2016-09-12,0.00211369457257585
594,2016-09-13,0.00212471339894532
595,2016-09-14,0.00212831991116051
596,2016-09-15,0.00216413296835381
597,2016-09-16,0.00202922776481951
598,2016-09-17,0.00199743570856722
599,2016-09-18,0.00200533753748634
600,2016-09-19,0.00197603017665867
601,2016-09-20,0.00199431941174983
602,2016-09-21,0.00198564438639388
603,2016-09-22,0.00199361713347168
604,2016-09-23,0.00200559662365843
605,2016-09-24,0.00199985443664271
606,2016-09-25,0.00202827035896879
607,2016-09-26,0.00203489102959981
608,2016-09-27,0.00200659803792473
609,2016-09-28,0.00208587159975166
610,2016-09-29,0.00205183516308131
611,2016-09-30,0.00202911713238721
612,2016-10-01,0.00201080394221358
613,2016-10-02,0.00201457207534399
614,2016-10-03,0.00197819409807067
615,2016-10-04,0.00156207981049468
616,2016-10-05,0.00151493777840328
617,2016-10-06,0.0014860429158066
618,2016-10-07,0.0014598091236568
619,2016-10-08,0.00143558723830457
620,2016-10-09,0.00146773456839854
621,2016-10-10,0.00151380256144533
622,2016-10-11,0.00156403062312337
623,2016-10-12,0.00162271447457967
624,2016-10-13,0.0016266353578646
625,2016-10-14,0.00161879834102921
626,2016-10-15,0.00162229553228304
627,2016-10-16,0.00163812963951388
628,2016-10-17,0.00164020345254207
629,2016-10-18,0.00164312145181689
630,2016-10-19,0.00162738609571902
631,2016-10-20,0.00163856682865961
632,2016-10-21,0.00165725778517672
633,2016-10-22,0.00167382637837025
634,2016-10-23,0.00167955104213479
635,2016-10-24,0.00166866047419634
636,2016-10-25,0.00165345401721963
637,2016-10-26,0.00168956198373963
638,2016-10-27,0.00169897464433692
639,2016-10-28,0.00173928885216631
640,2016-10-29,0.0017705048157417
641,2016-10-30,0.00179952673546182
642,2016-10-31,0.00183354599294431
643,2016-11-01,0.00185544202631633
644,2016-11-02,0.00186993075716701
645,2016-11-03,0.00173267972437153
646,2016-11-04,0.00174426805029942
647,2016-11-05,0.00174655287864404
648,2016-11-06,0.00172886853903551
649,2016-11-07,0.00174886313268107
650,2016-11-08,0.00175669354502671
651,2016-11-09,0.0017586415310987
652,2016-11-10,0.00178980031859615
653,2016-11-11,0.00179783382322883
654,2016-11-12,0.00181261483610079
655,2016-11-13,0.00178322384118813
656,2016-11-14,0.00176793827741192
657,2016-11-15,0.00177281323267667
658,2016-11-16,0.00179559833702516
659,2016-11-17,0.00175794029771454
660,2016-11-18,0.00177317360004073
661,2016-11-19,0.00179874444662562
662,2016-11-20,0.00177656331432047
663,2016-11-21,0.00180961021684386
664,2016-11-22,0.0018127173530354
665,2016-11-23,0.00182349395152467
666,2016-11-24,0.00181583632066722
667,2016-11-25,0.00182577677327638
668,2016-11-26,0.00181903094331192
669,2016-11-27,0.00179768561723746
670,2016-11-28,0.00179331981896473
671,2016-11-29,0.00178017077400513
672,2016-11-30,0.0017570379511902
673,2016-12-01,0.00178538877529144
674,2016-12-02,0.00177762162699141
675,2016-12-03,0.00180218348715865
676,2016-12-04,0.00179055070975713
677,2016-12-05,0.00175253796962171
678,2016-12-06,0.00180095726350483
679,2016-12-07,0.00185370713790098
680,2016-12-08,0.00185459094907132
681,2016-12-09,0.00186791792603268
682,2016-12-10,0.00184513258563363
683,2016-12-11,0.00186052928963583
684,2016-12-12,0.00186938430639364
685,2016-12-13,0.00182790484521936
686,2016-12-14,0.00183917638189593
687,2016-12-15,0.00185176541026407
688,2016-12-16,0.0018740928273897
689,2016-12-17,0.00187003490936534
690,2016-12-18,0.00189647485185861
691,2016-12-19,0.00192320946633323
692,2016-12-20,0.00191720302719091
693,2016-12-21,0.00200269979048837
694,2016-12-22,0.0020293579972466
695,2016-12-23,0.002108767602772
696,2016-12-24,0.00209172264021534
697,2016-12-25,0.00207678499617649
698,2016-12-26,0.00208687045231156
699,2016-12-27,0.00208734450885744
700,2016-12-28,0.00210850352221269
701,2016-12-29,0.00215578116200284
702,2016-12-30,0.00211220179216528
703,2016-12-31,0.00206328348399753
704,2017-01-01,0.00215165012015182
705,2017-01-02,0.00213260138841113
706,2017-01-03,0.00215378624424446
707,2017-01-04,0.00226250592893145
708,2017-01-05,0.00259582816242694
709,2017-01-06,0.00261013517807193
710,2017-01-07,0.00261423298102598
711,2017-01-08,0.00266235583889469
712,2017-01-09,0.00262265507903428
713,2017-01-10,0.00264945225293213
714,2017-01-11,0.00319656062734511
715,2017-01-12,0.00322061350678705
716,2017-01-13,0.00323897081637352
717,2017-01-14,0.0032645528261971
718,2017-01-15,0.00329214975754806
719,2017-01-16,0.0033179667632415
720,2017-01-17,0.0033346877001302
721,2017-01-18,0.00332894224715842
722,2017-01-19,0.00333318045970885
723,2017-01-20,0.00334923698674345
724,2017-01-21,0.00336296275448446
725,2017-01-22,0.00336694537458644
726,2017-01-23,0.00338544829274916
727,2017-01-24,0.00341184713190661
728,2017-01-25,0.00342487320701005
729,2017-01-26,0.00343688609988082
730,2017-01-27,0.00342079767055076
731,2017-01-28,0.0034652082746468
732,2017-01-29,0.00349189170130454
733,2017-01-30,0.00403097027794629
734,2017-01-31,0.00404693667113636
735,2017-02-01,0.00404861599804607
736,2017-02-02,0.00406025594738241
737,2017-02-03,0.00407929500158739
738,2017-02-04,0.00408153521754579
739,2017-02-05,0.00406854710061317
740,2017-02-06,0.00411316571898525
741,2017-02-07,0.00409113616893593
742,2017-02-08,0.00407321769685415
743,2017-02-09,0.0041584910388894
744,2017-02-10,0.00416231876423258
745,2017-02-11,0.00424214552845684
746,2017-02-12,0.00424241093650157
747,2017-02-13,0.0042516270578188
748,2017-02-14,0.00427729826869695
749,2017-02-15,0.00428648199389226
750,2017-02-16,0.00432324933807334
751,2017-02-17,0.00431192662831598
752,2017-02-18,0.00432175820581831
753,2017-02-19,0.00430645242686056
754,2017-02-20,0.00429633655052843
755,2017-02-21,0.00429656471505107
756,2017-02-22,0.00426616312854634
757,2017-02-23,0.00427855663460186
758,2017-02-24,0.00428973031977226
759,2017-02-25,0.00429791716749349
760,2017-02-26,0.00432166754402584
761,2017-02-27,0.00431892012310053
762,2017-02-28,0.00431435688371226
763,2017-03-01,0.00429828895369265
764,2017-03-02,0.00426437353651703
765,2017-03-03,0.0042770511593432
766,2017-03-04,0.00426445807476402
767,2017-03-05,0.00426042593531998
768,2017-03-06,0.00425309467788386
769,2017-03-07,0.00421035882147399
770,2017-03-08,0.0041929932159153
771,2017-03-09,0.00407825119284737
772,2017-03-10,0.00413296717695261
773,2017-03-11,0.00417796029666728
774,2017-03-12,0.00419562211693509
775,2017-03-13,0.00428617414718853
776,2017-03-14,0.00427930314976405
777,2017-03-15,0.0037420440961965
778,2017-03-16,0.00370244338840352
779,2017-03-17,0.00362386951520038
780,2017-03-18,0.00346923367941173
781,2017-03-19,0.00354084612829906
782,2017-03-20,0.00350200830305914
783,2017-03-21,0.00348184022430874
784,2017-03-22,0.00343086546407935
785,2017-03-23,0.00349627943475207
786,2017-03-24,0.00350528482739487
787,2017-03-25,0.0034463943388447
788,2017-03-26,0.00340082624689583
789,2017-03-27,0.00337650413035531
790,2017-03-28,0.00336647566777754
791,2017-03-29,0.0033843213412148
792,2017-03-30,0.00349221446579201
793,2017-03-31,0.00351545814885354
794,2017-04-01,0.00349625220150253
795,2017-04-02,0.00354590620582039
796,2017-04-03,0.00320295515103216
797,2017-04-04,0.00262910021321785
798,2017-04-05,0.00262396855130189
799,2017-04-06,0.00261687259481119
800,2017-04-07,0.00255318362809186
801,2017-04-08,0.00258048457053962
802,2017-04-09,0.00255055878628843
803,2017-04-10,0.00256674208278221
804,2017-04-11,0.00256672995476352
805,2017-04-12,0.00257290236602468
806,2017-04-13,0.00250970618924132
807,2017-04-14,0.00250401624680605
808,2017-04-15,0.00251000242495151
809,2017-04-16,0.00251431645346335
810,2017-04-17,0.00250482157755467
811,2017-04-18,0.00248947317268571
812,2017-04-19,0.00248699484802383
813,2017-04-20,0.00247503818883636
814,2017-04-21,0.00247880795697822
815,2017-04-22,0.00248604875025298
816,2017-04-23,0.0024968309099201
817,2017-04-24,0.00251815717957874
818,2017-04-25,0.00252169964448933
819,2017-04-26,0.00254718478997148
820,2017-04-27,0.00256591334833013
821,2017-04-28,0.00260219497277339
822,2017-04-29,0.00263839752003396
823,2017-04-30,0.00265657708713579
824,2017-05-01,0.00263733513567063
825,2017-05-02,0.0026314400150512
826,2017-05-03,0.0026471029466589
827,2017-05-04,0.00274077393368582
828,2017-05-05,0.00277962053859132
829,2017-05-06,0.0028103819026391
830,2017-05-07,0.00282070150073557
831,2017-05-08,0.00282316275036424
832,2017-05-09,0.00291133216815735
833,2017-05-10,0.00280657701680118
834,2017-05-11,0.00280428440500652
835,2017-05-12,0.00277556560616559
836,2017-05-13,0.00273440014741306
837,2017-05-14,0.00272023155595938
838,2017-05-15,0.00270401184120519
839,2017-05-16,0.00273190902695551
840,2017-05-17,0.00272927925816387
841,2017-05-18,0.00270617426028448
842,2017-05-19,0.00275338541063138
843,2017-05-20,0.00285367965067693
844,2017-05-21,0.00284551669558827
845,2017-05-22,0.00286445027936109
846,2017-05-23,0.00294660275732488
847,2017-05-24,0.00288611864674252
848,2017-05-25,0.00316281940356982
849,2017-05-26,0.00331971161832788
850,2017-05-27,0.0032973745454113
851,2017-05-28,0.00331287474273702
852,2017-05-29,0.00333201664251229
853,2017-05-30,0.00330685568709493
854,2017-05-31,0.00331144824455705
855,2017-06-01,0.00331307644697407
856,2017-06-02,0.00336329756703344
857,2017-06-03,0.00339391371334235
858,2017-06-04,0.00371633568111155
859,2017-06-05,0.00390777211404508
860,2017-06-06,0.00379322909393555
861,2017-06-07,0.00383963307855494
862,2017-06-08,0.00380685243438532
863,2017-06-09,0.00381250962112236
864,2017-06-10,0.00375090841258345
865,2017-06-11,0.00373685167441907
866,2017-06-12,0.00380992579421158
867,2017-06-13,0.00383134117637869
868,2017-06-14,0.00413280636110171
869,2017-06-15,0.00409061924460954
870,2017-06-16,0.00412518900638805
871,2017-06-17,0.0041006601746852
872,2017-06-18,0.00411452121524804
873,2017-06-19,0.0041080597977833
874,2017-06-20,0.00406765553138549
875,2017-06-21,0.00409280440854469
876,2017-06-22,0.00408596573377098
877,2017-06-23,0.00411266511682067
878,2017-06-24,0.00416293029907808
879,2017-06-25,0.00422017474438341
880,2017-06-26,0.00438585298499201
881,2017-06-27,0.00438956149052906
882,2017-06-28,0.00440373642594646
883,2017-06-29,0.00444313990533518
884,2017-06-30,0.00445250949253278
885,2017-07-01,0.00447418597218465
886,2017-07-02,0.00512887791449927
887,2017-07-03,0.00514604782833235
888,2017-07-04,0.0049244580363802
889,2017-07-05,0.00486411273646619
890,2017-07-06,0.00484862001211314
891,2017-07-07,0.00507103777279704
892,2017-07-08,0.00503209074672173
893,2017-07-09,0.00501197276328094
894,2017-07-10,0.0053917279264297
895,2017-07-11,0.00550063804265895
896,2017-07-12,0.00555797739128211
897,2017-07-13,0.00557813631498388
898,2017-07-14,0.00567692709057503
899,2017-07-15,0.00573528086639016
900,2017-07-16,0.00571950059566518
901,2017-07-17,0.00583602217881792
902,2017-07-18,0.0058592738455421
903,2017-07-19,0.00586933453451576
904,2017-07-20,0.00592423555888187
905,2017-07-21,0.00590697058549832
906,2017-07-22,0.00593356995966023
907,2017-07-23,0.00591245130723237
908,2017-07-24,0.00664763339575113
909,2017-07-25,0.00622529379057867
910,2017-07-26,0.00629424169857142
911,2017-07-27,0.0065788399855375
912,2017-07-28,0.00657446240929239
913,2017-07-29,0.00681879135526892
914,2017-07-30,0.00685816856118048
915,2017-07-31,0.00677316379946945
916,2017-08-01,0.00682332613292497
917,2017-08-02,0.00684011888265515
918,2017-08-03,0.00676365130929873
919,2017-08-04,0.00675017728954114
920,2017-08-05,0.00701611853459895
921,2017-08-06,0.00699122560783734
922,2017-08-07,0.00709342522284321
923,2017-08-08,0.00727498894200476
924,2017-08-09,0.00734640674706178
925,2017-08-10,0.00737938450375866
926,2017-08-11,0.00743159077528253
927,2017-08-12,0.00755041274020005
928,2017-08-13,0.00755609167398093
929,2017-08-14,0.00763237744015141
930,2017-08-15,0.00745891083390174
931,2017-08-16,0.00755732049079783
932,2017-08-17,0.0077116848152319
933,2017-08-18,0.00769395457429106
934,2017-08-19,0.00764260538654994
935,2017-08-20,0.00765046573437894
936,2017-08-21,0.00760224478632916
937,2017-08-22,0.00772816291640808
938,2017-08-23,0.00776411047777333
939,2017-08-24,0.007853432399407
940,2017-08-25,0.0078440510370256
941,2017-08-26,0.00781883866191128
942,2017-08-27,0.00776503577127147
943,2017-08-28,0.00776083157302169
944,2017-08-29,0.00812167327641314
945,2017-08-30,0.00773521575403194
946,2017-08-31,0.00775164766576394
947,2017-09-01,0.00785676145679982
948,2017-09-02,0.00819627238650147
949,2017-09-03,0.00809709451975797
950,2017-09-04,0.00895092963790041
951,2017-09-05,0.00900546612805603
952,2017-09-06,0.00905571721499132
953,2017-09-07,0.00905091977887166
954,2017-09-08,0.00919611476633841
955,2017-09-09,0.00917792558351808
956,2017-09-10,0.00916205629670939
957,2017-09-11,0.00913055349349251
958,2017-09-12,0.00915612774645618
959,2017-09-13,0.00911975655284862
960,2017-09-14,0.010415256331805
961,2017-09-15,0.0104396787075783
962,2017-09-16,0.010499010623538
963,2017-09-17,0.0106945514798852
964,2017-09-18,0.0106996333660703
965,2017-09-19,0.0104657926928793
966,2017-09-20,0.0105442559030246
967,2017-09-21,0.0109293066153145
968,2017-09-22,0.0108687857460592
969,2017-09-23,0.0108421251740932
970,2017-09-24,0.0108464886003112
971,2017-09-25,0.0107886103417288
972,2017-09-26,0.0108195767056056
973,2017-09-27,0.01086518671055
974,2017-09-28,0.0109500165166352
975,2017-09-29,0.0109162198137733
976,2017-09-30,0.0110263319199421
977,2017-10-01,0.0110032375085621
978,2017-10-02,0.01170812191017
979,2017-10-03,0.0118117341183731
980,2017-10-04,0.0118304548146361
981,2017-10-05,0.0117639522617678
982,2017-10-06,0.0120334754858467
983,2017-10-07,0.0120233503301789
984,2017-10-08,0.011977217896687
985,2017-10-09,0.0119336575575979
986,2017-10-10,0.0119407808053577
987,2017-10-11,0.0118378234163475
988,2017-10-12,0.0119266113152231
989,2017-10-13,0.0119657881479981
990,2017-10-14,0.0120034427334345
991,2017-10-15,0.0118852537980208
992,2017-10-16,0.0119240467597726
993,2017-10-17,0.0118920135899913
994,2017-10-18,0.0116514322353012
995,2017-10-19,0.0115379150892305
996,2017-10-20,0.0115362160762017
997,2017-10-21,0.0115296936244844
998,2017-10-22,0.0115093823688551
999,2017-10-23,0.0115750843941742
1000,2017-10-24,0.0116026502743157
1001,2017-10-25,0.0116017183720045
1002,2017-10-26,0.0116535086037436
1003,2017-10-27,0.011637751068864
1004,2017-10-28,0.0116068512415536
1005,2017-10-29,0.0117029977818201
1006,2017-10-30,0.0117109710938455
1007,2017-10-31,0.011757730376555
1008,2017-11-01,0.0118060874069858
1009,2017-11-02,0.0117993088597327
1010,2017-11-03,0.0117735694983351
1011,2017-11-04,0.0117659069707569
1012,2017-11-05,0.0118275187619166
1013,2017-11-06,0.0114061438567436
1014,2017-11-07,0.0113941265447854
1015,2017-11-08,0.0114059142259848
1016,2017-11-09,0.0115080083842554
1017,2017-11-10,0.0113901456687506
1018,2017-11-11,0.0113807471714631
1019,2017-11-12,0.0115007641462426
1020,2017-11-13,0.0112836684315616
1021,2017-11-14,0.0113050828487731
1022,2017-11-15,0.0113312024662421
1023,2017-11-16,0.00999396210942934
1024,2017-11-17,0.00983007758410192
1025,2017-11-18,0.0099064147077549
1026,2017-11-19,0.00988072288094981
1027,2017-11-20,0.00975737457433878
1028,2017-11-21,0.0106863383188385
1029,2017-11-22,0.0108391582328748
1030,2017-11-23,0.0103844721760415
1031,2017-11-24,0.0104495974314842
1032,2017-11-25,0.0103640305444576
1033,2017-11-26,0.010375999645527
1034,2017-11-27,0.0104141923095674
1035,2017-11-28,0.0100696241150029
1036,2017-11-29,0.0108671343789483
1037,2017-11-30,0.0110203693439197
1038,2017-12-01,0.0111688492595912
1039,2017-12-02,0.0111497497835739
1040,2017-12-03,0.011220481470206
1041,2017-12-04,0.0112982557842663
1042,2017-12-05,0.0113258966554144
1043,2017-12-06,0.0111996446932653
1044,2017-12-07,0.0111257539310325
1045,2017-12-08,0.0112563719421598
1046,2017-12-09,0.0110853843691588
1047,2017-12-10,0.0113183684591304
1048,2017-12-11,0.0114878535271614
1049,2017-12-12,0.0116683017641293
1050,2017-12-13,0.0116869259421424
1051,2017-12-14,0.011791820694392
1052,2017-12-15,0.0117134595508995
1053,2017-12-16,0.011871990944468
1054,2017-12-17,0.0119536307102393
1055,2017-12-18,0.0119176450040107
1056,2017-12-19,0.0118709063563255
1057,2017-12-20,0.0117524985717157
1058,2017-12-21,0.0116973720809642
1059,2017-12-22,0.0129558468909617
1060,2017-12-23,0.0130432875442556
1061,2017-12-24,0.0129575795927645
1062,2017-12-25,0.0128318252819825
1063,2017-12-26,0.0132662528714966
1064,2017-12-27,0.0132542852129076
1065,2017-12-28,0.0132974552787682
1066,2017-12-29,0.0132982774854226
1067,2017-12-30,0.0133247538456748
1068,2017-12-31,0.0133715125523309
1069,2018-01-01,0.013399061532311
1070,2018-01-02,0.0134400863518684
1071,2018-01-03,0.0135082561681544
1072,2018-01-04,0.0134715401674347
1073,2018-01-05,0.0134411496532773
1074,2018-01-06,0.0134309838171357
1075,2018-01-07,0.013348165906235
1076,2018-01-08,0.0134781377856349
1077,2018-01-09,0.0134325457079446
1078,2018-01-10,0.0133838153447767
1079,2018-01-11,0.0135281918553794
1080,2018-01-12,0.0134914962665739
1081,2018-01-13,0.013488698126491
1082,2018-01-14,0.0136069277684941
1083,2018-01-15,0.0137526651004116
1084,2018-01-16,0.0151422675845351
1085,2018-01-17,0.0151350236406214
1086,2018-01-18,0.0153015696648495
1087,2018-01-19,0.0153006993176485
1088,2018-01-20,0.0153253665236922
1089,2018-01-21,0.0156382171070485
1090,2018-01-22,0.0156789191411964
1091,2018-01-23,0.0156818247133651
1092,2018-01-24,0.015655618199299
1093,2018-01-25,0.0156438702655578
1094,2018-01-26,0.0156111080301702
1095,2018-01-27,0.0156294838035428
1096,2018-01-28,0.0156421436460899
1097,2018-01-29,0.0156409481357514
1098,2018-01-30,0.0158824000857103
1099,2018-01-31,0.0158671427495955
1100,2018-02-01,0.0160634452843386
1101,2018-02-02,0.0160524108535817
1102,2018-02-03,0.0160712357270437
1103,2018-02-04,0.0166485455029288
1104,2018-02-05,0.017284706419654
1105,2018-02-06,0.0173415563574355
1106,2018-02-07,0.0173871574617774
1107,2018-02-08,0.0175213418081549
1108,2018-02-09,0.0176178383529909
1109,2018-02-10,0.0177085593790911
1110,2018-02-11,0.0177391251945063
1111,2018-02-12,0.0177422495503512
1112,2018-02-13,0.0178573775161191
1113,2018-02-14,0.0179920961491595
1114,2018-02-15,0.0176613681661665
1115,2018-02-16,0.0177379895194009
1116,2018-02-17,0.0177329981656992
1117,2018-02-18,0.0176899644948011
1118,2018-02-19,0.0177523971343357
1119,2018-02-20,0.0177615282742646
1120,2018-02-21,0.0179686294554301
1121,2018-02-22,0.0180771902916701
1122,2018-02-23,0.0181068783546732
1123,2018-02-24,0.0180473268295918
1124,2018-02-25,0.0181676719005523
1125,2018-02-26,0.0182385145744331
1126,2018-02-27,0.0182603695179972
1127,2018-02-28,0.0181631629362783
1128,2018-03-01,0.0182567108082089
1129,2018-03-02,0.0181982771682461
1130,2018-03-03,0.018360357294465
1131,2018-03-04,0.018330603393723
1132,2018-03-05,0.0182941554036719
1133,2018-03-06,0.0182753409069536
1134,2018-03-07,0.018214319257984
1135,2018-03-08,0.0182333853014146
1136,2018-03-09,0.0183077232915562
1137,2018-03-10,0.0183177275149161
1138,2018-03-11,0.0184673788505756
1139,2018-03-12,0.0188438986972225
1140,2018-03-13,0.0189692518142745
1141,2018-03-14,0.0190847050705734
1142,2018-03-15,0.0191901319960682
1143,2018-03-16,0.0191236992715821
1144,2018-03-17,0.0190789707830719
1145,2018-03-18,0.0192265083404591
1146,2018-03-19,0.0193893138769657
1147,2018-03-20,0.0191946099853752
1148,2018-03-21,0.0192060321895702
1149,2018-03-22,0.019130648743096
1150,2018-03-23,0.0191312860192932
1151,2018-03-24,0.0190671003754172
1152,2018-03-25,0.0189867717196178
1153,2018-03-26,0.0190598001757916
1154,2018-03-27,0.019007831953047
1155,2018-03-28,0.0190338833327003
1156,2018-03-29,0.0192144570910762
1157,2018-03-30,0.0192519453438534
1158,2018-03-31,0.0191602341250262
1159,2018-04-01,0.0190892914761928
1160,2018-04-02,0.0192697730063804
1161,2018-04-03,0.0192517796743651
1162,2018-04-04,0.0192505991266876
1163,2018-04-05,0.0192617673375918
1164,2018-04-06,0.0193457274685162
1165,2018-04-07,0.0193715607813996
1166,2018-04-08,0.0192497628560077
1167,2018-04-09,0.0183994165087457
1168,2018-04-10,0.0183252899892693
1169,2018-04-11,0.0184427987137556
1170,2018-04-12,0.018430218732835
1171,2018-04-13,0.0182652432131287
1172,2018-04-14,0.0185999387883891
1173,2018-04-15,0.0186913940763106
1174,2018-04-16,0.0186195034561605
1175,2018-04-17,0.0186813054692019
1176,2018-04-18,0.0186720217975004
1177,2018-04-19,0.0188698463295711
1178,2018-04-20,0.0188991633776184
1179,2018-04-21,0.0188097990823198
1180,2018-04-22,0.0188118757864935
1181,2018-04-23,0.0188221435216342
1182,2018-04-24,0.0190270244116889
1183,2018-04-25,0.0194255278389128
1184,2018-04-26,0.0194564370322234
1185,2018-04-27,0.0193460890924695
1186,2018-04-28,0.0194564696386611
1187,2018-04-29,0.0195123772140436
1188,2018-04-30,0.0194751395577267
1189,2018-05-01,0.0194587832947656
1190,2018-05-02,0.0195915687470775
1191,2018-05-03,0.0195605775328333
1192,2018-05-04,0.019631873829052
1193,2018-05-05,0.0196610367974825
1194,2018-05-06,0.0196473457640757
1195,2018-05-07,0.0196817288163931
1196,2018-05-08,0.0196565922846259
1197,2018-05-09,0.0196273003006451
1198,2018-05-10,0.0197530182406592
1199,2018-05-11,0.0202949856070372
1200,2018-05-12,0.0202932438820136
1201,2018-05-13,0.0202726499348052
1202,2018-05-14,0.0202606466401352
1203,2018-05-15,0.0202153110850187
1204,2018-05-16,0.0198165425345933
1205,2018-05-17,0.0198499188830796
1206,2018-05-18,0.0199564391222717
1207,2018-05-19,0.0198130818756558
1208,2018-05-20,0.0198182191189079
1209,2018-05-21,0.0197526116522935
1210,2018-05-22,0.0199510766788517
1211,2018-05-23,0.0201471349048979
1212,2018-05-24,0.0202103399146514
1213,2018-05-25,0.020251776994539
1214,2018-05-26,0.020270444352183
1215,2018-05-27,0.0202826728200065
1216,2018-05-28,0.0204448150914075
1217,2018-05-29,0.0206119609686291
1218,2018-05-30,0.0205805561576481
1219,2018-05-31,0.0202972661064263
1220,2018-06-01,0.0203560181770832
1221,2018-06-02,0.0205836419424285
1222,2018-06-03,0.0204920490716378
1223,2018-06-04,0.0205001111220798
1224,2018-06-05,0.0204873461909692
1225,2018-06-06,0.0203102072125715
1226,2018-06-07,0.0202604311691945
1227,2018-06-08,0.0202349914776586
1228,2018-06-09,0.0202014796686738
1229,2018-06-10,0.0207723973530245
1230,2018-06-11,0.0207632051408713
1231,2018-06-12,0.0207941896808303
1232,2018-06-13,0.0208133023782188
1233,2018-06-14,0.0207887942153744
1234,2018-06-15,0.020834743973981
1235,2018-06-16,0.0208477620120545
1236,2018-06-17,0.0208006299630866
1237,2018-06-18,0.0208704609655013
1238,2018-06-19,0.0209323562019093
1239,2018-06-20,0.0208536700999831
1240,2018-06-21,0.0208041950817142
1241,2018-06-22,0.0211901972742668
1242,2018-06-23,0.021246535036382
1243,2018-06-24,0.0211284002379728
1244,2018-06-25,0.0211186576264662
1245,2018-06-26,0.0210709739869408
1246,2018-06-27,0.0209120870328093
1247,2018-06-28,0.020796094070785
1248,2018-06-29,0.0209399626789609
1249,2018-06-30,0.0209336515319375
1250,2018-07-01,0.0208564246639629
1251,2018-07-02,0.0208181321726968
1252,2018-07-03,0.020630589372269
1253,2018-07-04,0.0206111556247669
1254,2018-07-05,0.020544070367825
1255,2018-07-06,0.0205530097789404
1256,2018-07-07,0.0205987580105168
1257,2018-07-08,0.0206498258809916
1258,2018-07-09,0.0206051953571654
1259,2018-07-10,0.0205986368204625
1260,2018-07-11,0.0206280626182238
1261,2018-07-12,0.0206869917203419
1262,2018-07-13,0.0205265151694256
1263,2018-07-14,0.020475555355193
1264,2018-07-15,0.0204759362968157
1265,2018-07-16,0.0205270949357698
1266,2018-07-17,0.0206878403950794
1267,2018-07-18,0.0206723049446918
1268,2018-07-19,0.0207442038952017
1269,2018-07-20,0.0207464288926783
1270,2018-07-21,0.0208132827109385
1271,2018-07-22,0.0207544309227195
1272,2018-07-23,0.0207694208224707
1273,2018-07-24,0.0207094891419827
1274,2018-07-25,0.0205718550826939
1275,2018-07-26,0.0204809315908878
1276,2018-07-27,0.0205115694816067
1277,2018-07-28,0.020541573230916
1278,2018-07-29,0.0205534754915718
1279,2018-07-30,0.0204131079827382
1280,2018-07-31,0.0203760286751629
1281,2018-08-01,0.0203550638706362
1282,2018-08-02,0.020302334564711
1283,2018-08-03,0.0202467883862199
1284,2018-08-04,0.0203664549663008
1285,2018-08-05,0.0203950085841391
1286,2018-08-06,0.0203324304989109
1287,2018-08-07,0.0205939318253296
1288,2018-08-08,0.0216513796935712
1289,2018-08-09,0.0217365345940124
1290,2018-08-10,0.0218822523282532
1291,2018-08-11,0.021787114009352
1292,2018-08-12,0.0214061650753258
1293,2018-08-13,0.021244554563513
1294,2018-08-14,0.0211111643078468
1295,2018-08-15,0.0211470350340635
1296,2018-08-16,0.0211048401882317
1297,2018-08-17,0.0212828651621542
1298,2018-08-18,0.0213724582405081
1299,2018-08-19,0.0214432987685379
1300,2018-08-20,0.021536168263682
1301,2018-08-21,0.0215456963557746
1302,2018-08-22,0.0215697262603463
1303,2018-08-23,0.0216346682070184
1304,2018-08-24,0.0212556032848363
1305,2018-08-25,0.0212527441272098
1306,2018-08-26,0.0213290825699049
1307,2018-08-27,0.0214196125682827
1308,2018-08-28,0.0214843476001035
1309,2018-08-29,0.0213683553323762
1310,2018-08-30,0.0214407516576377
1311,2018-08-31,0.0213943221331582
1312,2018-09-01,0.0214160129720887
1313,2018-09-02,0.0211337339037754
1314,2018-09-03,0.0211078773856778
1315,2018-09-04,0.0214274521645263
1316,2018-09-05,0.0225395472376156
1317,2018-09-06,0.0228545869141876
1318,2018-09-07,0.0228599090175681
1319,2018-09-08,0.0228006765357755
1320,2018-09-09,0.0228413559547763
1321,2018-09-10,0.0229646723972982
1322,2018-09-11,0.022961094750923
1323,2018-09-12,0.0228868070741548
1324,2018-09-13,0.0230391032974853
1325,2018-09-14,0.02303622722768
1326,2018-09-15,0.0230994785448525
1327,2018-09-16,0.0230658270555773
1328,2018-09-17,0.0230692000638761
1329,2018-09-18,0.0230390448538852
1330,2018-09-19,0.0230365142774994
1331,2018-09-20,0.0231401143764771
1332,2018-09-21,0.0232039884214329
1333,2018-09-22,0.0231444539244372
1334,2018-09-23,0.0232340173637179
1335,2018-09-24,0.0231876975162872
1336,2018-09-25,0.0230925757287055
1337,2018-09-26,0.0231203136277416
1338,2018-09-27,0.0232590396984119
1339,2018-09-28,0.0243481323320992
1340,2018-09-29,0.0233396364710429
1341,2018-09-30,0.0235114607626967
1342,2018-10-01,0.0232090340416259
1343,2018-10-02,0.0232304490921885
1344,2018-10-03,0.0232464778857748
1345,2018-10-04,0.0233563703322165
1346,2018-10-05,0.0234782789149543
1347,2018-10-06,0.0235871770509205
1348,2018-10-07,0.0239233977535453
1349,2018-10-08,0.0242596132614138
1350,2018-10-09,0.0236965643750914
1351,2018-10-10,0.0232703318133485
1352,2018-10-11,0.0238893661790249
1353,2018-10-12,0.0239170426073684
1354,2018-10-13,0.0240504974304055
1355,2018-10-14,0.0241630298002669
1356,2018-10-15,0.0244304580608907
1357,2018-10-16,0.0245749884254557
1358,2018-10-17,0.0243937445141478
1359,2018-10-18,0.0243052078168784
1360,2018-10-19,0.0242039306484113
1361,2018-10-20,0.0242202169511804
1362,2018-10-21,0.0241964016986838
1363,2018-10-22,0.024103280296507
1364,2018-10-23,0.0240651680068809
1365,2018-10-24,0.0240106419812073
1366,2018-10-25,0.0239595754260732
1367,2018-10-26,0.0239245162320341
1368,2018-10-27,0.0239066477511906
1369,2018-10-28,0.0239369359324526
1370,2018-10-29,0.0239479935542251
1371,2018-10-30,0.023809937793343
1372,2018-10-31,0.0239210537470679
1373,2018-11-01,0.0240522071574225
1374,2018-11-02,0.0239316047076983
1375,2018-11-03,0.0238611944451434
1376,2018-11-04,0.0241485006866141
1377,2018-11-05,0.0241697826338873
1378,2018-11-06,0.0241818885673347
1379,2018-11-07,0.0228071192110324
1380,2018-11-08,0.0228939383016637
1381,2018-11-09,0.0228494947762309
1382,2018-11-10,0.0238310992150432
1383,2018-11-11,0.0237467700628854
1384,2018-11-12,0.0237310049725773
1385,2018-11-13,0.023880996232165
1386,2018-11-14,0.0251968611916595
1387,2018-11-15,0.0242250757078336
1388,2018-11-16,0.0242033540859896
1389,2018-11-17,0.0241001115189458
1390,2018-11-18,0.024128614203568
1391,2018-11-19,0.0252127812774996
1392,2018-11-20,0.0254035308854685
1393,2018-11-21,0.0254747295522097
1394,2018-11-22,0.0255647094243324
1395,2018-11-23,0.0254818773709294
1396,2018-11-24,0.0256043856082154
1397,2018-11-25,0.0256038326766821
1398,2018-11-26,0.0256670695443567
1399,2018-11-27,0.0256694338669233
1400,2018-11-28,0.0257171231325891
1401,2018-11-29,0.0256007989747193
1402,2018-11-30,0.0255600353651555
1403,2018-12-01,0.0256506925720187
1404,2018-12-02,0.0255871846155427
1405,2018-12-03,0.0257835634616983
1406,2018-12-04,0.0259027363376319
1407,2018-12-05,0.0258204068131719
1408,2018-12-06,0.0257295049316165
1409,2018-12-07,0.0255282063168401
1410,2018-12-08,0.0256171046798016
1411,2018-12-09,0.0251983106698036
1412,2018-12-10,0.0251131216083784
1413,2018-12-11,0.025047435927375
1414,2018-12-12,0.02509442803432
1415,2018-12-13,0.0250002096272165
1416,2018-12-14,0.0245563171804862
1417,2018-12-15,0.0245661018042142
1418,2018-12-16,0.0245767121804804
1419,2018-12-17,0.024626312786223
1420,2018-12-18,0.0246983401274342
1421,2018-12-19,0.0248034977366544
1422,2018-12-20,0.0252577945558711
1423,2018-12-21,0.0250514884105803
1424,2018-12-22,0.0251402676718141
1425,2018-12-23,0.0250260269667282
1426,2018-12-24,0.0250149049626686
1427,2018-12-25,0.0251979642815556
1428,2018-12-26,0.025249920167491
1429,2018-12-27,0.0254057117994355
1430,2018-12-28,0.0255007744380099
1431,2018-12-29,0.0255252274174281
1432,2018-12-30,0.0255052204266995
1433,2018-12-31,0.0255009321102361
1434,2019-01-01,0.0255996580784207
1435,2019-01-02,0.0256783468743526
1436,2019-01-03,0.0255696089822317
1437,2019-01-04,0.0256211626597224
1438,2019-01-05,0.0255363843548385
1439,2019-01-06,0.0256754696230182
1440,2019-01-07,0.0256297594978429
1441,2019-01-08,0.0255176607381986
1442,2019-01-09,0.0255489045838861
1443,2019-01-10,0.026047464299271
1444,2019-01-11,0.0261597789967369
1445,2019-01-12,0.0260847393810465
1446,2019-01-13,0.0260916971170061
1447,2019-01-14,0.0261609110930514
1448,2019-01-15,0.0260921799161249
1449,2019-01-16,0.0258996166535721
1450,2019-01-17,0.0263109362064766
1451,2019-01-18,0.0263004294025042
1452,2019-01-19,0.0264368512790238
1453,2019-01-20,0.0264283639226321
1454,2019-01-21,0.0260070013339517
1455,2019-01-22,0.0259161107571438
1456,2019-01-23,0.0257982122988367
1457,2019-01-24,0.0257641162805265
1458,2019-01-25,0.0258331402596046
1459,2019-01-26,0.0257048109066608
1460,2019-01-27,0.0256746198131637
1461,2019-01-28,0.0257748506039323
1462,2019-01-29,0.0259796849125673
1463,2019-01-30,0.0258369102023726
1464,2019-01-31,0.025670403153526
1465,2019-02-01,0.0257724976064803
1466,2019-02-02,0.0257200356415894
1467,2019-02-03,0.0257248632413854
1468,2019-02-04,0.0257494572769228
1469,2019-02-05,0.0258829398838988
1470,2019-02-06,0.0259704646378885
1471,2019-02-07,0.0258185339657097
1472,2019-02-08,0.0280081082901478
1473,2019-02-09,0.0268669274748256
1474,2019-02-10,0.026728795846387
1475,2019-02-11,0.0266862861432208
1476,2019-02-12,0.0269025907521764
1477,2019-02-13,0.0267464085851551
1478,2019-02-14,0.0267576878473302
1479,2019-02-15,0.0272915240932418
1480,2019-02-16,0.0271911705531675
1481,2019-02-17,0.0274293247967043
1482,2019-02-18,0.0272899342696216
1483,2019-02-19,0.0272522754685696
1484,2019-02-20,0.0273985001415499
1485,2019-02-21,0.0273631490500479
1486,2019-02-22,0.0277969484376227
1487,2019-02-23,0.0276983166978565
1488,2019-02-24,0.0282104981417846
1489,2019-02-25,0.0283037591792346
1490,2019-02-26,0.0280576400677472
1491,2019-02-27,0.0279279666131024
1492,2019-02-28,0.0276525603219237
1493,2019-03-01,0.0275293427599221
1494,2019-03-02,0.0275808472742575
1495,2019-03-03,0.0275459417445527
1496,2019-03-04,0.0275083166169316
1497,2019-03-05,0.0275312275584819
1498,2019-03-06,0.0274644612270181
1499,2019-03-07,0.0274411703586892
1500,2019-03-08,0.0274235887765072
1501,2019-03-09,0.0277179496022317
1502,2019-03-10,0.0273838025917341
1503,2019-03-11,0.0274404852635499
1504,2019-03-12,0.0277629727719495
1505,2019-03-13,0.0277073586672003
1506,2019-03-14,0.0276807334819654
1507,2019-03-15,0.0291304677044441
1508,2019-03-16,0.0285877124870928
1509,2019-03-17,0.0274944706250717
1510,2019-03-18,0.0272134180778509
1511,2019-03-19,0.026755321525215
1512,2019-03-20,0.0266899524724979
1513,2019-03-21,0.0267360114853117
1514,2019-03-22,0.0263157582581692
1515,2019-03-23,0.0262603954964578
1516,2019-03-24,0.0260894066244462
1517,2019-03-25,0.0259868607102607
1518,2019-03-26,0.0259932529861846
1519,2019-03-27,0.026113496173896
1520,2019-03-28,0.0261038486812137
1521,2019-03-29,0.0261789439101787
1522,2019-03-30,0.0263617246558282
1523,2019-03-31,0.026387113584781
1524,2019-04-01,0.0257272054070991
1525,2019-04-02,0.02624458271918
1526,2019-04-03,0.0260401139809478
1527,2019-04-04,0.0262550446703114
1528,2019-04-05,0.0264756390684459
1529,2019-04-06,0.0264279150821313
1530,2019-04-07,0.0264247441238152
1531,2019-04-08,0.0260276982137159
1532,2019-04-09,0.0265010418849142
1533,2019-04-10,0.0266853974363632
1534,2019-04-11,0.0276525045836136
1535,2019-04-12,0.0270546594464464
1536,2019-04-13,0.0272753937262882
1537,2019-04-14,0.0274249592444748
1538,2019-04-15,0.0273887530229313
1539,2019-04-16,0.0274722819768051
1540,2019-04-17,0.0274635232578181
1541,2019-04-18,0.0275987691303621
1542,2019-04-19,0.0275403017148822
1543,2019-04-20,0.027567803663854
1544,2019-04-21,0.0275693663162034
1545,2019-04-22,0.0272825350378047
1546,2019-04-23,0.0272614292477326
1547,2019-04-24,0.0273781735290141
1548,2019-04-25,0.0276475552957455
1549,2019-04-26,0.0276644898895186
1550,2019-04-27,0.0276827477086002
1551,2019-04-28,0.0269804970607684
1552,2019-04-29,0.0268199929171558
1553,2019-04-30,0.0269930020388014
1554,2019-05-01,0.0285734979562409
1555,2019-05-02,0.0286270271542984
1556,2019-05-03,0.0287366824019566
1557,2019-05-04,0.0276853085845514
1558,2019-05-05,0.027642106635388
1559,2019-05-06,0.027703363158296
1560,2019-05-07,0.0274015162123213
1561,2019-05-08,0.0273105131732669
1562,2019-05-09,0.027336294870159
1563,2019-05-10,0.0272064419250111
1564,2019-05-11,0.0274553343608315
1565,2019-05-12,0.0278868059487133
1566,2019-05-13,0.0281428266080356
1567,2019-05-14,0.0286775471072941
1568,2019-05-15,0.0292612496069683
1569,2019-05-16,0.0290228937055319
1570,2019-05-17,0.0291386351921451
1571,2019-05-18,0.0290546083436415
1572,2019-05-19,0.0297376832186534
1573,2019-05-20,0.0298703395601922
1574,2019-05-21,0.0294224037299691
1575,2019-05-22,0.0310321977873755
1576,2019-05-23,0.0300354442481815
1577,2019-05-24,0.0306492425094624
1578,2019-05-25,0.0306348441640808
1579,2019-05-26,0.0309716655604656
1580,2019-05-27,0.0306948380756065
1581,2019-05-28,0.0307849503347413
1582,2019-05-29,0.0307703195067922
1583,2019-05-30,0.0310031097901451
1584,2019-05-31,0.0312204084519423
1585,2019-06-01,0.0310346227616348
1586,2019-06-02,0.0311426277937083
1587,2019-06-03,0.0314531239570466
1588,2019-06-04,0.0315388770817514
1589,2019-06-05,0.031607472634306
1590,2019-06-06,0.0317330956714197
1591,2019-06-07,0.0316638465714436
1592,2019-06-08,0.0316690073754054
1593,2019-06-09,0.0317530035121344
1594,2019-06-10,0.032345674208705
1595,2019-06-11,0.0325959983166046
1596,2019-06-12,0.032669310812471
1597,2019-06-13,0.0322759994416277
1598,2019-06-14,0.0322779572162536
1599,2019-06-15,0.0323962486117728
1600,2019-06-16,0.0321571887082534
1601,2019-06-17,0.0323911491691538
1602,2019-06-18,0.0322387814720264
1603,2019-06-19,0.0322800010460214
1604,2019-06-20,0.0321554610863732
1605,2019-06-21,0.0321656537252271
1606,2019-06-22,0.031811112393833
1607,2019-06-23,0.0318415192847818
1608,2019-06-24,0.0320938298486694
1609,2019-06-25,0.0321025753103426
1610,2019-06-26,0.031808665581936
1611,2019-06-27,0.0331025269585104
1612,2019-06-28,0.0333113855389891
1613,2019-06-29,0.0333268186292385
1614,2019-06-30,0.034164650204979
1615,2019-07-01,0.0342850015471805
1616,2019-07-02,0.034227445074976
1617,2019-07-03,0.0343251950501182
1618,2019-07-04,0.0342473170271074
1619,2019-07-05,0.0342055709122987
1620,2019-07-06,0.0339437961918309
1621,2019-07-07,0.0340771060221718
1622,2019-07-08,0.0340831343278485
1623,2019-07-09,0.034129614877301
1624,2019-07-10,0.0343920197629919
1625,2019-07-11,0.0345978198996813
1626,2019-07-12,0.0346256864506366
1627,2019-07-13,0.0345601458455289
1628,2019-07-14,0.0351740612159087
1629,2019-07-15,0.0350163744995712
1630,2019-07-16,0.0365723627344246
1631,2019-07-17,0.0364411089481467
1632,2019-07-18,0.0370054943067825
1633,2019-07-19,0.0369691246802377
1634,2019-07-20,0.0374371918822885
1635,2019-07-21,0.0371976046564122
1636,2019-07-22,0.037145086925832
1637,2019-07-23,0.0370542049771969
1638,2019-07-24,0.0370954735424727
1639,2019-07-25,0.0386121057440088
1640,2019-07-26,0.0371837139973221
1641,2019-07-27,0.0374166825942295
1642,2019-07-28,0.0373422618073641
1643,2019-07-29,0.0375355457360131
1644,2019-07-30,0.0375215315314723
1645,2019-07-31,0.0375647375523899
1646,2019-08-01,0.0388271911121918
1647,2019-08-02,0.0387644705679512
1648,2019-08-03,0.0389453140850498
1649,2019-08-04,0.03846034221577
1650,2019-08-05,0.0377310540982659
1651,2019-08-06,0.0383342923465447
1652,2019-08-07,0.0384836087104965
1653,2019-08-08,0.0383823562380916
1654,2019-08-09,0.0376889379397581
1655,2019-08-10,0.0374458261744657
1656,2019-08-11,0.0373046303173299
1657,2019-08-12,0.0371039574264346
1658,2019-08-13,0.0370378030441886
1659,2019-08-14,0.0374885925395302
1660,2019-08-15,0.0373697636606605
1661,2019-08-16,0.0373925114885226
1662,2019-08-17,0.0373227860438115
1663,2019-08-18,0.0375127395691241
1664,2019-08-19,0.0377919684862916
1665,2019-08-20,0.0378620872784147
1666,2019-08-21,0.0379486823193356
1667,2019-08-22,0.0381284489439507
1668,2019-08-23,0.0381879389472398
1669,2019-08-24,0.0389355223464554
1670,2019-08-25,0.0388721069604927
1671,2019-08-26,0.0388503872463824
1672,2019-08-27,0.0388150091721497
1673,2019-08-28,0.0391663100006429
1674,2019-08-29,0.0385453183022191
1675,2019-08-30,0.0383774921490118
1676,2019-08-31,0.0383594005709323
1677,2019-09-01,0.0379723119599775
1678,2019-09-02,0.0380361271819854
1679,2019-09-03,0.0381520384669346
1680,2019-09-04,0.0380334614186779
1681,2019-09-05,0.0380983148886526
1682,2019-09-06,0.0379435329600376
1683,2019-09-07,0.0381796651435854
1684,2019-09-08,0.0381696641424199
1685,2019-09-09,0.0381432664011234
1686,2019-09-10,0.0380849490294265
1687,2019-09-11,0.0380338184602549
1688,2019-09-12,0.03848155596395
1689,2019-09-13,0.0384190916828472
1690,2019-09-14,0.0385339964318781
1691,2019-09-15,0.0383426190031131
1692,2019-09-16,0.0382551605304787
1693,2019-09-17,0.0354398976561492
1694,2019-09-18,0.035431258996745
1695,2019-09-19,0.0349958090527351
1696,2019-09-20,0.0348431711388968
1697,2019-09-21,0.0345503985787248
1698,2019-09-22,0.0344846940798929
1699,2019-09-23,0.0346541620606078
1700,2019-09-24,0.0373335617150339
1701,2019-09-25,0.0370606117559007
1702,2019-09-26,0.036989490133996
1703,2019-09-27,0.0373666197162554
1704,2019-09-28,0.0371227198338872
1705,2019-09-29,0.0371407703709476
1706,2019-09-30,0.0371523319317994
1707,2019-10-01,0.0371181869356661
1708,2019-10-02,0.0370988063333573
1709,2019-10-03,0.0367130745283775
1710,2019-10-04,0.0368259098691882
1711,2019-10-05,0.0366820381187375
1712,2019-10-06,0.0365580374760108
1713,2019-10-07,0.0366104180337902
1714,2019-10-08,0.0364763677339971
1715,2019-10-09,0.0367559978441588
1716,2019-10-10,0.0367865405774101
1717,2019-10-11,0.0366648983509254
1718,2019-10-12,0.0368913067879105
1719,2019-10-13,0.0369702203461604
1720,2019-10-14,0.0372013308768759
1721,2019-10-15,0.0371462742865563
1722,2019-10-16,0.0362183245300942
1723,2019-10-17,0.0365223302966984
1724,2019-10-18,0.0364532115616289
1725,2019-10-19,0.0365920714838745
1726,2019-10-20,0.0365835468268906
1727,2019-10-21,0.0367189550609682
1728,2019-10-22,0.0364883364219221
1729,2019-10-23,0.0367297924631207
1730,2019-10-24,0.0367234685723636
1731,2019-10-25,0.0369254214149141
1732,2019-10-26,0.0368996679976476
1733,2019-10-27,0.0371726534714682
1734,2019-10-28,0.0367492877381397
1735,2019-10-29,0.0369372725494366
1736,2019-10-30,0.0365639580800218
1737,2019-10-31,0.0365406249400541
1738,2019-11-01,0.0365856143457362
1739,2019-11-02,0.0361802953907562
1740,2019-11-03,0.0361052262857098
1741,2019-11-04,0.0361377239132311
1742,2019-11-05,0.0361828650765792
1743,2019-11-06,0.0362650664236222
1744,2019-11-07,0.0363588509372847
1745,2019-11-08,0.0366153237712094
1746,2019-11-09,0.0365247660056654
1747,2019-11-10,0.0366139319077598
1748,2019-11-11,0.0366794975331601
1749,2019-11-12,0.0366641012657775
1750,2019-11-13,0.037153559122321
1751,2019-11-14,0.0363015773293678
1752,2019-11-15,0.0365032960232409
1753,2019-11-16,0.0364346834958482
1754,2019-11-17,0.0363284577486287
1755,2019-11-18,0.0364897669075115
1756,2019-11-19,0.0362907261696343
1757,2019-11-20,0.0357895643543908
1758,2019-11-21,0.036160620802146
1759,2019-11-22,0.0366431043858253
1760,2019-11-23,0.0369088135752393
1761,2019-11-24,0.0374330686822597
1762,2019-11-25,0.037222182012151
1763,2019-11-26,0.0353227931758939
1764,2019-11-27,0.0353223797267547
1765,2019-11-28,0.0354125959557416
1766,2019-11-29,0.037043382154127
1767,2019-11-30,0.0369410333216095
1768,2019-12-01,0.0367348236730268
1769,2019-12-02,0.036904589559791
1770,2019-12-03,0.0369461540641285
1771,2019-12-04,0.0367549258028231
1772,2019-12-05,0.0369869060210794
1773,2019-12-06,0.0369046233534806
1774,2019-12-07,0.0368186664961586
1775,2019-12-08,0.0370370137120338
1776,2019-12-09,0.0367590416289527
1777,2019-12-10,0.0366399918125909
1778,2019-12-11,0.0364690983528074
1779,2019-12-12,0.0366187177369095
1780,2019-12-13,0.0368139436971581
1781,2019-12-14,0.0368559810853745
1782,2019-12-15,0.0367597129494173
1783,2019-12-16,0.036713858450497
1784,2019-12-17,0.0378449539509393
1785,2019-12-18,0.0400140136470514
1786,2019-12-19,0.0396120530350263
1787,2019-12-20,0.0385006138144321
1788,2019-12-21,0.0383988890534421
1789,2019-12-22,0.0384045075790751
1790,2019-12-23,0.0382073054650335
1791,2019-12-24,0.0384274404261723
1792,2019-12-25,0.0378792646101802
1793,2019-12-26,0.0377072804711402
1794,2019-12-27,0.0372915410115683
1795,2019-12-28,0.0373273289490635
1796,2019-12-29,0.0373811146901473
1797,2019-12-30,0.0377483756840051
1798,2019-12-31,0.0391533226251474
1799,2020-01-01,0.03772504495473
1800,2020-01-02,0.0381639409756096
1801,2020-01-03,0.0385388957479253
1802,2020-01-04,0.0386378675959619
1803,2020-01-05,0.0387404023532498
1804,2020-01-06,0.0389763238614441
1805,2020-01-07,0.039242600695593
1806,2020-01-08,0.0389940325702665
1807,2020-01-09,0.0387947807484747
1808,2020-01-10,0.0390756682430372
1809,2020-01-11,0.0387818637551875
1810,2020-01-12,0.0388146399445096
1811,2020-01-13,0.0387725433910915
1812,2020-01-14,0.0397784517543526
1813,2020-01-15,0.038768435486713
1814,2020-01-16,0.038317526891242
1815,2020-01-17,0.0381238442239981
1816,2020-01-18,0.037281997820698
1817,2020-01-19,0.0373788703395051
1818,2020-01-20,0.037128798488858
1819,2020-01-21,0.0371800864139346
1820,2020-01-22,0.0374800009334481
1821,2020-01-23,0.0374627680182598
1822,2020-01-24,0.0366373328563416
1823,2020-01-25,0.0363803157058972
1824,2020-01-26,0.0361251843306013
1825,2020-01-27,0.0366656543886789
1826,2020-01-28,0.0367756582444253
1827,2020-01-29,0.0363837695350913
1828,2020-01-30,0.0366075934943258
1829,2020-01-31,0.0362926642113004
1830,2020-02-01,0.0365095433762259
1831,2020-02-02,0.0366681006668578
1832,2020-02-03,0.036556459854113
1833,2020-02-04,0.0366005412465727
1834,2020-02-05,0.0371877799032741
1835,2020-02-06,0.0372526130385215
1836,2020-02-07,0.0372389434079335
1837,2020-02-08,0.0370083457489829
1838,2020-02-09,0.0372238199056196
1839,2020-02-10,0.0370326407933062
1840,2020-02-11,0.0373046858827095
1841,2020-02-12,0.0374062505858731
1842,2020-02-13,0.037355272753223
1843,2020-02-14,0.0375248437388607
1844,2020-02-15,0.0380929171928732
1845,2020-02-16,0.0382029892795949
1846,2020-02-17,0.037853016437976
1847,2020-02-18,0.0368657790397793
1848,2020-02-19,0.0371993381982326
1849,2020-02-20,0.0370915975224219
1850,2020-02-21,0.0371297914936686
1851,2020-02-22,0.0367552776144302
1852,2020-02-23,0.037403566749257
1853,2020-02-24,0.0413997965182828
1854,2020-02-25,0.0411944402997316
1855,2020-02-26,0.0428129183287651
1856,2020-02-27,0.0430183286341571
1857,2020-02-28,0.0429976967008649
1858,2020-02-29,0.0430910530563431
1859,2020-03-01,0.0428539914970194
1860,2020-03-02,0.0430039483499918
1861,2020-03-03,0.0428534172103052
1862,2020-03-04,0.0427879469038061
1863,2020-03-05,0.0425011968876263
1864,2020-03-06,0.0423099113480006
1865,2020-03-07,0.0424402085227098
1866,2020-03-08,0.044403179860307
1867,2020-03-09,0.0437655354414909
1868,2020-03-10,0.0439063037378735
1869,2020-03-11,0.0440166050829443
1870,2020-03-12,0.0509553665847382
1871,2020-03-13,0.05081222604985
1872,2020-03-14,0.0508829019948164
1873,2020-03-15,0.0508748094786368
1874,2020-03-16,0.0510308206442636
1875,2020-03-17,0.0510442190430839
1876,2020-03-18,0.0507366122799057
1877,2020-03-19,0.0509009249116364
1878,2020-03-20,0.0507972531185044
1879,2020-03-21,0.0511493298445169
1880,2020-03-22,0.0511085573739789
1881,2020-03-23,0.051201618973955
1882,2020-03-24,0.0512178182159678
1883,2020-03-25,0.0511350456781282
1884,2020-03-26,0.0511939168067854
1885,2020-03-27,0.0516802308435245
1886,2020-03-28,0.0516768494161008
1887,2020-03-29,0.0517381077691146
1888,2020-03-30,0.0517618131452637
1889,2020-03-31,0.0518196501059572
1890,2020-04-01,0.0517775274497688
1891,2020-04-02,0.0517901577959992
1892,2020-04-03,0.0518199375928268
1893,2020-04-04,0.0518381193185788
1894,2020-04-05,0.0518235717781922
1895,2020-04-06,0.051939818760494
1896,2020-04-07,0.0519319270847331
1897,2020-04-08,0.0519121433068883
1898,2020-04-09,0.0519424849424319
1899,2020-04-10,0.0519757621631986
1900,2020-04-11,0.0521217061249634
1901,2020-04-12,0.0521668675212175
1902,2020-04-13,0.051285721707802
1903,2020-04-14,0.0512755347999766
1904,2020-04-15,0.0512320727945976
1905,2020-04-16,0.0513856704011645
1906,2020-04-17,0.0513915698779786
1907,2020-04-18,0.0515660949788757
1908,2020-04-19,0.0516994860727425
1909,2020-04-20,0.051953866783647
1910,2020-04-21,0.0519557780824771
1911,2020-04-22,0.052137769863114
1912,2020-04-23,0.05211660279444
1913,2020-04-24,0.0521634918835407
1914,2020-04-25,0.0522214130459974
1915,2020-04-26,0.0522514500802212
1916,2020-04-27,0.0521157016976186
1917,2020-04-28,0.0520925463411375
1918,2020-04-29,0.0524571471866939
1919,2020-04-30,0.055119821755259
1920,2020-05-01,0.0548228237669326
1921,2020-05-02,0.0548446707927693
1922,2020-05-03,0.0549285037867281
1923,2020-05-04,0.0549626654522175
1924,2020-05-05,0.0546253450355957
1925,2020-05-06,0.0547284729001154
1926,2020-05-07,0.0550886457715454
1927,2020-05-08,0.13098970315168
1928,2020-05-09,0.122816430562534
1929,2020-05-10,0.104103951518849
1930,2020-05-11,0.1071380270423
1931,2020-05-12,0.106383360573602
1932,2020-05-13,0.107584791910636
1933,2020-05-14,0.123628452467645
1934,2020-05-15,0.123969142627935
1935,2020-05-16,0.125744678476487
1936,2020-05-17,0.126640017807734
1937,2020-05-18,0.129908873695643
1938,2020-05-19,0.127573469505017
1939,2020-05-20,0.127603260539943
1940,2020-05-21,0.126099698407999
1941,2020-05-22,0.130216205763442
1942,2020-05-23,0.132518294287127
1943,2020-05-24,0.134300587252101
1944,2020-05-25,0.1344157905142
1945,2020-05-26,0.136165203398545
1946,2020-05-27,0.135982052005536
1947,2020-05-28,0.135793736846847
1948,2020-05-29,0.135814196099854
1949,2020-05-30,0.136741451591243
1950,2020-05-31,0.139121149116535
1951,2020-06-01,0.137761219713951
1952,2020-06-02,0.139139465396847
1953,2020-06-03,0.138829401176644
1954,2020-06-04,0.139387859800733
1955,2020-06-05,0.140131287195038
1956,2020-06-06,0.139367214750671
1957,2020-06-07,0.13960728398025
1958,2020-06-08,0.138424137168293
1959,2020-06-09,0.139282510468336
1960,2020-06-10,0.141455487877662
1961,2020-06-11,0.14210243997466
1962,2020-06-12,0.150704638903551
1963,2020-06-13,0.152220752805841
1964,2020-06-14,0.154743120694507
1965,2020-06-15,0.157821437597196
1966,2020-06-16,0.157578952236304
1967,2020-06-17,0.159364895998598
1968,2020-06-18,0.156465395326976
1969,2020-06-19,0.157126574800231
1970,2020-06-20,0.157055643324306
1971,2020-06-21,0.158554601228706
1972,2020-06-22,0.162157726768926
1973,2020-06-23,0.162404110791259
1974,2020-06-24,0.160551484077528
1975,2020-06-25,0.161092042248686
1976,2020-06-26,0.160181183483327
1977,2020-06-27,0.159195235012861
1978,2020-06-28,0.159763642013619
1979,2020-06-29,0.161490689455914
1980,2020-06-30,0.157127413304899
1981,2020-07-01,0.15132302770467
1982,2020-07-02,0.153801686572567
1983,2020-07-03,0.152835374041584
1984,2020-07-04,0.151073734209681
1985,2020-07-05,0.160249147170757
1986,2020-07-06,0.160029704296938
1987,2020-07-07,0.157809623439033
1988,2020-07-08,0.137421852771951
1989,2020-07-09,0.139571960854789
1990,2020-07-10,0.139431702829747
1991,2020-07-11,0.137495599536041
1992,2020-07-12,0.139069432605686
1993,2020-07-13,0.138281223515858
1994,2020-07-14,0.137633768574588
1995,2020-07-15,0.136594806446073
1996,2020-07-16,0.135665683147984
1997,2020-07-17,0.134616492401409
1998,2020-07-18,0.134774056066776
1999,2020-07-19,0.134515890375396
2000,2020-07-20,0.137682604179789
2001,2020-07-21,0.136987234056139
2002,2020-07-22,0.133999205115937
2003,2020-07-23,0.135439588712148
2004,2020-07-24,0.134417514536895
2005,2020-07-25,0.134011074981761
2006,2020-07-26,0.133085792851621
2007,2020-07-27,0.132594707146878
2008,2020-07-28,0.131392284591674
2009,2020-07-29,0.131544130085061
2010,2020-07-30,0.131372693363096
2011,2020-07-31,0.131712272037676
2012,2020-08-01,0.131587284604994
2013,2020-08-02,0.131703656242221
2014,2020-08-03,0.130963163899354
2015,2020-08-04,0.130780989281134
2016,2020-08-05,0.130760437879715
2017,2020-08-06,0.129810759558039
2018,2020-08-07,0.130024266525081
2019,2020-08-08,0.13004572662257
2020,2020-08-09,0.130747888903791
2021,2020-08-10,0.130584257648844
2022,2020-08-11,0.131225613730045
2023,2020-08-12,0.132918585965846
2024,2020-08-13,0.133487659797529
2025,2020-08-14,0.126721495769562
2026,2020-08-15,0.126303821808059
2027,2020-08-16,0.126867651597265
2028,2020-08-17,0.126483505357284
2029,2020-08-18,0.126136238068411
2030,2020-08-19,0.126211167096895
2031,2020-08-20,0.127904797618708
2032,2020-08-21,0.129033901519407
2033,2020-08-22,0.131546013427331
2034,2020-08-23,0.134605759984476
2035,2020-08-24,0.132576824704825
2036,2020-08-25,0.132518821232805
2037,2020-08-26,0.135891708191321
2038,2020-08-27,0.135493873229829
2039,2020-08-28,0.136049090652977
2040,2020-08-29,0.136875276531339
2041,2020-08-30,0.135048111221112
2042,2020-08-31,0.135103732271125
2043,2020-09-01,0.135389200196811
2044,2020-09-02,0.135415620818103
2045,2020-09-03,0.138407896431237
2046,2020-09-04,0.160191125184614
2047,2020-09-05,0.163136139223467
2048,2020-09-06,0.166999475530415
2049,2020-09-07,0.167631636815964
2050,2020-09-08,0.167061104065551
2051,2020-09-09,0.166956193024285
2052,2020-09-10,0.166666094058222
2053,2020-09-11,0.166999098574871
2054,2020-09-12,0.171195618704188
2055,2020-09-13,0.170484762294389
2056,2020-09-14,0.171102738647947
2057,2020-09-15,0.17183583298005
2058,2020-09-16,0.171089197946692
2059,2020-09-17,0.170786974701975
2060,2020-09-18,0.171029855336242
2061,2020-09-19,0.173867021222008
2062,2020-09-20,0.170973518233649
2063,2020-09-21,0.171256684509711
2064,2020-09-22,0.176117149691011
2065,2020-09-23,0.17624530692798
2066,2020-09-24,0.177894619272764
2067,2020-09-25,0.178646690837683
2068,2020-09-26,0.179018759129178
2069,2020-09-27,0.179625492002542
2070,2020-09-28,0.179727416360798
2071,2020-09-29,0.180500225391388
2072,2020-09-30,0.180459941079175
2073,2020-10-01,0.180748880639467
2074,2020-10-02,0.180457810592299
2075,2020-10-03,0.180888608506906
2076,2020-10-04,0.180545847827991
2077,2020-10-05,0.18419980961606
2078,2020-10-06,0.184164294295667
2079,2020-10-07,0.187136867239888
2080,2020-10-08,0.185487256648623
2081,2020-10-09,0.185572768582992
2082,2020-10-10,0.186063704996612
2083,2020-10-11,0.185547913727781
2084,2020-10-12,0.185940327342776
2085,2020-10-13,0.185384676706476
2086,2020-10-14,0.185396677482519
2087,2020-10-15,0.184978614271518
2088,2020-10-16,0.185082951132843
2089,2020-10-17,0.185952696999468
2090,2020-10-18,0.185355602147493
2091,2020-10-19,0.184555477152817
2092,2020-10-20,0.184854037839459
2093,2020-10-21,0.186393020885941
2094,2020-10-22,0.187227763218564
2095,2020-10-23,0.18702292966925
2096,2020-10-24,0.188324195777385
2097,2020-10-25,0.187954386475738
2098,2020-10-26,0.188325213142477
2099,2020-10-27,0.188316268388515
2100,2020-10-28,0.18895855839792
2101,2020-10-29,0.18901351607674
2102,2020-10-30,0.189505997427751
2103,2020-10-31,0.188788796481647
2104,2020-11-01,0.189686307070697
2105,2020-11-02,0.189535757007689
2106,2020-11-03,0.189443854936906
2107,2020-11-04,0.18918930489633
2108,2020-11-05,0.189885747140233
2109,2020-11-06,0.18192667414262
2110,2020-11-07,0.184147878903171
2111,2020-11-08,0.178403683712185
2112,2020-11-09,0.178086985535394
2113,2020-11-10,0.178280262455723
2114,2020-11-11,0.179693918230635
2115,2020-11-12,0.177949627680751
2116,2020-11-13,0.177406421477574
2117,2020-11-14,0.17823375708029
2118,2020-11-15,0.177684544405868
2119,2020-11-16,0.176545030396057
2120,2020-11-17,0.182346804735019
2121,2020-11-18,0.184950629252805
2122,2020-11-19,0.185455396603609
2123,2020-11-20,0.184451093946145
2124,2020-11-21,0.18543626272868
2125,2020-11-22,0.188151968354971
2126,2020-11-23,0.187342214529963
2127,2020-11-24,0.181957024097267
2128,2020-11-25,0.182344802620269
2129,2020-11-26,0.178583239292551
2130,2020-11-27,0.186415660783814
2131,2020-11-28,0.186027906602251
2132,2020-11-29,0.186716185664484
2133,2020-11-30,0.18745316505485
2134,2020-12-01,0.188096749822179
2135,2020-12-02,0.187234222778824
2136,2020-12-03,0.189017664263697
2137,2020-12-04,0.190148622061832
2138,2020-12-05,0.191538102506022
2139,2020-12-06,0.192761528765128
2140,2020-12-07,0.192725828987845
2141,2020-12-08,0.193073769892037
2142,2020-12-09,0.196764952715006
2143,2020-12-10,0.19756175944206
2144,2020-12-11,0.197023248670943
2145,2020-12-12,0.196482980308428
2146,2020-12-13,0.198183772402799
2147,2020-12-14,0.198255639880415
2148,2020-12-15,0.19878313952246
2149,2020-12-16,0.198976920902463
2150,2020-12-17,0.200086529699637
2151,2020-12-18,0.200440600020437
2152,2020-12-19,0.205119812669555
2153,2020-12-20,0.206295681846494
2154,2020-12-21,0.207026956311901
2155,2020-12-22,0.206651343704273
2156,2020-12-23,0.206544920338499
2157,2020-12-24,0.211116195150722
2158,2020-12-25,0.212459824858547
2159,2020-12-26,0.211927382977428
2160,2020-12-27,0.2117936642439
2161,2020-12-28,0.209905971223456
2162,2020-12-29,0.210868838439448
2163,2020-12-30,0.210541376942626
2164,2020-12-31,0.209848522086223
2165,2021-01-01,0.210444950570958
2166,2021-01-02,0.209308491771909
2167,2021-01-03,0.208537036325096
2168,2021-01-04,0.207731121064852
2169,2021-01-05,0.205548337915978
2170,2021-01-06,0.207021293182442
2171,2021-01-07,0.207942900667783
2172,2021-01-08,0.210578233885698
2173,2021-01-09,0.20961854856357
2174,2021-01-10,0.208278522303073
2175,2021-01-11,0.206337294416968
2176,2021-01-12,0.210786138632842
2177,2021-01-13,0.208727816577458
2178,2021-01-14,0.21132441318684
2179,2021-01-15,0.211539870368303
2180,2021-01-16,0.210198103224424
2181,2021-01-17,0.209959396508444
2182,2021-01-18,0.209730815843227
2183,2021-01-19,0.211136544320255
2184,2021-01-20,0.210406664036716
2185,2021-01-21,0.211109032461516
2186,2021-01-22,0.222074231748115
2187,2021-01-23,0.226527293564986
2188,2021-01-24,0.225666206129412
2189,2021-01-25,0.225392789594957
2190,2021-01-26,0.222631795602712
2191,2021-01-27,0.222972410728685
2192,2021-01-28,0.224469044226799
2193,2021-01-29,0.226700032831101
2194,2021-01-30,0.223261880980901
2195,2021-01-31,0.220828228715874
2196,2021-02-01,0.220704414789982
2197,2021-02-02,0.219706981989514
2198,2021-02-03,0.219508504347596
2199,2021-02-04,0.219729969761889
2200,2021-02-05,0.219857268802487
2201,2021-02-06,0.219798110254877
2202,2021-02-07,0.218892993028416
2203,2021-02-08,0.217682850583023
2204,2021-02-09,0.219080381153382
2205,2021-02-10,0.218883701592904
2206,2021-02-11,0.217976349849665
2207,2021-02-12,0.21757381675855
2208,2021-02-13,0.217653820607748
2209,2021-02-14,0.217304452048838
2210,2021-02-15,0.217403793192408
2211,2021-02-16,0.216954346274037
2212,2021-02-17,0.217065913679526
2213,2021-02-18,0.217519909697099
2214,2021-02-19,0.218149819219909
2215,2021-02-20,0.218479145243024
2216,2021-02-21,0.216208878737056
2217,2021-02-22,0.21682906297703
2218,2021-02-23,0.217366116762517
2219,2021-02-24,0.219377134071398
2220,2021-02-25,0.247768900330829
2221,2021-02-26,0.241467387948816
2222,2021-02-27,0.239065672954725
2223,2021-02-28,0.237443875462938
2224,2021-03-01,0.239582425304184
2225,2021-03-02,0.242946768441
2226,2021-03-03,0.242492208523438
2227,2021-03-04,0.244541421898962
2228,2021-03-05,0.245625667902373
2229,2021-03-06,0.244814725719651
2230,2021-03-07,0.245195980320785
2231,2021-03-08,0.246358951936116
2232,2021-03-09,0.249783056895398
2233,2021-03-10,0.24966342198244
2234,2021-03-11,0.250445889022128
2235,2021-03-12,0.25193762102958
2236,2021-03-13,0.251861329215038
2237,2021-03-14,0.251869710197246
2238,2021-03-15,0.252777966505312
2239,2021-03-16,0.24950800404456
2240,2021-03-17,0.248881649333733
2241,2021-03-18,0.24842851978488
2242,2021-03-19,0.248148770607171
2243,2021-03-20,0.248626596355656
2244,2021-03-21,0.247819361769629
2245,2021-03-22,0.248443127605374
2246,2021-03-23,0.248515174802839
2247,2021-03-24,0.24875046586411
2248,2021-03-25,0.248451367970845
2249,2021-03-26,0.239014764544261
2250,2021-03-27,0.238780595208407
2251,2021-03-28,0.239033813724431
2252,2021-03-29,0.23864387887003
2253,2021-03-30,0.23994962825876
2254,2021-03-31,0.239692302561656
2255,2021-04-01,0.238032087379877
2256,2021-04-02,0.236204342649813
2257,2021-04-03,0.23572243030407
2258,2021-04-04,0.23735075932335
2259,2021-04-05,0.243295779554104
2260,2021-04-06,0.239415772882247
2261,2021-04-07,0.237604394955006
2262,2021-04-08,0.23923684895422
2263,2021-04-09,0.239889842753671
2264,2021-04-10,0.237475874432366
2265,2021-04-11,0.237452745361193
2266,2021-04-12,0.2386871899727
2267,2021-04-13,0.235831331817831
2268,2021-04-14,0.23435682350487
2269,2021-04-15,0.234915541790213
2270,2021-04-16,0.234164679890677
2271,2021-04-17,0.232950358581411
2272,2021-04-18,0.231476441970448
2273,2021-04-19,0.234183051279998
2274,2021-04-20,0.235224701574043
2275,2021-04-21,0.234287263367936
2276,2021-04-22,0.231651303546501
2277,2021-04-23,0.227631042189837
2278,2021-04-24,0.224887641728037
2279,2021-04-25,0.232029146853456
2280,2021-04-26,0.231878996758336
2281,2021-04-27,0.203820184730282
2282,2021-04-28,0.20158988369765
2283,2021-04-29,0.200913490823126
2284,2021-04-30,0.197785868960241
2285,2021-05-01,0.199104454348109
2286,2021-05-02,0.199703987750724
2287,2021-05-03,0.199115682285584
2288,2021-05-04,0.197701881835997
2289,2021-05-05,0.203234742260185
2290,2021-05-06,0.205586139186498
2291,2021-05-07,0.205473600999283
2292,2021-05-08,0.205110694119626
2293,2021-05-09,0.204711459080349
2294,2021-05-10,0.204224910229084
2295,2021-05-11,0.20561820207791
2296,2021-05-12,0.206007591449438
2297,2021-05-13,0.212725115338581
2298,2021-05-14,0.211334987318184
2299,2021-05-15,0.212543503910709
2300,2021-05-16,0.214377816308853
2301,2021-05-17,0.2142580657638
2302,2021-05-18,0.216316434501901
2303,2021-05-19,0.216160017912526
2304,2021-05-20,0.258002047109932
2305,2021-05-21,0.258846638987451
2306,2021-05-22,0.259730133529416
2307,2021-05-23,0.260063996102534
2308,2021-05-24,0.260280825305387
2309,2021-05-25,0.260571719756739
2310,2021-05-26,0.260729544879481
2311,2021-05-27,0.288165723603456
2312,2021-05-28,0.277768899804158
2313,2021-05-29,0.277746356596466
2314,2021-05-30,0.276362842673012
2315,2021-05-31,0.276935300649351
2316,2021-06-01,0.278076601179844
2317,2021-06-02,0.278383915117839
2318,2021-06-03,0.277816133086107
2319,2021-06-04,0.275990542972988
2320,2021-06-05,0.281717315952807
2321,2021-06-06,0.280769721059372
2322,2021-06-07,0.279364016195542
2323,2021-06-08,0.282933670362008
2324,2021-06-09,0.284146725053413
2325,2021-06-10,0.285787931259061
2326,2021-06-11,0.285341645342707
2327,2021-06-12,0.285820489277283
2328,2021-06-13,0.286331085558806
2329,2021-06-14,0.287375613436738
2330,2021-06-15,0.287644850213901
2331,2021-06-16,0.287551304401447
2332,2021-06-17,0.289526568350642
2333,2021-06-18,0.289045890132209
2334,2021-06-19,0.293511961925673
2335,2021-06-20,0.294275088599696
2336,2021-06-21,0.295896159410677
2337,2021-06-22,0.298510350714429
2338,2021-06-23,0.299630084341055
2339,2021-06-24,0.300667600805662
2340,2021-06-25,0.303044569267262
2341,2021-06-26,0.304284822735179
2342,2021-06-27,0.304830760757661
2343,2021-06-28,0.305304935350538
2344,2021-06-29,0.305112633314492
2345,2021-06-30,0.304724581550803
2346,2021-07-01,0.304972673788227
2347,2021-07-02,0.3050895033588
2348,2021-07-03,0.305791831786143
2349,2021-07-04,0.306932258274781
2350,2021-07-05,0.306960457384034
2351,2021-07-06,0.307360152345106
2352,2021-07-07,0.30803816461643
2353,2021-07-08,0.306262480949482
2354,2021-07-09,0.306091144047927
2355,2021-07-10,0.306901162053523
2356,2021-07-11,0.328086281282617
2357,2021-07-12,0.324627678131799
2358,2021-07-13,0.321185483627479
2359,2021-07-14,0.322304139328141
2360,2021-07-15,0.326071723579789
2361,2021-07-16,0.32433782027271
2362,2021-07-17,0.325204501252817
2363,2021-07-18,0.328043503320898
2364,2021-07-19,0.327745005521104
2365,2021-07-20,0.332241772510338
2366,2021-07-21,0.33426065972637
2367,2021-07-22,0.31012827361119
2368,2021-07-23,0.30726795291885
2369,2021-07-24,0.306238618875663
2370,2021-07-25,0.309012555321882
2371,2021-07-26,0.32682089382912
2372,2021-07-27,0.287905277806729
2373,2021-07-28,0.28817550177444
2374,2021-07-29,0.288333669970916
2375,2021-07-30,0.289718993658596
2376,2021-07-31,0.293207613348526
2377,2021-08-01,0.293775241275023
2378,2021-08-02,0.292822053620482
2379,2021-08-03,0.291503289995286
2380,2021-08-04,0.29140773121142
2381,2021-08-05,0.291285896403692
2382,2021-08-06,0.292495229022959
2383,2021-08-07,0.293798757416505
2384,2021-08-08,0.293379141227788
2385,2021-08-09,0.29309448919406
2386,2021-08-10,0.290751989087891
2387,2021-08-11,0.292442037161769
2388,2021-08-12,0.291066075025077
2389,2021-08-13,0.292983904738491
2390,2021-08-14,0.292332283733563
2391,2021-08-15,0.292035712411707
2392,2021-08-16,0.292166369297874
2393,2021-08-17,0.291172508144788
2394,2021-08-18,0.289664148918711
2395,2021-08-19,0.290065304560933
2396,2021-08-20,0.291561739668581
2397,2021-08-21,0.291086063398493
2398,2021-08-22,0.290692855831485
2399,2021-08-23,0.285968994563496
2400,2021-08-24,0.276081444438081
2401,2021-08-25,0.275646388408199
2402,2021-08-26,0.274727403629905
2403,2021-08-27,0.274623763659685
2404,2021-08-28,0.274573225953992
2405,2021-08-29,0.275439553006364
2406,2021-08-30,0.272225344273127
2407,2021-08-31,0.268179524460637
2408,2021-09-01,0.268476338903766
2409,2021-09-02,0.269516980927936
2410,2021-09-03,0.270206272672553
2411,2021-09-04,0.267803815769041
2412,2021-09-05,0.267649339009618
2413,2021-09-06,0.267186288264993
2414,2021-09-07,0.264386335373262
2415,2021-09-08,0.270321167238332
2416,2021-09-09,0.277987093961613
2417,2021-09-10,0.244366944197618
2418,2021-09-11,0.244014784461144
2419,2021-09-12,0.244082651987995
2420,2021-09-13,0.244003311731583
2421,2021-09-14,0.243455541420273
2422,2021-09-15,0.243729365455241
2423,2021-09-16,0.24380360734459
2424,2021-09-17,0.24303595089276
2425,2021-09-18,0.242221805168855
2426,2021-09-19,0.241840507416674
2427,2021-09-20,0.251758551468091
2428,2021-09-21,0.248262351451016
2429,2021-09-22,0.246776040534012
2430,2021-09-23,0.248681392865552
2431,2021-09-24,0.249144449281671
2432,2021-09-25,0.247390104648769
2433,2021-09-26,0.246777450806221
2434,2021-09-27,0.246012545600546
2435,2021-09-28,0.238931701666176
2436,2021-09-29,0.255529857373151
2437,2021-09-30,0.256021285568517
2438,2021-10-01,0.256791182747176
2439,2021-10-02,0.255148154174801
2440,2021-10-03,0.253930167258912
2441,2021-10-04,0.250803437110381
2442,2021-10-05,0.252836249272372
2443,2021-10-06,0.252363901843365
2444,2021-10-07,0.250983991714639
2445,2021-10-08,0.25019654108154
2446,2021-10-09,0.248229726442433
2447,2021-10-10,0.24542263514819
2448,2021-10-11,0.245483437608482
2449,2021-10-12,0.244098105754972
2450,2021-10-13,0.244210148275303
2451,2021-10-14,0.244979421357185
2452,2021-10-15,0.244685063208606
2453,2021-10-16,0.244663575578718
2454,2021-10-17,0.244733220234806
2455,2021-10-18,0.244554989680968
2456,2021-10-19,0.24572731802459
2457,2021-10-20,0.246164534567427
2458,2021-10-21,0.244771572473737
2459,2021-10-22,0.244778180256832
2460,2021-10-23,0.244487026608748
2461,2021-10-24,0.244434078697948
2462,2021-10-25,0.244956043948451
2463,2021-10-26,0.245405166764482
2464,2021-10-27,0.237952031357629
2465,2021-10-28,0.239167725049952
2466,2021-10-29,0.239567358216678
2467,2021-10-30,0.23901729948628
2468,2021-10-31,0.239225002972158
2469,2021-11-01,0.24018370800312
2470,2021-11-02,0.241114307560598
2471,2021-11-03,0.241285556327406
2472,2021-11-04,0.241482280037721
2473,2021-11-05,0.240813252347053
2474,2021-11-06,0.240133405330818
2475,2021-11-07,0.240670012819838
2476,2021-11-08,0.24067487343685
2477,2021-11-09,0.2412608246207
2478,2021-11-10,0.226391710661922
2479,2021-11-11,0.225916843355955
2480,2021-11-12,0.226550135181448
2481,2021-11-13,0.227446131259898
2482,2021-11-14,0.228318096938084
2483,2021-11-15,0.229224270395469
2484,2021-11-16,0.225880131141814
2485,2021-11-17,0.225909070426031
2486,2021-11-18,0.229323104408503
2487,2021-11-19,0.233349902559347
2488,2021-11-20,0.235671365258707
2489,2021-11-21,0.236423750436507
2490,2021-11-22,0.185107048819707
2491,2021-11-23,0.175281983943874
2492,2021-11-24,0.179570251104865
2493,2021-11-25,0.172121054855077
2494,2021-11-26,0.170511156891509
2495,2021-11-27,0.159150268704163
2496,2021-11-28,0.213992468277355
2497,2021-11-29,0.0287001060376083
2498,2021-11-30,0.0287763241857333
2499,2021-12-01,0.0287131976689121
2500,2021-12-02,0.0286329311188691
2501,2021-12-03,0.0286477586633402
2502,2021-12-04,0.0294065707362159
2503,2021-12-05,0.0293699062089694
2504,2021-12-06,0.0294327881770842
2505,2021-12-07,0.029306743665183
2506,2021-12-08,0.0292983089587382
2507,2021-12-09,0.0295991696502762
2508,2021-12-10,0.029510237805828
2509,2021-12-11,0.0295982150674577
2510,2021-12-12,0.0296260857491185
2511,2021-12-13,0.0299877227187537
2512,2021-12-14,0.0300809680700416
2513,2021-12-15,0.0300341759543942
2514,2021-12-16,0.0299839127176118
2515,2021-12-17,0.0298351350501325
2516,2021-12-18,0.0298298794725346
2517,2021-12-19,0.0298173949163135
2518,2021-12-20,0.0296762745326514
2519,2021-12-21,0.029614130765944
2520,2021-12-22,0.0294930059652247
2521,2021-12-23,0.0297980820153648
2522,2021-12-24,0.0297204059180734
2523,2021-12-25,0.0297269207332996
2524,2021-12-26,0.0297787944161679
2525,2021-12-27,0.0297183963802953
2526,2021-12-28,0.0300927505908564
2527,2021-12-29,0.029281406694936
2528,2021-12-30,0.0291247494038131
2529,2021-12-31,0.0289869544584047
2530,2022-01-01,0.0291280980152564
2531,2022-01-02,0.0292378243370333
2532,2022-01-03,0.0292179946544376
2533,2022-01-04,0.0289505409479921
2534,2022-01-05,0.029104824357633
2535,2022-01-06,0.0293504061373788
2536,2022-01-07,0.0293614002344272
2537,2022-01-08,0.0293372878153337
2538,2022-01-09,0.0292302347206935
2539,2022-01-10,0.0290296516992426
2540,2022-01-11,0.0291319282080289
2541,2022-01-12,0.028734757929278
2542,2022-01-13,0.0286063249836675
2543,2022-01-14,0.0290402010218066
2544,2022-01-15,0.0290154181848377
2545,2022-01-16,0.0289889600070202
2546,2022-01-17,0.0289547021049757
2547,2022-01-18,0.0288321678825939
2548,2022-01-19,0.0287539185229553
2549,2022-01-20,0.0287718428809305
2550,2022-01-21,0.0296356617918924
2551,2022-01-22,0.0295424797508604
2552,2022-01-23,0.0296341034428144
2553,2022-01-24,0.0296657662241148
2554,2022-01-25,0.0296091489975478
2555,2022-01-26,0.0296548760321749
2556,2022-01-27,0.0296416041359332
2557,2022-01-28,0.0293561356094817
2558,2022-01-29,0.0293606628316344
2559,2022-01-30,0.0293306239354141
2560,2022-01-31,0.029340273714041
2561,2022-02-01,0.0295084364613035
2562,2022-02-02,0.0294102866104201
2563,2022-02-03,0.0294483839793211
2564,2022-02-04,0.0295246229039775
2565,2022-02-05,0.0292833772064395
2566,2022-02-06,0.0293894027007264
2567,2022-02-07,0.0294140907039212
2568,2022-02-08,0.0293947863535903
2569,2022-02-09,0.029346353893288
2570,2022-02-10,0.0291013465055679
2571,2022-02-11,0.0292618012919231
2572,2022-02-12,0.0291810204514935
2573,2022-02-13,0.0290875062211897
2574,2022-02-14,0.02838394731978
2575,2022-02-15,0.0283921994872952
2576,2022-02-16,0.0283667187551021
2577,2022-02-17,0.0288520788655689
2578,2022-02-18,0.028891728862893
2579,2022-02-19,0.028861992764667
2580,2022-02-20,0.0289972412572387
2581,2022-02-21,0.0293002323832899
2582,2022-02-22,0.0292754314166424
2583,2022-02-23,0.0292622502183437
2584,2022-02-24,0.02906098414979
2585,2022-02-25,0.0293326511827388
2586,2022-02-26,0.0293041106845781
2587,2022-02-27,0.0292837491378665
2588,2022-02-28,0.0293966342784818
2589,2022-03-01,0.0293362635951397
2590,2022-03-02,0.0295928474895963
2591,2022-03-03,0.0295721144419626
2592,2022-03-04,0.0299015790095334
2593,2022-03-05,0.0298800380550132
2594,2022-03-06,0.0299209119143447
2595,2022-03-07,0.0299186328888793
2596,2022-03-08,0.0300612854972425
2597,2022-03-09,0.0299640316023341
2598,2022-03-10,0.0299386135637171
2599,2022-03-11,0.0298454616229228
2600,2022-03-12,0.029918598428361
2601,2022-03-13,0.0298680602596353
2602,2022-03-14,0.0299459984498012
2603,2022-03-15,0.0298310224730772
2604,2022-03-16,0.0298302417210973
2605,2022-03-17,0.029930611459423
2606,2022-03-18,0.0299130119287947
2607,2022-03-19,0.0299909609316463
2608,2022-03-20,0.0299184863352796
2609,2022-03-21,0.029992424435858
2610,2022-03-22,0.0301729257943983
2611,2022-03-23,0.0301038893269128
2612,2022-03-24,0.0300970569890516
2613,2022-03-25,0.028753835997339
2614,2022-03-26,0.0286051123363561
2615,2022-03-27,0.0285764471451575
2616,2022-03-28,0.0283972150907736
2617,2022-03-29,0.0285087669606983
2618,2022-03-30,0.0285778929228917
2619,2022-03-31,0.0285990477782386
2620,2022-04-01,0.0286058357798892
2621,2022-04-02,0.0285159528141568
2622,2022-04-03,0.0285986686020788
2623,2022-04-04,0.028468453164115
2624,2022-04-05,0.0284310557345745
2625,2022-04-06,0.0292523714195487
2626,2022-04-07,0.029275257669652
2627,2022-04-08,0.0690204983839908
2628,2022-04-09,0.062914660290382
2629,2022-04-10,0.0627918875792325
2630,2022-04-11,0.0927632886389085
2631,2022-04-12,0.0913951069809815
2632,2022-04-13,0.0907622479494133
2633,2022-04-14,0.0912737005162515
2634,2022-04-15,0.091773690844664
2635,2022-04-16,0.0915393845277168
2636,2022-04-17,0.0917584975229964
2637,2022-04-18,0.0910706695198516
2638,2022-04-19,0.0910639479516368
2639,2022-04-20,0.0909073581605895
2640,2022-04-21,0.0917424503933712
2641,2022-04-22,0.0919521703159476
2642,2022-04-23,0.0919397152273105
2643,2022-04-24,0.0925071140027036
2644,2022-04-25,0.093284964690977
2645,2022-04-26,0.0971725506980702
2646,2022-04-27,0.0973797345197833
2647,2022-04-28,0.0979232420201161
2648,2022-04-29,0.0994113787647799
2649,2022-04-30,0.0985065679484998
2650,2022-05-01,0.098311642966735
2651,2022-05-02,0.0976588134469357
2652,2022-05-03,0.0974280360088869
2653,2022-05-04,0.0978793153455984
2654,2022-05-05,0.102872861010377
2655,2022-05-06,0.104388220296481
2656,2022-05-07,0.103958677543453
2657,2022-05-08,0.104266037267773
2658,2022-05-09,0.11365002306921
2659,2022-05-10,0.111592801365343
2660,2022-05-11,0.119611831114639
